"batchId","measurementId","sampleId","repeat","measuredAt","product","polymerGrade","solvent","polymerMass","solventMass","concentration","manufacturingTemperature","mixingRpm","mixingMinutes","additionOrder","uniformity","uniformityMethod","storageTemperature","ageHours","sampleTemperature","thermalEquilibrium","bubbleState","preMixing","restMinutes","deviceId","deviceModel","spindle","vessel","sampleVolume","immersion","calibrationStatus","standardCheck","levelCheck","zeroCheck","rpm","elapsedSeconds","torquePercent","viscosity","unit","sourceNote"
"PA-001","PA-001-M1","PA-001-S1","1","2026-09-01T01:01:00Z","POLY-A","DEMO-P1 (가상)","정제수 (가상 기록)","10","990","1","40","300","20","물 → 고분자, 가상 절차","육안 덩어리 미관찰","육안; 위치별 농도 분석 미실시","23","2","25","완료","육안 미관찰","추가 교반 없음","30","DEMO-V01","DEMO 회전식 점도계","DEMO-S1","DEMO-600","400","표시 준수","유효 기록 확인","적합 기록 확인","완료","완료","60","60","54","1207","mPa·s","합성 데이터; 물성 예측 아님; seed=20261002"
"PA-001","PA-001-M2","PA-001-S2","2","2026-09-01T01:02:00Z","POLY-A","DEMO-P1 (가상)","정제수 (가상 기록)","10","990","1","40","300","20","물 → 고분자, 가상 절차","육안 덩어리 미관찰","육안; 위치별 농도 분석 미실시","23","2","25","완료","육안 미관찰","추가 교반 없음","30","DEMO-V01","DEMO 회전식 점도계","DEMO-S1","DEMO-600","400","표시 준수","유효 기록 확인","적합 기록 확인","완료","완료","60","60","52","1210","mPa·s","합성 데이터; 물성 예측 아님; seed=20261002"
"PA-001","PA-001-M3","PA-001-S3","3","2026-09-01T01:03:00Z","POLY-A","DEMO-P1 (가상)","정제수 (가상 기록)","10","990","1","40","300","20","물 → 고분자, 가상 절차","육안 덩어리 미관찰","육안; 위치별 농도 분석 미실시","23","2","25","완료","육안 미관찰","추가 교반 없음","30","DEMO-V01","DEMO 회전식 점도계","DEMO-S1","DEMO-600","400","표시 준수","유효 기록 확인","적합 기록 확인","완료","완료","60","60","65","1208","mPa·s","합성 데이터; 물성 예측 아님; seed=20261002"
"PA-001","PA-001-M4","PA-001-S4","4","2026-09-01T01:04:00Z","POLY-A","DEMO-P1 (가상)","정제수 (가상 기록)","10","990","1","40","300","20","물 → 고분자, 가상 절차","육안 덩어리 미관찰","육안; 위치별 농도 분석 미실시","23","2","25","완료","육안 미관찰","추가 교반 없음","30","DEMO-V01","DEMO 회전식 점도계","DEMO-S1","DEMO-600","400","표시 준수","유효 기록 확인","적합 기록 확인","완료","완료","60","60","58","1221","cP","합성 데이터; 물성 예측 아님; seed=20261002"
"PA-002","PA-002-M1","PA-002-S1","1","2026-09-01T02:01:00Z","POLY-A","DEMO-P1 (가상)","정제수 (가상 기록)","10","990","1","40","300","20","물 → 고분자, 가상 절차","육안 덩어리 미관찰","육안; 위치별 농도 분석 미실시","23","2","25","완료","육안 미관찰","추가 교반 없음","30","DEMO-V01","DEMO 회전식 점도계","DEMO-S1","DEMO-600","400","표시 준수","유효 기록 확인","적합 기록 확인","완료","완료","60","60","46","1244","mPa·s","합성 데이터; 물성 예측 아님; seed=20261002"
"PA-002","PA-002-M2","PA-002-S2","2","2026-09-01T02:02:00Z","POLY-A","DEMO-P1 (가상)","정제수 (가상 기록)","10","990","1","40","300","20","물 → 고분자, 가상 절차","육안 덩어리 미관찰","육안; 위치별 농도 분석 미실시","23","2","25","완료","육안 미관찰","추가 교반 없음","30","DEMO-V01","DEMO 회전식 점도계","DEMO-S1","DEMO-600","400","표시 준수","유효 기록 확인","적합 기록 확인","완료","완료","60","60","47","1251","mPa·s","합성 데이터; 물성 예측 아님; seed=20261002"
"PA-002","PA-002-M3","PA-002-S3","3","2026-09-01T02:03:00Z","POLY-A","DEMO-P1 (가상)","정제수 (가상 기록)","10","990","1","40","300","20","물 → 고분자, 가상 절차","육안 덩어리 미관찰","육안; 위치별 농도 분석 미실시","23","2","25","완료","육안 미관찰","추가 교반 없음","30","DEMO-V01","DEMO 회전식 점도계","DEMO-S1","DEMO-600","400","표시 준수","유효 기록 확인","적합 기록 확인","완료","완료","60","60","51","1256","mPa·s","합성 데이터; 물성 예측 아님; seed=20261002"
"PA-002","PA-002-M4","PA-002-S4","4","2026-09-01T02:04:00Z","POLY-A","DEMO-P1 (가상)","정제수 (가상 기록)","10","990","1","40","300","20","물 → 고분자, 가상 절차","육안 덩어리 미관찰","육안; 위치별 농도 분석 미실시","23","2","25","완료","육안 미관찰","추가 교반 없음","30","DEMO-V01","DEMO 회전식 점도계","DEMO-S1","DEMO-600","400","표시 준수","유효 기록 확인","적합 기록 확인","완료","완료","60","60","55","1259","cP","합성 데이터; 물성 예측 아님; seed=20261002"
"PA-003","PA-003-M1","PA-003-S1","1","2026-09-01T03:01:00Z","POLY-A","DEMO-P1 (가상)","정제수 (가상 기록)","10","990","1","40","300","20","물 → 고분자, 가상 절차","육안 덩어리 미관찰","육안; 위치별 농도 분석 미실시","23","2","25","완료","육안 미관찰","추가 교반 없음","30","DEMO-V01","DEMO 회전식 점도계","DEMO-S1","DEMO-600","400","표시 준수","유효 기록 확인","적합 기록 확인","완료","완료","60","60","60","1255","mPa·s","합성 데이터; 물성 예측 아님; seed=20261002"
"PA-003","PA-003-M2","PA-003-S2","2","2026-09-01T03:02:00Z","POLY-A","DEMO-P1 (가상)","정제수 (가상 기록)","10","990","1","40","300","20","물 → 고분자, 가상 절차","육안 덩어리 미관찰","육안; 위치별 농도 분석 미실시","23","2","25","완료","육안 미관찰","추가 교반 없음","30","DEMO-V01","DEMO 회전식 점도계","DEMO-S1","DEMO-600","400","표시 준수","유효 기록 확인","적합 기록 확인","완료","완료","60","60","60","1256","mPa·s","합성 데이터; 물성 예측 아님; seed=20261002"
"PA-003","PA-003-M3","PA-003-S3","3","2026-09-01T03:03:00Z","POLY-A","DEMO-P1 (가상)","정제수 (가상 기록)","10","990","1","40","300","20","물 → 고분자, 가상 절차","육안 덩어리 미관찰","육안; 위치별 농도 분석 미실시","23","2","25","완료","육안 미관찰","추가 교반 없음","30","DEMO-V01","DEMO 회전식 점도계","DEMO-S1","DEMO-600","400","표시 준수","유효 기록 확인","적합 기록 확인","완료","완료","60","60","63","1262","mPa·s","합성 데이터; 물성 예측 아님; seed=20261002"
"PA-003","PA-003-M4","PA-003-S4","4","2026-09-01T03:04:00Z","POLY-A","DEMO-P1 (가상)","정제수 (가상 기록)","10","990","1","40","300","20","물 → 고분자, 가상 절차","육안 덩어리 미관찰","육안; 위치별 농도 분석 미실시","23","2","25","완료","육안 미관찰","추가 교반 없음","30","DEMO-V01","DEMO 회전식 점도계","DEMO-S1","DEMO-600","400","표시 준수","유효 기록 확인","적합 기록 확인","완료","완료","60","60","57","1260","cP","합성 데이터; 물성 예측 아님; seed=20261002"
"PA-004","PA-004-M1","PA-004-S1","1","2026-09-01T04:01:00Z","POLY-A","DEMO-P1 (가상)","정제수 (가상 기록)","10","990","1","40","300","20","물 → 고분자, 가상 절차","육안 덩어리 미관찰","육안; 위치별 농도 분석 미실시","23","2","25","완료","육안 미관찰","추가 교반 없음","30","DEMO-V01","DEMO 회전식 점도계","DEMO-S1","DEMO-600","400","표시 준수","유효 기록 확인","적합 기록 확인","완료","완료","60","60","52","1197","mPa·s","합성 데이터; 물성 예측 아님; seed=20261002"
"PA-004","PA-004-M2","PA-004-S2","2","2026-09-01T04:02:00Z","POLY-A","DEMO-P1 (가상)","정제수 (가상 기록)","10","990","1","40","300","20","물 → 고분자, 가상 절차","육안 덩어리 미관찰","육안; 위치별 농도 분석 미실시","23","2","25","완료","육안 미관찰","추가 교반 없음","30","DEMO-V01","DEMO 회전식 점도계","DEMO-S1","DEMO-600","400","표시 준수","유효 기록 확인","적합 기록 확인","완료","완료","60","60","53","1182","mPa·s","합성 데이터; 물성 예측 아님; seed=20261002"
"PA-004","PA-004-M3","PA-004-S3","3","2026-09-01T04:03:00Z","POLY-A","DEMO-P1 (가상)","정제수 (가상 기록)","10","990","1","40","300","20","물 → 고분자, 가상 절차","육안 덩어리 미관찰","육안; 위치별 농도 분석 미실시","23","2","25","완료","육안 미관찰","추가 교반 없음","30","DEMO-V01","DEMO 회전식 점도계","DEMO-S1","DEMO-600","400","표시 준수","유효 기록 확인","적합 기록 확인","완료","완료","60","60","50","1167","mPa·s","합성 데이터; 물성 예측 아님; seed=20261002"
"PA-004","PA-004-M4","PA-004-S4","4","2026-09-01T04:04:00Z","POLY-A","DEMO-P1 (가상)","정제수 (가상 기록)","10","990","1","40","300","20","물 → 고분자, 가상 절차","육안 덩어리 미관찰","육안; 위치별 농도 분석 미실시","23","2","25","완료","육안 미관찰","추가 교반 없음","30","DEMO-V01","DEMO 회전식 점도계","DEMO-S1","DEMO-600","400","표시 준수","유효 기록 확인","적합 기록 확인","완료","완료","60","60","65","1200","cP","합성 데이터; 물성 예측 아님; seed=20261002"
"PA-005","PA-005-M1","PA-005-S1","1","2026-09-01T05:01:00Z","POLY-A","DEMO-P1 (가상)","정제수 (가상 기록)","10","990","1","45","300","20","물 → 고분자, 가상 절차","육안 덩어리 미관찰","육안; 위치별 농도 분석 미실시","23","2","25","완료","육안 미관찰","추가 교반 없음","30","DEMO-V01","DEMO 회전식 점도계","DEMO-S1","DEMO-600","400","표시 준수","유효 기록 확인","적합 기록 확인","완료","완료","60","60","53","1299","mPa·s","합성 데이터; 물성 예측 아님; seed=20261002"
"PA-005","PA-005-M2","PA-005-S2","2","2026-09-01T05:02:00Z","POLY-A","DEMO-P1 (가상)","정제수 (가상 기록)","10","990","1","45","300","20","물 → 고분자, 가상 절차","육안 덩어리 미관찰","육안; 위치별 농도 분석 미실시","23","2","25","완료","육안 미관찰","추가 교반 없음","30","DEMO-V01","DEMO 회전식 점도계","DEMO-S1","DEMO-600","400","표시 준수","유효 기록 확인","적합 기록 확인","완료","완료","60","60","48","1311","mPa·s","합성 데이터; 물성 예측 아님; seed=20261002"
"PA-005","PA-005-M3","PA-005-S3","3","2026-09-01T05:03:00Z","POLY-A","DEMO-P1 (가상)","정제수 (가상 기록)","10","990","1","45","300","20","물 → 고분자, 가상 절차","육안 덩어리 미관찰","육안; 위치별 농도 분석 미실시","23","2","25","완료","육안 미관찰","추가 교반 없음","30","DEMO-V01","DEMO 회전식 점도계","DEMO-S1","DEMO-600","400","표시 준수","유효 기록 확인","적합 기록 확인","완료","완료","60","60","45","1302","mPa·s","합성 데이터; 물성 예측 아님; seed=20261002"
"PA-005","PA-005-M4","PA-005-S4","4","2026-09-01T05:04:00Z","POLY-A","DEMO-P1 (가상)","정제수 (가상 기록)","10","990","1","45","300","20","물 → 고분자, 가상 절차","육안 덩어리 미관찰","육안; 위치별 농도 분석 미실시","23","2","25","완료","육안 미관찰","추가 교반 없음","30","DEMO-V01","DEMO 회전식 점도계","DEMO-S1","DEMO-600","400","표시 준수","유효 기록 확인","적합 기록 확인","완료","완료","60","60","54","1314","cP","합성 데이터; 물성 예측 아님; seed=20261002"
"PA-006","PA-006-M1","PA-006-S1","1","2026-09-01T06:01:00Z","POLY-A","DEMO-P1 (가상)","정제수 (가상 기록)","10","990","1","40","300","20","물 → 고분자, 가상 절차","육안 덩어리 미관찰","육안; 위치별 농도 분석 미실시","23","2","28","완료","육안 미관찰","추가 교반 없음","30","DEMO-V01","DEMO 회전식 점도계","DEMO-S1","DEMO-600","400","표시 준수","유효 기록 확인","적합 기록 확인","완료","완료","60","60","58","1206","mPa·s","합성 데이터; 물성 예측 아님; seed=20261002"
"PA-006","PA-006-M2","PA-006-S2","2","2026-09-01T06:02:00Z","POLY-A","DEMO-P1 (가상)","정제수 (가상 기록)","10","990","1","40","300","20","물 → 고분자, 가상 절차","육안 덩어리 미관찰","육안; 위치별 농도 분석 미실시","23","2","25","완료","육안 미관찰","추가 교반 없음","30","DEMO-V01","DEMO 회전식 점도계","DEMO-S1","DEMO-600","400","표시 준수","유효 기록 확인","적합 기록 확인","완료","완료","30","60","55","1193","mPa·s","합성 데이터; 물성 예측 아님; seed=20261002"
"PA-006","PA-006-M3","PA-006-S3","3","2026-09-01T06:03:00Z","POLY-A","DEMO-P1 (가상)","정제수 (가상 기록)","10","990","1","40","300","20","물 → 고분자, 가상 절차","육안 덩어리 미관찰","육안; 위치별 농도 분석 미실시","23","2","25","완료","육안 미관찰","추가 교반 없음","30","DEMO-V01","DEMO 회전식 점도계","DEMO-S2","DEMO-600","400","표시 준수","유효 기록 확인","적합 기록 확인","완료","완료","60","60","46","1203","mPa·s","합성 데이터; 물성 예측 아님; seed=20261002"
"PA-006","PA-006-M4","PA-006-S4","4","2026-09-01T06:04:00Z","POLY-A","DEMO-P1 (가상)","정제수 (가상 기록)","10","990","1","40","300","20","물 → 고분자, 가상 절차","육안 덩어리 미관찰","육안; 위치별 농도 분석 미실시","23","2","25","완료","육안 미관찰","추가 교반 없음","30","DEMO-V01","DEMO 회전식 점도계","DEMO-S1","DEMO-600","400","표시 준수","유효 기록 확인","적합 기록 확인","완료","완료","60","20","53","1215","cP","합성 데이터; 물성 예측 아님; seed=20261002"
"PA-007","PA-007-M1","PA-007-S1","1","2026-09-01T07:01:00Z","POLY-A","DEMO-P1 (가상)","정제수 (가상 기록)","10","990","1","40","300","20","물 → 고분자, 가상 절차","육안 덩어리 미관찰","육안; 위치별 농도 분석 미실시","23","2","","완료","육안 미관찰","추가 교반 없음","30","DEMO-V01","DEMO 회전식 점도계","DEMO-S1","DEMO-600","400","표시 준수","유효 기록 확인","적합 기록 확인","완료","완료","60","60","54","1284","mPa·s","합성 데이터; 물성 예측 아님; seed=20261002"
"PA-007","PA-007-M2","PA-007-S2","2","2026-09-01T07:02:00Z","POLY-A","DEMO-P1 (가상)","정제수 (가상 기록)","10","990","1","40","300","20","물 → 고분자, 가상 절차","육안 덩어리 미관찰","육안; 위치별 농도 분석 미실시","23","2","25","완료","육안 미관찰","추가 교반 없음","30","DEMO-V01","DEMO 회전식 점도계","DEMO-S1","DEMO-600","400","표시 준수","유효 기록 확인","적합 기록 확인","완료","완료","","60","57","1263","mPa·s","합성 데이터; 물성 예측 아님; seed=20261002"
"PA-007","PA-007-M3","PA-007-S3","3","2026-09-01T07:03:00Z","POLY-A","DEMO-P1 (가상)","정제수 (가상 기록)","10","990","1","40","300","20","물 → 고분자, 가상 절차","육안 덩어리 미관찰","육안; 위치별 농도 분석 미실시","23","2","25","완료","육안 미관찰","추가 교반 없음","30","DEMO-V01","DEMO 회전식 점도계","DEMO-S1","DEMO-600","400","표시 준수","유효 기록 확인","적합 기록 확인","완료","완료","60","60","51","","mPa·s","합성 데이터; 물성 예측 아님; seed=20261002"
"PA-007","PA-007-M4","PA-007-S4","4","2026-09-01T07:04:00Z","POLY-A","DEMO-P1 (가상)","정제수 (가상 기록)","10","990","1","40","300","20","물 → 고분자, 가상 절차","육안 덩어리 미관찰","육안; 위치별 농도 분석 미실시","23","2","25","","육안 미관찰","추가 교반 없음","30","DEMO-V01","DEMO 회전식 점도계","DEMO-S1","DEMO-600","400","표시 준수","유효 기록 확인","적합 기록 확인","완료","완료","60","60","55","1275","cP","합성 데이터; 물성 예측 아님; seed=20261002"
"PA-008","PA-008-M1","PA-008-S1","1","2026-09-01T08:01:00Z","POLY-A","DEMO-P1 (가상)","정제수 (가상 기록)","10","990","1","40","300","20","물 → 고분자, 가상 절차","육안 덩어리 미관찰","육안; 위치별 농도 분석 미실시","23","2","25","완료","육안 미관찰","추가 교반 없음","30","DEMO-V01","DEMO 회전식 점도계","DEMO-S1","DEMO-600","400","표시 준수","유효 기록 확인","적합 기록 확인","완료","완료","60","60","55","850","mPa·s","합성 데이터; 물성 예측 아님; seed=20261002"
"PA-008","PA-008-M2","PA-008-S2","2","2026-09-01T08:02:00Z","POLY-A","DEMO-P1 (가상)","정제수 (가상 기록)","10","990","1","40","300","20","물 → 고분자, 가상 절차","육안 덩어리 미관찰","육안; 위치별 농도 분석 미실시","23","2","25","완료","육안 미관찰","추가 교반 없음","30","DEMO-V01","DEMO 회전식 점도계","DEMO-S1","DEMO-600","400","표시 준수","유효 기록 확인","적합 기록 확인","완료","완료","60","60","55","1680","mPa·s","합성 데이터; 물성 예측 아님; seed=20261002"
"PA-008","PA-008-M3","PA-008-S3","3","2026-09-01T08:03:00Z","POLY-A","DEMO-P1 (가상)","정제수 (가상 기록)","10","990","1","40","300","20","물 → 고분자, 가상 절차","육안 덩어리 미관찰","육안; 위치별 농도 분석 미실시","23","2","25","완료","육안 미관찰","추가 교반 없음","30","DEMO-V01","DEMO 회전식 점도계","DEMO-S1","DEMO-600","400","표시 준수","유효 기록 확인","적합 기록 확인","완료","완료","60","60","58","850","mPa·s","합성 데이터; 물성 예측 아님; seed=20261002"
"PA-008","PA-008-M4","PA-008-S4","4","2026-09-01T08:04:00Z","POLY-A","DEMO-P1 (가상)","정제수 (가상 기록)","10","990","1","40","300","20","물 → 고분자, 가상 절차","육안 덩어리 미관찰","육안; 위치별 농도 분석 미실시","23","2","25","완료","육안 미관찰","추가 교반 없음","30","DEMO-V01","DEMO 회전식 점도계","DEMO-S1","DEMO-600","400","표시 준수","유효 기록 확인","적합 기록 확인","완료","완료","60","60","59","1680","cP","합성 데이터; 물성 예측 아님; seed=20261002"
"PA-009","PA-009-M1","PA-009-S1","1","2026-09-01T09:01:00Z","POLY-A","DEMO-P1 (가상)","정제수 (가상 기록)","10","990","1","40","300","20","물 → 고분자, 가상 절차","육안 덩어리 미관찰","육안; 위치별 농도 분석 미실시","23","2","25","완료","관찰됨","추가 교반 없음","30","DEMO-V01","DEMO 회전식 점도계","DEMO-S1","DEMO-600","400","표시 준수","유효 기록 확인","적합 기록 확인","완료","완료","60","60","48","1313","mPa·s","합성 데이터; 물성 예측 아님; seed=20261002"
"PA-009","PA-009-M2","PA-009-S2","2","2026-09-01T09:02:00Z","POLY-A","DEMO-P1 (가상)","정제수 (가상 기록)","10","990","1","40","300","20","물 → 고분자, 가상 절차","육안 덩어리 미관찰","육안; 위치별 농도 분석 미실시","23","2","25","미확인","육안 미관찰","추가 교반 없음","30","DEMO-V01","DEMO 회전식 점도계","DEMO-S1","DEMO-600","400","표시 준수","유효 기록 확인","적합 기록 확인","완료","완료","60","60","52","1324","mPa·s","합성 데이터; 물성 예측 아님; seed=20261002"
"PA-009","PA-009-M3","PA-009-S3","3","2026-09-01T09:03:00Z","POLY-A","DEMO-P1 (가상)","정제수 (가상 기록)","10","990","1","40","300","20","물 → 고분자, 가상 절차","육안 덩어리 미관찰","육안; 위치별 농도 분석 미실시","23","2","25","완료","육안 미관찰","추가 교반 없음","30","DEMO-V01","DEMO 회전식 점도계","DEMO-S1","DEMO-600","400","미준수","유효 기록 확인","적합 기록 확인","완료","완료","60","60","47","1333","mPa·s","합성 데이터; 물성 예측 아님; seed=20261002"
"PA-009","PA-009-M4","PA-009-S4","4","2026-09-01T09:04:00Z","POLY-A","DEMO-P1 (가상)","정제수 (가상 기록)","10","990","1","40","300","20","물 → 고분자, 가상 절차","육안 덩어리 미관찰","육안; 위치별 농도 분석 미실시","23","2","25","완료","육안 미관찰","추가 교반 없음","30","DEMO-V01","DEMO 회전식 점도계","DEMO-S1","DEMO-600","400","표시 준수","유효 기록 확인","적합 기록 확인","완료","완료","60","60","5","1318","cP","합성 데이터; 물성 예측 아님; seed=20261002"
"PA-010","PA-010-M1","PA-010-S1","1","2026-09-01T10:01:00Z","POLY-A","DEMO-P1 (가상)","정제수 (가상 기록)","10","990","1","45","300","20","물 → 고분자, 가상 절차","육안 덩어리 미관찰","육안; 위치별 농도 분석 미실시","23","2","28","완료","육안 미관찰","추가 교반 없음","30","DEMO-V01","DEMO 회전식 점도계","DEMO-S1","DEMO-600","400","표시 준수","유효 기록 확인","적합 기록 확인","완료","완료","60","60","59","1750","mPa·s","합성 데이터; 물성 예측 아님; seed=20261002"
"PA-010","PA-010-M2","PA-010-S2","2","2026-09-01T10:02:00Z","POLY-A","DEMO-P1 (가상)","정제수 (가상 기록)","10","990","1","45","300","20","물 → 고분자, 가상 절차","육안 덩어리 미관찰","육안; 위치별 농도 분석 미실시","23","2","28","완료","육안 미관찰","추가 교반 없음","30","DEMO-V01","DEMO 회전식 점도계","DEMO-S1","DEMO-600","400","표시 준수","유효 기록 확인","적합 기록 확인","완료","완료","60","60","57","1750","mPa·s","합성 데이터; 물성 예측 아님; seed=20261002"
"PA-010","PA-010-M3","PA-010-S3","3","2026-09-01T10:03:00Z","POLY-A","DEMO-P1 (가상)","정제수 (가상 기록)","10","990","1","45","300","20","물 → 고분자, 가상 절차","육안 덩어리 미관찰","육안; 위치별 농도 분석 미실시","23","2","28","완료","육안 미관찰","추가 교반 없음","30","DEMO-V01","DEMO 회전식 점도계","DEMO-S1","DEMO-600","400","표시 준수","유효 기록 확인","적합 기록 확인","완료","완료","60","60","62","1750","mPa·s","합성 데이터; 물성 예측 아님; seed=20261002"
"PA-010","PA-010-M4","PA-010-S4","4","2026-09-01T10:04:00Z","POLY-A","DEMO-P1 (가상)","정제수 (가상 기록)","10","990","1","45","300","20","물 → 고분자, 가상 절차","육안 덩어리 미관찰","육안; 위치별 농도 분석 미실시","23","2","28","완료","육안 미관찰","추가 교반 없음","30","DEMO-V01","DEMO 회전식 점도계","DEMO-S1","DEMO-600","400","표시 준수","유효 기록 확인","적합 기록 확인","완료","완료","60","60","46","1750","cP","합성 데이터; 물성 예측 아님; seed=20261002"
"PA-011","PA-011-M1","PA-011-S1","1","2026-09-01T11:01:00Z","POLY-A","DEMO-P1 (가상)","정제수 (가상 기록)","10","990","1","40","300","20","물 → 고분자, 가상 절차","육안 덩어리 미관찰","육안; 위치별 농도 분석 미실시","23","2","25","완료","육안 미관찰","추가 교반 없음","30","DEMO-V01","DEMO 회전식 점도계","DEMO-S1","DEMO-600","400","표시 준수","유효 기록 확인","적합 기록 확인","완료","완료","60","60","46","1178","mPa·s","합성 데이터; 물성 예측 아님; seed=20261002"
"PA-011","PA-011-M2","PA-011-S2","2","2026-09-01T11:02:00Z","POLY-A","DEMO-P1 (가상)","정제수 (가상 기록)","10","990","1","40","300","20","물 → 고분자, 가상 절차","육안 덩어리 미관찰","육안; 위치별 농도 분석 미실시","23","2","25","완료","육안 미관찰","추가 교반 없음","30","DEMO-V01","DEMO 회전식 점도계","DEMO-S1","DEMO-600","400","표시 준수","유효 기록 확인","적합 기록 확인","완료","완료","60","60","45","1187","mPa·s","합성 데이터; 물성 예측 아님; seed=20261002"
"PA-011","PA-011-M3","PA-011-S3","3","2026-09-01T11:03:00Z","POLY-A","DEMO-P1 (가상)","정제수 (가상 기록)","10","990","1","40","300","20","물 → 고분자, 가상 절차","육안 덩어리 미관찰","육안; 위치별 농도 분석 미실시","23","2","25","완료","육안 미관찰","추가 교반 없음","30","DEMO-V01","DEMO 회전식 점도계","DEMO-S1","DEMO-600","400","표시 준수","유효 기록 확인","적합 기록 확인","완료","완료","60","60","63","1174","mPa·s","합성 데이터; 물성 예측 아님; seed=20261002"
"PA-011","PA-011-M4","PA-011-S4","4","2026-09-01T11:04:00Z","POLY-A","DEMO-P1 (가상)","정제수 (가상 기록)","10","990","1","40","300","20","물 → 고분자, 가상 절차","육안 덩어리 미관찰","육안; 위치별 농도 분석 미실시","23","2","25","완료","육안 미관찰","추가 교반 없음","30","DEMO-V01","DEMO 회전식 점도계","DEMO-S1","DEMO-600","400","표시 준수","유효 기록 확인","적합 기록 확인","완료","완료","60","60","58","1156","cP","합성 데이터; 물성 예측 아님; seed=20261002"
"PA-012","PA-012-M1","PA-012-S1","1","2026-09-01T12:01:00Z","POLY-A","DEMO-P1 (가상)","정제수 (가상 기록)","10","990","1","40","300","20","물 → 고분자, 가상 절차","육안 덩어리 미관찰","육안; 위치별 농도 분석 미실시","23","2","25","완료","육안 미관찰","추가 교반 없음","30","DEMO-V01","DEMO 회전식 점도계","DEMO-S1","DEMO-600","400","표시 준수","유효 기록 확인","적합 기록 확인","완료","완료","60","60","51","1227","mPa·s","합성 데이터; 물성 예측 아님; seed=20261002"
"PA-012","PA-012-M2","PA-012-S2","2","2026-09-01T12:02:00Z","POLY-A","DEMO-P1 (가상)","정제수 (가상 기록)","10","990","1","40","300","20","물 → 고분자, 가상 절차","육안 덩어리 미관찰","육안; 위치별 농도 분석 미실시","23","2","25","완료","육안 미관찰","추가 교반 없음","30","DEMO-V01","DEMO 회전식 점도계","DEMO-S1","DEMO-600","400","표시 준수","유효 기록 확인","적합 기록 확인","완료","완료","60","60","55","1201","mPa·s","합성 데이터; 물성 예측 아님; seed=20261002"
"PA-012","PA-012-M3","PA-012-S3","3","2026-09-01T12:03:00Z","POLY-A","DEMO-P1 (가상)","정제수 (가상 기록)","10","990","1","40","300","20","물 → 고분자, 가상 절차","육안 덩어리 미관찰","육안; 위치별 농도 분석 미실시","23","2","25","완료","육안 미관찰","추가 교반 없음","30","DEMO-V01","DEMO 회전식 점도계","DEMO-S1","DEMO-600","400","표시 준수","유효 기록 확인","적합 기록 확인","완료","완료","60","60","46","1203","mPa·s","합성 데이터; 물성 예측 아님; seed=20261002"
"PA-012","PA-012-M4","PA-012-S4","4","2026-09-01T12:04:00Z","POLY-A","DEMO-P1 (가상)","정제수 (가상 기록)","10","990","1","40","300","20","물 → 고분자, 가상 절차","육안 덩어리 미관찰","육안; 위치별 농도 분석 미실시","23","2","25","완료","육안 미관찰","추가 교반 없음","30","DEMO-V01","DEMO 회전식 점도계","DEMO-S1","DEMO-600","400","표시 준수","유효 기록 확인","적합 기록 확인","완료","완료","60","60","62","1214","cP","합성 데이터; 물성 예측 아님; seed=20261002"
"PA-013","PA-013-M1","PA-013-S1","1","2026-09-01T13:01:00Z","POLY-A","DEMO-P1 (가상)","정제수 (가상 기록)","10","990","1","40","300","20","물 → 고분자, 가상 절차","육안 덩어리 미관찰","육안; 위치별 농도 분석 미실시","23","2","25","완료","육안 미관찰","추가 교반 없음","30","DEMO-V01","DEMO 회전식 점도계","DEMO-S1","DEMO-600","400","표시 준수","유효 기록 확인","적합 기록 확인","완료","완료","60","60","56","1262","mPa·s","합성 데이터; 물성 예측 아님; seed=20261002"
"PA-013","PA-013-M2","PA-013-S2","2","2026-09-01T13:02:00Z","POLY-A","DEMO-P1 (가상)","정제수 (가상 기록)","10","990","1","40","300","20","물 → 고분자, 가상 절차","육안 덩어리 미관찰","육안; 위치별 농도 분석 미실시","23","2","25","완료","육안 미관찰","추가 교반 없음","30","DEMO-V01","DEMO 회전식 점도계","DEMO-S1","DEMO-600","400","표시 준수","유효 기록 확인","적합 기록 확인","완료","완료","60","60","45","1237","mPa·s","합성 데이터; 물성 예측 아님; seed=20261002"
"PA-013","PA-013-M3","PA-013-S3","3","2026-09-01T13:03:00Z","POLY-A","DEMO-P1 (가상)","정제수 (가상 기록)","10","990","1","40","300","20","물 → 고분자, 가상 절차","육안 덩어리 미관찰","육안; 위치별 농도 분석 미실시","23","2","25","완료","육안 미관찰","추가 교반 없음","30","DEMO-V01","DEMO 회전식 점도계","DEMO-S1","DEMO-600","400","표시 준수","유효 기록 확인","적합 기록 확인","완료","완료","60","60","56","1257","mPa·s","합성 데이터; 물성 예측 아님; seed=20261002"
"PA-013","PA-013-M4","PA-013-S4","4","2026-09-01T13:04:00Z","POLY-A","DEMO-P1 (가상)","정제수 (가상 기록)","10","990","1","40","300","20","물 → 고분자, 가상 절차","육안 덩어리 미관찰","육안; 위치별 농도 분석 미실시","23","2","25","완료","육안 미관찰","추가 교반 없음","30","DEMO-V01","DEMO 회전식 점도계","DEMO-S1","DEMO-600","400","표시 준수","유효 기록 확인","적합 기록 확인","완료","완료","60","60","52","1265","cP","합성 데이터; 물성 예측 아님; seed=20261002"
"PA-014","PA-014-M1","PA-014-S1","1","2026-09-01T14:01:00Z","POLY-A","DEMO-P1 (가상)","정제수 (가상 기록)","10","990","1","40","300","20","물 → 고분자, 가상 절차","육안 덩어리 미관찰","육안; 위치별 농도 분석 미실시","23","2","25","완료","육안 미관찰","추가 교반 없음","30","DEMO-V01","DEMO 회전식 점도계","DEMO-S1","DEMO-600","400","표시 준수","유효 기록 확인","적합 기록 확인","완료","완료","60","60","51","1317","mPa·s","합성 데이터; 물성 예측 아님; seed=20261002"
"PA-014","PA-014-M2","PA-014-S2","2","2026-09-01T14:02:00Z","POLY-A","DEMO-P1 (가상)","정제수 (가상 기록)","10","990","1","40","300","20","물 → 고분자, 가상 절차","육안 덩어리 미관찰","육안; 위치별 농도 분석 미실시","23","2","25","완료","육안 미관찰","추가 교반 없음","30","DEMO-V01","DEMO 회전식 점도계","DEMO-S1","DEMO-600","400","표시 준수","유효 기록 확인","적합 기록 확인","완료","완료","60","60","61","1322","mPa·s","합성 데이터; 물성 예측 아님; seed=20261002"
"PA-014","PA-014-M3","PA-014-S3","3","2026-09-01T14:03:00Z","POLY-A","DEMO-P1 (가상)","정제수 (가상 기록)","10","990","1","40","300","20","물 → 고분자, 가상 절차","육안 덩어리 미관찰","육안; 위치별 농도 분석 미실시","23","2","25","완료","육안 미관찰","추가 교반 없음","30","DEMO-V01","DEMO 회전식 점도계","DEMO-S1","DEMO-600","400","표시 준수","유효 기록 확인","적합 기록 확인","완료","완료","60","60","52","1312","mPa·s","합성 데이터; 물성 예측 아님; seed=20261002"
"PA-014","PA-014-M4","PA-014-S4","4","2026-09-01T14:04:00Z","POLY-A","DEMO-P1 (가상)","정제수 (가상 기록)","10","990","1","40","300","20","물 → 고분자, 가상 절차","육안 덩어리 미관찰","육안; 위치별 농도 분석 미실시","23","2","25","완료","육안 미관찰","추가 교반 없음","30","DEMO-V01","DEMO 회전식 점도계","DEMO-S1","DEMO-600","400","표시 준수","유효 기록 확인","적합 기록 확인","완료","완료","60","60","59","1322","cP","합성 데이터; 물성 예측 아님; seed=20261002"
"PA-015","PA-015-M1","PA-015-S1","1","2026-09-01T15:01:00Z","POLY-A","DEMO-P1 (가상)","정제수 (가상 기록)","10","990","1","45","300","20","물 → 고분자, 가상 절차","육안 덩어리 미관찰","육안; 위치별 농도 분석 미실시","23","2","25","완료","육안 미관찰","추가 교반 없음","30","DEMO-V01","DEMO 회전식 점도계","DEMO-S1","DEMO-600","400","표시 준수","유효 기록 확인","적합 기록 확인","완료","완료","60","60","63","1196","mPa·s","합성 데이터; 물성 예측 아님; seed=20261002"
"PA-015","PA-015-M2","PA-015-S2","2","2026-09-01T15:02:00Z","POLY-A","DEMO-P1 (가상)","정제수 (가상 기록)","10","990","1","45","300","20","물 → 고분자, 가상 절차","육안 덩어리 미관찰","육안; 위치별 농도 분석 미실시","23","2","25","완료","육안 미관찰","추가 교반 없음","30","DEMO-V01","DEMO 회전식 점도계","DEMO-S1","DEMO-600","400","표시 준수","유효 기록 확인","적합 기록 확인","완료","완료","60","60","55","1224","mPa·s","합성 데이터; 물성 예측 아님; seed=20261002"
"PA-015","PA-015-M3","PA-015-S3","3","2026-09-01T15:03:00Z","POLY-A","DEMO-P1 (가상)","정제수 (가상 기록)","10","990","1","45","300","20","물 → 고분자, 가상 절차","육안 덩어리 미관찰","육안; 위치별 농도 분석 미실시","23","2","25","완료","육안 미관찰","추가 교반 없음","30","DEMO-V01","DEMO 회전식 점도계","DEMO-S1","DEMO-600","400","표시 준수","유효 기록 확인","적합 기록 확인","완료","완료","60","60","51","1213","mPa·s","합성 데이터; 물성 예측 아님; seed=20261002"
"PA-015","PA-015-M4","PA-015-S4","4","2026-09-01T15:04:00Z","POLY-A","DEMO-P1 (가상)","정제수 (가상 기록)","10","990","1","45","300","20","물 → 고분자, 가상 절차","육안 덩어리 미관찰","육안; 위치별 농도 분석 미실시","23","2","25","완료","육안 미관찰","추가 교반 없음","30","DEMO-V01","DEMO 회전식 점도계","DEMO-S1","DEMO-600","400","표시 준수","유효 기록 확인","적합 기록 확인","완료","완료","60","60","61","1191","cP","합성 데이터; 물성 예측 아님; seed=20261002"
"PA-016","PA-016-M1","PA-016-S1","1","2026-09-01T16:01:00Z","POLY-A","DEMO-P1 (가상)","정제수 (가상 기록)","10","990","1","40","300","20","물 → 고분자, 가상 절차","육안 덩어리 미관찰","육안; 위치별 농도 분석 미실시","23","2","28","완료","육안 미관찰","추가 교반 없음","30","DEMO-V01","DEMO 회전식 점도계","DEMO-S1","DEMO-600","400","표시 준수","유효 기록 확인","적합 기록 확인","완료","완료","60","60","62","1125","mPa·s","합성 데이터; 물성 예측 아님; seed=20261002"
"PA-016","PA-016-M2","PA-016-S2","2","2026-09-01T16:02:00Z","POLY-A","DEMO-P1 (가상)","정제수 (가상 기록)","10","990","1","40","300","20","물 → 고분자, 가상 절차","육안 덩어리 미관찰","육안; 위치별 농도 분석 미실시","23","2","25","완료","육안 미관찰","추가 교반 없음","30","DEMO-V01","DEMO 회전식 점도계","DEMO-S1","DEMO-600","400","표시 준수","유효 기록 확인","적합 기록 확인","완료","완료","30","60","65","1128","mPa·s","합성 데이터; 물성 예측 아님; seed=20261002"
"PA-016","PA-016-M3","PA-016-S3","3","2026-09-01T16:03:00Z","POLY-A","DEMO-P1 (가상)","정제수 (가상 기록)","10","990","1","40","300","20","물 → 고분자, 가상 절차","육안 덩어리 미관찰","육안; 위치별 농도 분석 미실시","23","2","25","완료","육안 미관찰","추가 교반 없음","30","DEMO-V01","DEMO 회전식 점도계","DEMO-S2","DEMO-600","400","표시 준수","유효 기록 확인","적합 기록 확인","완료","완료","60","60","52","1148","mPa·s","합성 데이터; 물성 예측 아님; seed=20261002"
"PA-016","PA-016-M4","PA-016-S4","4","2026-09-01T16:04:00Z","POLY-A","DEMO-P1 (가상)","정제수 (가상 기록)","10","990","1","40","300","20","물 → 고분자, 가상 절차","육안 덩어리 미관찰","육안; 위치별 농도 분석 미실시","23","2","25","완료","육안 미관찰","추가 교반 없음","30","DEMO-V01","DEMO 회전식 점도계","DEMO-S1","DEMO-600","400","표시 준수","유효 기록 확인","적합 기록 확인","완료","완료","60","20","49","1129","cP","합성 데이터; 물성 예측 아님; seed=20261002"
"PA-017","PA-017-M1","PA-017-S1","1","2026-09-01T17:01:00Z","POLY-A","DEMO-P1 (가상)","정제수 (가상 기록)","10","990","1","40","300","20","물 → 고분자, 가상 절차","육안 덩어리 미관찰","육안; 위치별 농도 분석 미실시","23","2","","완료","육안 미관찰","추가 교반 없음","30","DEMO-V01","DEMO 회전식 점도계","DEMO-S1","DEMO-600","400","표시 준수","유효 기록 확인","적합 기록 확인","완료","완료","60","60","48","1257","mPa·s","합성 데이터; 물성 예측 아님; seed=20261002"
"PA-017","PA-017-M2","PA-017-S2","2","2026-09-01T17:02:00Z","POLY-A","DEMO-P1 (가상)","정제수 (가상 기록)","10","990","1","40","300","20","물 → 고분자, 가상 절차","육안 덩어리 미관찰","육안; 위치별 농도 분석 미실시","23","2","25","완료","육안 미관찰","추가 교반 없음","30","DEMO-V01","DEMO 회전식 점도계","DEMO-S1","DEMO-600","400","표시 준수","유효 기록 확인","적합 기록 확인","완료","완료","","60","50","1257","mPa·s","합성 데이터; 물성 예측 아님; seed=20261002"
"PA-017","PA-017-M3","PA-017-S3","3","2026-09-01T17:03:00Z","POLY-A","DEMO-P1 (가상)","정제수 (가상 기록)","10","990","1","40","300","20","물 → 고분자, 가상 절차","육안 덩어리 미관찰","육안; 위치별 농도 분석 미실시","23","2","25","완료","육안 미관찰","추가 교반 없음","30","DEMO-V01","DEMO 회전식 점도계","DEMO-S1","DEMO-600","400","표시 준수","유효 기록 확인","적합 기록 확인","완료","완료","60","60","48","","mPa·s","합성 데이터; 물성 예측 아님; seed=20261002"
"PA-017","PA-017-M4","PA-017-S4","4","2026-09-01T17:04:00Z","POLY-A","DEMO-P1 (가상)","정제수 (가상 기록)","10","990","1","40","300","20","물 → 고분자, 가상 절차","육안 덩어리 미관찰","육안; 위치별 농도 분석 미실시","23","2","25","","육안 미관찰","추가 교반 없음","30","DEMO-V01","DEMO 회전식 점도계","DEMO-S1","DEMO-600","400","표시 준수","유효 기록 확인","적합 기록 확인","완료","완료","60","60","60","1266","cP","합성 데이터; 물성 예측 아님; seed=20261002"
"PA-018","PA-018-M1","PA-018-S1","1","2026-09-01T18:01:00Z","POLY-A","DEMO-P1 (가상)","정제수 (가상 기록)","10","990","1","40","300","20","물 → 고분자, 가상 절차","육안 덩어리 미관찰","육안; 위치별 농도 분석 미실시","23","2","25","완료","육안 미관찰","추가 교반 없음","30","DEMO-V01","DEMO 회전식 점도계","DEMO-S1","DEMO-600","400","표시 준수","유효 기록 확인","적합 기록 확인","완료","완료","60","60","47","850","mPa·s","합성 데이터; 물성 예측 아님; seed=20261002"
"PA-018","PA-018-M2","PA-018-S2","2","2026-09-01T18:02:00Z","POLY-A","DEMO-P1 (가상)","정제수 (가상 기록)","10","990","1","40","300","20","물 → 고분자, 가상 절차","육안 덩어리 미관찰","육안; 위치별 농도 분석 미실시","23","2","25","완료","육안 미관찰","추가 교반 없음","30","DEMO-V01","DEMO 회전식 점도계","DEMO-S1","DEMO-600","400","표시 준수","유효 기록 확인","적합 기록 확인","완료","완료","60","60","51","1680","mPa·s","합성 데이터; 물성 예측 아님; seed=20261002"
"PA-018","PA-018-M3","PA-018-S3","3","2026-09-01T18:03:00Z","POLY-A","DEMO-P1 (가상)","정제수 (가상 기록)","10","990","1","40","300","20","물 → 고분자, 가상 절차","육안 덩어리 미관찰","육안; 위치별 농도 분석 미실시","23","2","25","완료","육안 미관찰","추가 교반 없음","30","DEMO-V01","DEMO 회전식 점도계","DEMO-S1","DEMO-600","400","표시 준수","유효 기록 확인","적합 기록 확인","완료","완료","60","60","57","850","mPa·s","합성 데이터; 물성 예측 아님; seed=20261002"
"PA-018","PA-018-M4","PA-018-S4","4","2026-09-01T18:04:00Z","POLY-A","DEMO-P1 (가상)","정제수 (가상 기록)","10","990","1","40","300","20","물 → 고분자, 가상 절차","육안 덩어리 미관찰","육안; 위치별 농도 분석 미실시","23","2","25","완료","육안 미관찰","추가 교반 없음","30","DEMO-V01","DEMO 회전식 점도계","DEMO-S1","DEMO-600","400","표시 준수","유효 기록 확인","적합 기록 확인","완료","완료","60","60","46","1680","cP","합성 데이터; 물성 예측 아님; seed=20261002"
"PA-019","PA-019-M1","PA-019-S1","1","2026-09-01T19:01:00Z","POLY-A","DEMO-P1 (가상)","정제수 (가상 기록)","10","990","1","40","300","20","물 → 고분자, 가상 절차","육안 덩어리 미관찰","육안; 위치별 농도 분석 미실시","23","2","25","완료","관찰됨","추가 교반 없음","30","DEMO-V01","DEMO 회전식 점도계","DEMO-S1","DEMO-600","400","표시 준수","유효 기록 확인","적합 기록 확인","완료","완료","60","60","62","1215","mPa·s","합성 데이터; 물성 예측 아님; seed=20261002"
"PA-019","PA-019-M2","PA-019-S2","2","2026-09-01T19:02:00Z","POLY-A","DEMO-P1 (가상)","정제수 (가상 기록)","10","990","1","40","300","20","물 → 고분자, 가상 절차","육안 덩어리 미관찰","육안; 위치별 농도 분석 미실시","23","2","25","미확인","육안 미관찰","추가 교반 없음","30","DEMO-V01","DEMO 회전식 점도계","DEMO-S1","DEMO-600","400","표시 준수","유효 기록 확인","적합 기록 확인","완료","완료","60","60","63","1216","mPa·s","합성 데이터; 물성 예측 아님; seed=20261002"
"PA-019","PA-019-M3","PA-019-S3","3","2026-09-01T19:03:00Z","POLY-A","DEMO-P1 (가상)","정제수 (가상 기록)","10","990","1","40","300","20","물 → 고분자, 가상 절차","육안 덩어리 미관찰","육안; 위치별 농도 분석 미실시","23","2","25","완료","육안 미관찰","추가 교반 없음","30","DEMO-V01","DEMO 회전식 점도계","DEMO-S1","DEMO-600","400","미준수","유효 기록 확인","적합 기록 확인","완료","완료","60","60","59","1185","mPa·s","합성 데이터; 물성 예측 아님; seed=20261002"
"PA-019","PA-019-M4","PA-019-S4","4","2026-09-01T19:04:00Z","POLY-A","DEMO-P1 (가상)","정제수 (가상 기록)","10","990","1","40","300","20","물 → 고분자, 가상 절차","육안 덩어리 미관찰","육안; 위치별 농도 분석 미실시","23","2","25","완료","육안 미관찰","추가 교반 없음","30","DEMO-V01","DEMO 회전식 점도계","DEMO-S1","DEMO-600","400","표시 준수","유효 기록 확인","적합 기록 확인","완료","완료","60","60","5","1192","cP","합성 데이터; 물성 예측 아님; seed=20261002"
"PA-020","PA-020-M1","PA-020-S1","1","2026-09-01T20:01:00Z","POLY-A","DEMO-P1 (가상)","정제수 (가상 기록)","10","990","1","45","300","20","물 → 고분자, 가상 절차","육안 덩어리 미관찰","육안; 위치별 농도 분석 미실시","23","2","28","완료","육안 미관찰","추가 교반 없음","30","DEMO-V01","DEMO 회전식 점도계","DEMO-S1","DEMO-600","400","표시 준수","유효 기록 확인","적합 기록 확인","완료","완료","60","60","50","1750","mPa·s","합성 데이터; 물성 예측 아님; seed=20261002"
"PA-020","PA-020-M2","PA-020-S2","2","2026-09-01T20:02:00Z","POLY-A","DEMO-P1 (가상)","정제수 (가상 기록)","10","990","1","45","300","20","물 → 고분자, 가상 절차","육안 덩어리 미관찰","육안; 위치별 농도 분석 미실시","23","2","28","완료","육안 미관찰","추가 교반 없음","30","DEMO-V01","DEMO 회전식 점도계","DEMO-S1","DEMO-600","400","표시 준수","유효 기록 확인","적합 기록 확인","완료","완료","60","60","51","1750","mPa·s","합성 데이터; 물성 예측 아님; seed=20261002"
"PA-020","PA-020-M3","PA-020-S3","3","2026-09-01T20:03:00Z","POLY-A","DEMO-P1 (가상)","정제수 (가상 기록)","10","990","1","45","300","20","물 → 고분자, 가상 절차","육안 덩어리 미관찰","육안; 위치별 농도 분석 미실시","23","2","28","완료","육안 미관찰","추가 교반 없음","30","DEMO-V01","DEMO 회전식 점도계","DEMO-S1","DEMO-600","400","표시 준수","유효 기록 확인","적합 기록 확인","완료","완료","60","60","53","1750","mPa·s","합성 데이터; 물성 예측 아님; seed=20261002"
"PA-020","PA-020-M4","PA-020-S4","4","2026-09-01T20:04:00Z","POLY-A","DEMO-P1 (가상)","정제수 (가상 기록)","10","990","1","45","300","20","물 → 고분자, 가상 절차","육안 덩어리 미관찰","육안; 위치별 농도 분석 미실시","23","2","28","완료","육안 미관찰","추가 교반 없음","30","DEMO-V01","DEMO 회전식 점도계","DEMO-S1","DEMO-600","400","표시 준수","유효 기록 확인","적합 기록 확인","완료","완료","60","60","62","1750","cP","합성 데이터; 물성 예측 아님; seed=20261002"
"PA-021","PA-021-M1","PA-021-S1","1","2026-09-01T21:01:00Z","POLY-A","DEMO-P1 (가상)","정제수 (가상 기록)","10","990","1","40","300","20","물 → 고분자, 가상 절차","육안 덩어리 미관찰","육안; 위치별 농도 분석 미실시","23","2","25","완료","육안 미관찰","추가 교반 없음","30","DEMO-V01","DEMO 회전식 점도계","DEMO-S1","DEMO-600","400","표시 준수","유효 기록 확인","적합 기록 확인","완료","완료","60","60","50","1171","mPa·s","합성 데이터; 물성 예측 아님; seed=20261002"
"PA-021","PA-021-M2","PA-021-S2","2","2026-09-01T21:02:00Z","POLY-A","DEMO-P1 (가상)","정제수 (가상 기록)","10","990","1","40","300","20","물 → 고분자, 가상 절차","육안 덩어리 미관찰","육안; 위치별 농도 분석 미실시","23","2","25","완료","육안 미관찰","추가 교반 없음","30","DEMO-V01","DEMO 회전식 점도계","DEMO-S1","DEMO-600","400","표시 준수","유효 기록 확인","적합 기록 확인","완료","완료","60","60","59","1176","mPa·s","합성 데이터; 물성 예측 아님; seed=20261002"
"PA-021","PA-021-M3","PA-021-S3","3","2026-09-01T21:03:00Z","POLY-A","DEMO-P1 (가상)","정제수 (가상 기록)","10","990","1","40","300","20","물 → 고분자, 가상 절차","육안 덩어리 미관찰","육안; 위치별 농도 분석 미실시","23","2","25","완료","육안 미관찰","추가 교반 없음","30","DEMO-V01","DEMO 회전식 점도계","DEMO-S1","DEMO-600","400","표시 준수","유효 기록 확인","적합 기록 확인","완료","완료","60","60","62","1166","mPa·s","합성 데이터; 물성 예측 아님; seed=20261002"
"PA-021","PA-021-M4","PA-021-S4","4","2026-09-01T21:04:00Z","POLY-A","DEMO-P1 (가상)","정제수 (가상 기록)","10","990","1","40","300","20","물 → 고분자, 가상 절차","육안 덩어리 미관찰","육안; 위치별 농도 분석 미실시","23","2","25","완료","육안 미관찰","추가 교반 없음","30","DEMO-V01","DEMO 회전식 점도계","DEMO-S1","DEMO-600","400","표시 준수","유효 기록 확인","적합 기록 확인","완료","완료","60","60","61","1172","cP","합성 데이터; 물성 예측 아님; seed=20261002"
"PA-022","PA-022-M1","PA-022-S1","1","2026-09-01T22:01:00Z","POLY-A","DEMO-P1 (가상)","정제수 (가상 기록)","10","990","1","40","300","20","물 → 고분자, 가상 절차","육안 덩어리 미관찰","육안; 위치별 농도 분석 미실시","23","2","25","완료","육안 미관찰","추가 교반 없음","30","DEMO-V01","DEMO 회전식 점도계","DEMO-S1","DEMO-600","400","표시 준수","유효 기록 확인","적합 기록 확인","완료","완료","60","60","65","1196","mPa·s","합성 데이터; 물성 예측 아님; seed=20261002"
"PA-022","PA-022-M2","PA-022-S2","2","2026-09-01T22:02:00Z","POLY-A","DEMO-P1 (가상)","정제수 (가상 기록)","10","990","1","40","300","20","물 → 고분자, 가상 절차","육안 덩어리 미관찰","육안; 위치별 농도 분석 미실시","23","2","25","완료","육안 미관찰","추가 교반 없음","30","DEMO-V01","DEMO 회전식 점도계","DEMO-S1","DEMO-600","400","표시 준수","유효 기록 확인","적합 기록 확인","완료","완료","60","60","59","1210","mPa·s","합성 데이터; 물성 예측 아님; seed=20261002"
"PA-022","PA-022-M3","PA-022-S3","3","2026-09-01T22:03:00Z","POLY-A","DEMO-P1 (가상)","정제수 (가상 기록)","10","990","1","40","300","20","물 → 고분자, 가상 절차","육안 덩어리 미관찰","육안; 위치별 농도 분석 미실시","23","2","25","완료","육안 미관찰","추가 교반 없음","30","DEMO-V01","DEMO 회전식 점도계","DEMO-S1","DEMO-600","400","표시 준수","유효 기록 확인","적합 기록 확인","완료","완료","60","60","60","1206","mPa·s","합성 데이터; 물성 예측 아님; seed=20261002"
"PA-022","PA-022-M4","PA-022-S4","4","2026-09-01T22:04:00Z","POLY-A","DEMO-P1 (가상)","정제수 (가상 기록)","10","990","1","40","300","20","물 → 고분자, 가상 절차","육안 덩어리 미관찰","육안; 위치별 농도 분석 미실시","23","2","25","완료","육안 미관찰","추가 교반 없음","30","DEMO-V01","DEMO 회전식 점도계","DEMO-S1","DEMO-600","400","표시 준수","유효 기록 확인","적합 기록 확인","완료","완료","60","60","58","1205","cP","합성 데이터; 물성 예측 아님; seed=20261002"
"PA-023","PA-023-M1","PA-023-S1","1","2026-09-01T23:01:00Z","POLY-A","DEMO-P1 (가상)","정제수 (가상 기록)","10","990","1","40","300","20","물 → 고분자, 가상 절차","육안 덩어리 미관찰","육안; 위치별 농도 분석 미실시","23","2","25","완료","육안 미관찰","추가 교반 없음","30","DEMO-V01","DEMO 회전식 점도계","DEMO-S1","DEMO-600","400","표시 준수","유효 기록 확인","적합 기록 확인","완료","완료","60","60","59","1218","mPa·s","합성 데이터; 물성 예측 아님; seed=20261002"
"PA-023","PA-023-M2","PA-023-S2","2","2026-09-01T23:02:00Z","POLY-A","DEMO-P1 (가상)","정제수 (가상 기록)","10","990","1","40","300","20","물 → 고분자, 가상 절차","육안 덩어리 미관찰","육안; 위치별 농도 분석 미실시","23","2","25","완료","육안 미관찰","추가 교반 없음","30","DEMO-V01","DEMO 회전식 점도계","DEMO-S1","DEMO-600","400","표시 준수","유효 기록 확인","적합 기록 확인","완료","완료","60","60","63","1197","mPa·s","합성 데이터; 물성 예측 아님; seed=20261002"
"PA-023","PA-023-M3","PA-023-S3","3","2026-09-01T23:03:00Z","POLY-A","DEMO-P1 (가상)","정제수 (가상 기록)","10","990","1","40","300","20","물 → 고분자, 가상 절차","육안 덩어리 미관찰","육안; 위치별 농도 분석 미실시","23","2","25","완료","육안 미관찰","추가 교반 없음","30","DEMO-V01","DEMO 회전식 점도계","DEMO-S1","DEMO-600","400","표시 준수","유효 기록 확인","적합 기록 확인","완료","완료","60","60","54","1219","mPa·s","합성 데이터; 물성 예측 아님; seed=20261002"
"PA-023","PA-023-M4","PA-023-S4","4","2026-09-01T23:04:00Z","POLY-A","DEMO-P1 (가상)","정제수 (가상 기록)","10","990","1","40","300","20","물 → 고분자, 가상 절차","육안 덩어리 미관찰","육안; 위치별 농도 분석 미실시","23","2","25","완료","육안 미관찰","추가 교반 없음","30","DEMO-V01","DEMO 회전식 점도계","DEMO-S1","DEMO-600","400","표시 준수","유효 기록 확인","적합 기록 확인","완료","완료","60","60","58","1218","cP","합성 데이터; 물성 예측 아님; seed=20261002"
"PA-024","PA-024-M1","PA-024-S1","1","2026-09-02T00:01:00Z","POLY-A","DEMO-P1 (가상)","정제수 (가상 기록)","10","990","1","40","300","20","물 → 고분자, 가상 절차","육안 덩어리 미관찰","육안; 위치별 농도 분석 미실시","23","2","25","완료","육안 미관찰","추가 교반 없음","30","DEMO-V01","DEMO 회전식 점도계","DEMO-S1","DEMO-600","400","표시 준수","유효 기록 확인","적합 기록 확인","완료","완료","60","60","52","1157","mPa·s","합성 데이터; 물성 예측 아님; seed=20261002"
"PA-024","PA-024-M2","PA-024-S2","2","2026-09-02T00:02:00Z","POLY-A","DEMO-P1 (가상)","정제수 (가상 기록)","10","990","1","40","300","20","물 → 고분자, 가상 절차","육안 덩어리 미관찰","육안; 위치별 농도 분석 미실시","23","2","25","완료","육안 미관찰","추가 교반 없음","30","DEMO-V01","DEMO 회전식 점도계","DEMO-S1","DEMO-600","400","표시 준수","유효 기록 확인","적합 기록 확인","완료","완료","60","60","56","1141","mPa·s","합성 데이터; 물성 예측 아님; seed=20261002"
"PA-024","PA-024-M3","PA-024-S3","3","2026-09-02T00:03:00Z","POLY-A","DEMO-P1 (가상)","정제수 (가상 기록)","10","990","1","40","300","20","물 → 고분자, 가상 절차","육안 덩어리 미관찰","육안; 위치별 농도 분석 미실시","23","2","25","완료","육안 미관찰","추가 교반 없음","30","DEMO-V01","DEMO 회전식 점도계","DEMO-S1","DEMO-600","400","표시 준수","유효 기록 확인","적합 기록 확인","완료","완료","60","60","46","1169","mPa·s","합성 데이터; 물성 예측 아님; seed=20261002"
"PA-024","PA-024-M4","PA-024-S4","4","2026-09-02T00:04:00Z","POLY-A","DEMO-P1 (가상)","정제수 (가상 기록)","10","990","1","40","300","20","물 → 고분자, 가상 절차","육안 덩어리 미관찰","육안; 위치별 농도 분석 미실시","23","2","25","완료","육안 미관찰","추가 교반 없음","30","DEMO-V01","DEMO 회전식 점도계","DEMO-S1","DEMO-600","400","표시 준수","유효 기록 확인","적합 기록 확인","완료","완료","60","60","52","1157","cP","합성 데이터; 물성 예측 아님; seed=20261002"
"PA-025","PA-025-M1","PA-025-S1","1","2026-09-02T01:01:00Z","POLY-A","DEMO-P1 (가상)","정제수 (가상 기록)","10","990","1","45","300","20","물 → 고분자, 가상 절차","육안 덩어리 미관찰","육안; 위치별 농도 분석 미실시","23","2","25","완료","육안 미관찰","추가 교반 없음","30","DEMO-V01","DEMO 회전식 점도계","DEMO-S1","DEMO-600","400","표시 준수","유효 기록 확인","적합 기록 확인","완료","완료","60","60","47","1264","mPa·s","합성 데이터; 물성 예측 아님; seed=20261002"
"PA-025","PA-025-M2","PA-025-S2","2","2026-09-02T01:02:00Z","POLY-A","DEMO-P1 (가상)","정제수 (가상 기록)","10","990","1","45","300","20","물 → 고분자, 가상 절차","육안 덩어리 미관찰","육안; 위치별 농도 분석 미실시","23","2","25","완료","육안 미관찰","추가 교반 없음","30","DEMO-V01","DEMO 회전식 점도계","DEMO-S1","DEMO-600","400","표시 준수","유효 기록 확인","적합 기록 확인","완료","완료","60","60","52","1276","mPa·s","합성 데이터; 물성 예측 아님; seed=20261002"
"PA-025","PA-025-M3","PA-025-S3","3","2026-09-02T01:03:00Z","POLY-A","DEMO-P1 (가상)","정제수 (가상 기록)","10","990","1","45","300","20","물 → 고분자, 가상 절차","육안 덩어리 미관찰","육안; 위치별 농도 분석 미실시","23","2","25","완료","육안 미관찰","추가 교반 없음","30","DEMO-V01","DEMO 회전식 점도계","DEMO-S1","DEMO-600","400","표시 준수","유효 기록 확인","적합 기록 확인","완료","완료","60","60","61","1264","mPa·s","합성 데이터; 물성 예측 아님; seed=20261002"
"PA-025","PA-025-M4","PA-025-S4","4","2026-09-02T01:04:00Z","POLY-A","DEMO-P1 (가상)","정제수 (가상 기록)","10","990","1","45","300","20","물 → 고분자, 가상 절차","육안 덩어리 미관찰","육안; 위치별 농도 분석 미실시","23","2","25","완료","육안 미관찰","추가 교반 없음","30","DEMO-V01","DEMO 회전식 점도계","DEMO-S1","DEMO-600","400","표시 준수","유효 기록 확인","적합 기록 확인","완료","완료","60","60","63","1289","cP","합성 데이터; 물성 예측 아님; seed=20261002"
"PA-026","PA-026-M1","PA-026-S1","1","2026-09-02T02:01:00Z","POLY-A","DEMO-P1 (가상)","정제수 (가상 기록)","10","990","1","40","300","20","물 → 고분자, 가상 절차","육안 덩어리 미관찰","육안; 위치별 농도 분석 미실시","23","2","28","완료","육안 미관찰","추가 교반 없음","30","DEMO-V01","DEMO 회전식 점도계","DEMO-S1","DEMO-600","400","표시 준수","유효 기록 확인","적합 기록 확인","완료","완료","60","60","47","1268","mPa·s","합성 데이터; 물성 예측 아님; seed=20261002"
"PA-026","PA-026-M2","PA-026-S2","2","2026-09-02T02:02:00Z","POLY-A","DEMO-P1 (가상)","정제수 (가상 기록)","10","990","1","40","300","20","물 → 고분자, 가상 절차","육안 덩어리 미관찰","육안; 위치별 농도 분석 미실시","23","2","25","완료","육안 미관찰","추가 교반 없음","30","DEMO-V01","DEMO 회전식 점도계","DEMO-S1","DEMO-600","400","표시 준수","유효 기록 확인","적합 기록 확인","완료","완료","30","60","53","1276","mPa·s","합성 데이터; 물성 예측 아님; seed=20261002"
"PA-026","PA-026-M3","PA-026-S3","3","2026-09-02T02:03:00Z","POLY-A","DEMO-P1 (가상)","정제수 (가상 기록)","10","990","1","40","300","20","물 → 고분자, 가상 절차","육안 덩어리 미관찰","육안; 위치별 농도 분석 미실시","23","2","25","완료","육안 미관찰","추가 교반 없음","30","DEMO-V01","DEMO 회전식 점도계","DEMO-S2","DEMO-600","400","표시 준수","유효 기록 확인","적합 기록 확인","완료","완료","60","60","60","1272","mPa·s","합성 데이터; 물성 예측 아님; seed=20261002"
"PA-026","PA-026-M4","PA-026-S4","4","2026-09-02T02:04:00Z","POLY-A","DEMO-P1 (가상)","정제수 (가상 기록)","10","990","1","40","300","20","물 → 고분자, 가상 절차","육안 덩어리 미관찰","육안; 위치별 농도 분석 미실시","23","2","25","완료","육안 미관찰","추가 교반 없음","30","DEMO-V01","DEMO 회전식 점도계","DEMO-S1","DEMO-600","400","표시 준수","유효 기록 확인","적합 기록 확인","완료","완료","60","20","62","1254","cP","합성 데이터; 물성 예측 아님; seed=20261002"
"PA-027","PA-027-M1","PA-027-S1","1","2026-09-02T03:01:00Z","POLY-A","DEMO-P1 (가상)","정제수 (가상 기록)","10","990","1","40","300","20","물 → 고분자, 가상 절차","육안 덩어리 미관찰","육안; 위치별 농도 분석 미실시","23","2","","완료","육안 미관찰","추가 교반 없음","30","DEMO-V01","DEMO 회전식 점도계","DEMO-S1","DEMO-600","400","표시 준수","유효 기록 확인","적합 기록 확인","완료","완료","60","60","56","1294","mPa·s","합성 데이터; 물성 예측 아님; seed=20261002"
"PA-027","PA-027-M2","PA-027-S2","2","2026-09-02T03:02:00Z","POLY-A","DEMO-P1 (가상)","정제수 (가상 기록)","10","990","1","40","300","20","물 → 고분자, 가상 절차","육안 덩어리 미관찰","육안; 위치별 농도 분석 미실시","23","2","25","완료","육안 미관찰","추가 교반 없음","30","DEMO-V01","DEMO 회전식 점도계","DEMO-S1","DEMO-600","400","표시 준수","유효 기록 확인","적합 기록 확인","완료","완료","","60","64","1318","mPa·s","합성 데이터; 물성 예측 아님; seed=20261002"
"PA-027","PA-027-M3","PA-027-S3","3","2026-09-02T03:03:00Z","POLY-A","DEMO-P1 (가상)","정제수 (가상 기록)","10","990","1","40","300","20","물 → 고분자, 가상 절차","육안 덩어리 미관찰","육안; 위치별 농도 분석 미실시","23","2","25","완료","육안 미관찰","추가 교반 없음","30","DEMO-V01","DEMO 회전식 점도계","DEMO-S1","DEMO-600","400","표시 준수","유효 기록 확인","적합 기록 확인","완료","완료","60","60","48","","mPa·s","합성 데이터; 물성 예측 아님; seed=20261002"
"PA-027","PA-027-M4","PA-027-S4","4","2026-09-02T03:04:00Z","POLY-A","DEMO-P1 (가상)","정제수 (가상 기록)","10","990","1","40","300","20","물 → 고분자, 가상 절차","육안 덩어리 미관찰","육안; 위치별 농도 분석 미실시","23","2","25","","육안 미관찰","추가 교반 없음","30","DEMO-V01","DEMO 회전식 점도계","DEMO-S1","DEMO-600","400","표시 준수","유효 기록 확인","적합 기록 확인","완료","완료","60","60","46","1309","cP","합성 데이터; 물성 예측 아님; seed=20261002"
"PA-028","PA-028-M1","PA-028-S1","1","2026-09-02T04:01:00Z","POLY-A","DEMO-P1 (가상)","정제수 (가상 기록)","10","990","1","40","300","20","물 → 고분자, 가상 절차","육안 덩어리 미관찰","육안; 위치별 농도 분석 미실시","23","2","25","완료","육안 미관찰","추가 교반 없음","30","DEMO-V01","DEMO 회전식 점도계","DEMO-S1","DEMO-600","400","표시 준수","유효 기록 확인","적합 기록 확인","완료","완료","60","60","48","850","mPa·s","합성 데이터; 물성 예측 아님; seed=20261002"
"PA-028","PA-028-M2","PA-028-S2","2","2026-09-02T04:02:00Z","POLY-A","DEMO-P1 (가상)","정제수 (가상 기록)","10","990","1","40","300","20","물 → 고분자, 가상 절차","육안 덩어리 미관찰","육안; 위치별 농도 분석 미실시","23","2","25","완료","육안 미관찰","추가 교반 없음","30","DEMO-V01","DEMO 회전식 점도계","DEMO-S1","DEMO-600","400","표시 준수","유효 기록 확인","적합 기록 확인","완료","완료","60","60","55","1680","mPa·s","합성 데이터; 물성 예측 아님; seed=20261002"
"PA-028","PA-028-M3","PA-028-S3","3","2026-09-02T04:03:00Z","POLY-A","DEMO-P1 (가상)","정제수 (가상 기록)","10","990","1","40","300","20","물 → 고분자, 가상 절차","육안 덩어리 미관찰","육안; 위치별 농도 분석 미실시","23","2","25","완료","육안 미관찰","추가 교반 없음","30","DEMO-V01","DEMO 회전식 점도계","DEMO-S1","DEMO-600","400","표시 준수","유효 기록 확인","적합 기록 확인","완료","완료","60","60","52","850","mPa·s","합성 데이터; 물성 예측 아님; seed=20261002"
"PA-028","PA-028-M4","PA-028-S4","4","2026-09-02T04:04:00Z","POLY-A","DEMO-P1 (가상)","정제수 (가상 기록)","10","990","1","40","300","20","물 → 고분자, 가상 절차","육안 덩어리 미관찰","육안; 위치별 농도 분석 미실시","23","2","25","완료","육안 미관찰","추가 교반 없음","30","DEMO-V01","DEMO 회전식 점도계","DEMO-S1","DEMO-600","400","표시 준수","유효 기록 확인","적합 기록 확인","완료","완료","60","60","50","1680","cP","합성 데이터; 물성 예측 아님; seed=20261002"
"PA-029","PA-029-M1","PA-029-S1","1","2026-09-02T05:01:00Z","POLY-A","DEMO-P1 (가상)","정제수 (가상 기록)","10","990","1","40","300","20","물 → 고분자, 가상 절차","육안 덩어리 미관찰","육안; 위치별 농도 분석 미실시","23","2","25","완료","관찰됨","추가 교반 없음","30","DEMO-V01","DEMO 회전식 점도계","DEMO-S1","DEMO-600","400","표시 준수","유효 기록 확인","적합 기록 확인","완료","완료","60","60","54","1249","mPa·s","합성 데이터; 물성 예측 아님; seed=20261002"
"PA-029","PA-029-M2","PA-029-S2","2","2026-09-02T05:02:00Z","POLY-A","DEMO-P1 (가상)","정제수 (가상 기록)","10","990","1","40","300","20","물 → 고분자, 가상 절차","육안 덩어리 미관찰","육안; 위치별 농도 분석 미실시","23","2","25","미확인","육안 미관찰","추가 교반 없음","30","DEMO-V01","DEMO 회전식 점도계","DEMO-S1","DEMO-600","400","표시 준수","유효 기록 확인","적합 기록 확인","완료","완료","60","60","63","1243","mPa·s","합성 데이터; 물성 예측 아님; seed=20261002"
"PA-029","PA-029-M3","PA-029-S3","3","2026-09-02T05:03:00Z","POLY-A","DEMO-P1 (가상)","정제수 (가상 기록)","10","990","1","40","300","20","물 → 고분자, 가상 절차","육안 덩어리 미관찰","육안; 위치별 농도 분석 미실시","23","2","25","완료","육안 미관찰","추가 교반 없음","30","DEMO-V01","DEMO 회전식 점도계","DEMO-S1","DEMO-600","400","미준수","유효 기록 확인","적합 기록 확인","완료","완료","60","60","57","1251","mPa·s","합성 데이터; 물성 예측 아님; seed=20261002"
"PA-029","PA-029-M4","PA-029-S4","4","2026-09-02T05:04:00Z","POLY-A","DEMO-P1 (가상)","정제수 (가상 기록)","10","990","1","40","300","20","물 → 고분자, 가상 절차","육안 덩어리 미관찰","육안; 위치별 농도 분석 미실시","23","2","25","완료","육안 미관찰","추가 교반 없음","30","DEMO-V01","DEMO 회전식 점도계","DEMO-S1","DEMO-600","400","표시 준수","유효 기록 확인","적합 기록 확인","완료","완료","60","60","5","1235","cP","합성 데이터; 물성 예측 아님; seed=20261002"
"PA-030","PA-030-M1","PA-030-S1","1","2026-09-02T06:01:00Z","POLY-A","DEMO-P1 (가상)","정제수 (가상 기록)","10","990","1","45","300","20","물 → 고분자, 가상 절차","육안 덩어리 미관찰","육안; 위치별 농도 분석 미실시","23","2","28","완료","육안 미관찰","추가 교반 없음","30","DEMO-V01","DEMO 회전식 점도계","DEMO-S1","DEMO-600","400","표시 준수","유효 기록 확인","적합 기록 확인","완료","완료","60","60","50","1750","mPa·s","합성 데이터; 물성 예측 아님; seed=20261002"
"PA-030","PA-030-M2","PA-030-S2","2","2026-09-02T06:02:00Z","POLY-A","DEMO-P1 (가상)","정제수 (가상 기록)","10","990","1","45","300","20","물 → 고분자, 가상 절차","육안 덩어리 미관찰","육안; 위치별 농도 분석 미실시","23","2","28","완료","육안 미관찰","추가 교반 없음","30","DEMO-V01","DEMO 회전식 점도계","DEMO-S1","DEMO-600","400","표시 준수","유효 기록 확인","적합 기록 확인","완료","완료","60","60","56","1750","mPa·s","합성 데이터; 물성 예측 아님; seed=20261002"
"PA-030","PA-030-M3","PA-030-S3","3","2026-09-02T06:03:00Z","POLY-A","DEMO-P1 (가상)","정제수 (가상 기록)","10","990","1","45","300","20","물 → 고분자, 가상 절차","육안 덩어리 미관찰","육안; 위치별 농도 분석 미실시","23","2","28","완료","육안 미관찰","추가 교반 없음","30","DEMO-V01","DEMO 회전식 점도계","DEMO-S1","DEMO-600","400","표시 준수","유효 기록 확인","적합 기록 확인","완료","완료","60","60","50","1750","mPa·s","합성 데이터; 물성 예측 아님; seed=20261002"
"PA-030","PA-030-M4","PA-030-S4","4","2026-09-02T06:04:00Z","POLY-A","DEMO-P1 (가상)","정제수 (가상 기록)","10","990","1","45","300","20","물 → 고분자, 가상 절차","육안 덩어리 미관찰","육안; 위치별 농도 분석 미실시","23","2","28","완료","육안 미관찰","추가 교반 없음","30","DEMO-V01","DEMO 회전식 점도계","DEMO-S1","DEMO-600","400","표시 준수","유효 기록 확인","적합 기록 확인","완료","완료","60","60","54","1750","cP","합성 데이터; 물성 예측 아님; seed=20261002"
"PA-031","PA-031-M1","PA-031-S1","1","2026-09-02T07:01:00Z","POLY-A","DEMO-P1 (가상)","정제수 (가상 기록)","10","990","1","40","300","20","물 → 고분자, 가상 절차","육안 덩어리 미관찰","육안; 위치별 농도 분석 미실시","23","2","25","완료","육안 미관찰","추가 교반 없음","30","DEMO-V01","DEMO 회전식 점도계","DEMO-S1","DEMO-600","400","표시 준수","유효 기록 확인","적합 기록 확인","완료","완료","60","60","55","1279","mPa·s","합성 데이터; 물성 예측 아님; seed=20261002"
"PA-031","PA-031-M2","PA-031-S2","2","2026-09-02T07:02:00Z","POLY-A","DEMO-P1 (가상)","정제수 (가상 기록)","10","990","1","40","300","20","물 → 고분자, 가상 절차","육안 덩어리 미관찰","육안; 위치별 농도 분석 미실시","23","2","25","완료","육안 미관찰","추가 교반 없음","30","DEMO-V01","DEMO 회전식 점도계","DEMO-S1","DEMO-600","400","표시 준수","유효 기록 확인","적합 기록 확인","완료","완료","60","60","54","1288","mPa·s","합성 데이터; 물성 예측 아님; seed=20261002"
"PA-031","PA-031-M3","PA-031-S3","3","2026-09-02T07:03:00Z","POLY-A","DEMO-P1 (가상)","정제수 (가상 기록)","10","990","1","40","300","20","물 → 고분자, 가상 절차","육안 덩어리 미관찰","육안; 위치별 농도 분석 미실시","23","2","25","완료","육안 미관찰","추가 교반 없음","30","DEMO-V01","DEMO 회전식 점도계","DEMO-S1","DEMO-600","400","표시 준수","유효 기록 확인","적합 기록 확인","완료","완료","60","60","53","1283","mPa·s","합성 데이터; 물성 예측 아님; seed=20261002"
"PA-031","PA-031-M4","PA-031-S4","4","2026-09-02T07:04:00Z","POLY-A","DEMO-P1 (가상)","정제수 (가상 기록)","10","990","1","40","300","20","물 → 고분자, 가상 절차","육안 덩어리 미관찰","육안; 위치별 농도 분석 미실시","23","2","25","완료","육안 미관찰","추가 교반 없음","30","DEMO-V01","DEMO 회전식 점도계","DEMO-S1","DEMO-600","400","표시 준수","유효 기록 확인","적합 기록 확인","완료","완료","60","60","54","1294","cP","합성 데이터; 물성 예측 아님; seed=20261002"
"PA-032","PA-032-M1","PA-032-S1","1","2026-09-02T08:01:00Z","POLY-A","DEMO-P1 (가상)","정제수 (가상 기록)","10","990","1","40","300","20","물 → 고분자, 가상 절차","육안 덩어리 미관찰","육안; 위치별 농도 분석 미실시","23","2","25","완료","육안 미관찰","추가 교반 없음","30","DEMO-V01","DEMO 회전식 점도계","DEMO-S1","DEMO-600","400","표시 준수","유효 기록 확인","적합 기록 확인","완료","완료","60","60","53","1256","mPa·s","합성 데이터; 물성 예측 아님; seed=20261002"
"PA-032","PA-032-M2","PA-032-S2","2","2026-09-02T08:02:00Z","POLY-A","DEMO-P1 (가상)","정제수 (가상 기록)","10","990","1","40","300","20","물 → 고분자, 가상 절차","육안 덩어리 미관찰","육안; 위치별 농도 분석 미실시","23","2","25","완료","육안 미관찰","추가 교반 없음","30","DEMO-V01","DEMO 회전식 점도계","DEMO-S1","DEMO-600","400","표시 준수","유효 기록 확인","적합 기록 확인","완료","완료","60","60","57","1238","mPa·s","합성 데이터; 물성 예측 아님; seed=20261002"
"PA-032","PA-032-M3","PA-032-S3","3","2026-09-02T08:03:00Z","POLY-A","DEMO-P1 (가상)","정제수 (가상 기록)","10","990","1","40","300","20","물 → 고분자, 가상 절차","육안 덩어리 미관찰","육안; 위치별 농도 분석 미실시","23","2","25","완료","육안 미관찰","추가 교반 없음","30","DEMO-V01","DEMO 회전식 점도계","DEMO-S1","DEMO-600","400","표시 준수","유효 기록 확인","적합 기록 확인","완료","완료","60","60","47","1237","mPa·s","합성 데이터; 물성 예측 아님; seed=20261002"
"PA-032","PA-032-M4","PA-032-S4","4","2026-09-02T08:04:00Z","POLY-A","DEMO-P1 (가상)","정제수 (가상 기록)","10","990","1","40","300","20","물 → 고분자, 가상 절차","육안 덩어리 미관찰","육안; 위치별 농도 분석 미실시","23","2","25","완료","육안 미관찰","추가 교반 없음","30","DEMO-V01","DEMO 회전식 점도계","DEMO-S1","DEMO-600","400","표시 준수","유효 기록 확인","적합 기록 확인","완료","완료","60","60","61","1247","cP","합성 데이터; 물성 예측 아님; seed=20261002"
"PA-033","PA-033-M1","PA-033-S1","1","2026-09-02T09:01:00Z","POLY-A","DEMO-P1 (가상)","정제수 (가상 기록)","10","990","1","40","300","20","물 → 고분자, 가상 절차","육안 덩어리 미관찰","육안; 위치별 농도 분석 미실시","23","2","25","완료","육안 미관찰","추가 교반 없음","30","DEMO-V01","DEMO 회전식 점도계","DEMO-S1","DEMO-600","400","표시 준수","유효 기록 확인","적합 기록 확인","완료","완료","60","60","47","1188","mPa·s","합성 데이터; 물성 예측 아님; seed=20261002"
"PA-033","PA-033-M2","PA-033-S2","2","2026-09-02T09:02:00Z","POLY-A","DEMO-P1 (가상)","정제수 (가상 기록)","10","990","1","40","300","20","물 → 고분자, 가상 절차","육안 덩어리 미관찰","육안; 위치별 농도 분석 미실시","23","2","25","완료","육안 미관찰","추가 교반 없음","30","DEMO-V01","DEMO 회전식 점도계","DEMO-S1","DEMO-600","400","표시 준수","유효 기록 확인","적합 기록 확인","완료","완료","60","60","48","1193","mPa·s","합성 데이터; 물성 예측 아님; seed=20261002"
"PA-033","PA-033-M3","PA-033-S3","3","2026-09-02T09:03:00Z","POLY-A","DEMO-P1 (가상)","정제수 (가상 기록)","10","990","1","40","300","20","물 → 고분자, 가상 절차","육안 덩어리 미관찰","육안; 위치별 농도 분석 미실시","23","2","25","완료","육안 미관찰","추가 교반 없음","30","DEMO-V01","DEMO 회전식 점도계","DEMO-S1","DEMO-600","400","표시 준수","유효 기록 확인","적합 기록 확인","완료","완료","60","60","52","1184","mPa·s","합성 데이터; 물성 예측 아님; seed=20261002"
"PA-033","PA-033-M4","PA-033-S4","4","2026-09-02T09:04:00Z","POLY-A","DEMO-P1 (가상)","정제수 (가상 기록)","10","990","1","40","300","20","물 → 고분자, 가상 절차","육안 덩어리 미관찰","육안; 위치별 농도 분석 미실시","23","2","25","완료","육안 미관찰","추가 교반 없음","30","DEMO-V01","DEMO 회전식 점도계","DEMO-S1","DEMO-600","400","표시 준수","유효 기록 확인","적합 기록 확인","완료","완료","60","60","62","1215","cP","합성 데이터; 물성 예측 아님; seed=20261002"
"PA-034","PA-034-M1","PA-034-S1","1","2026-09-02T10:01:00Z","POLY-A","DEMO-P1 (가상)","정제수 (가상 기록)","10","990","1","40","300","20","물 → 고분자, 가상 절차","육안 덩어리 미관찰","육안; 위치별 농도 분석 미실시","23","2","25","완료","육안 미관찰","추가 교반 없음","30","DEMO-V01","DEMO 회전식 점도계","DEMO-S1","DEMO-600","400","표시 준수","유효 기록 확인","적합 기록 확인","완료","완료","60","60","57","1130","mPa·s","합성 데이터; 물성 예측 아님; seed=20261002"
"PA-034","PA-034-M2","PA-034-S2","2","2026-09-02T10:02:00Z","POLY-A","DEMO-P1 (가상)","정제수 (가상 기록)","10","990","1","40","300","20","물 → 고분자, 가상 절차","육안 덩어리 미관찰","육안; 위치별 농도 분석 미실시","23","2","25","완료","육안 미관찰","추가 교반 없음","30","DEMO-V01","DEMO 회전식 점도계","DEMO-S1","DEMO-600","400","표시 준수","유효 기록 확인","적합 기록 확인","완료","완료","60","60","53","1139","mPa·s","합성 데이터; 물성 예측 아님; seed=20261002"
"PA-034","PA-034-M3","PA-034-S3","3","2026-09-02T10:03:00Z","POLY-A","DEMO-P1 (가상)","정제수 (가상 기록)","10","990","1","40","300","20","물 → 고분자, 가상 절차","육안 덩어리 미관찰","육안; 위치별 농도 분석 미실시","23","2","25","완료","육안 미관찰","추가 교반 없음","30","DEMO-V01","DEMO 회전식 점도계","DEMO-S1","DEMO-600","400","표시 준수","유효 기록 확인","적합 기록 확인","완료","완료","60","60","47","1134","mPa·s","합성 데이터; 물성 예측 아님; seed=20261002"
"PA-034","PA-034-M4","PA-034-S4","4","2026-09-02T10:04:00Z","POLY-A","DEMO-P1 (가상)","정제수 (가상 기록)","10","990","1","40","300","20","물 → 고분자, 가상 절차","육안 덩어리 미관찰","육안; 위치별 농도 분석 미실시","23","2","25","완료","육안 미관찰","추가 교반 없음","30","DEMO-V01","DEMO 회전식 점도계","DEMO-S1","DEMO-600","400","표시 준수","유효 기록 확인","적합 기록 확인","완료","완료","60","60","59","1143","cP","합성 데이터; 물성 예측 아님; seed=20261002"
"PA-035","PA-035-M1","PA-035-S1","1","2026-09-02T11:01:00Z","POLY-A","DEMO-P1 (가상)","정제수 (가상 기록)","10","990","1","45","300","20","물 → 고분자, 가상 절차","육안 덩어리 미관찰","육안; 위치별 농도 분석 미실시","23","2","25","완료","육안 미관찰","추가 교반 없음","30","DEMO-V01","DEMO 회전식 점도계","DEMO-S1","DEMO-600","400","표시 준수","유효 기록 확인","적합 기록 확인","완료","완료","60","60","49","1121","mPa·s","합성 데이터; 물성 예측 아님; seed=20261002"
"PA-035","PA-035-M2","PA-035-S2","2","2026-09-02T11:02:00Z","POLY-A","DEMO-P1 (가상)","정제수 (가상 기록)","10","990","1","45","300","20","물 → 고분자, 가상 절차","육안 덩어리 미관찰","육안; 위치별 농도 분석 미실시","23","2","25","완료","육안 미관찰","추가 교반 없음","30","DEMO-V01","DEMO 회전식 점도계","DEMO-S1","DEMO-600","400","표시 준수","유효 기록 확인","적합 기록 확인","완료","완료","60","60","59","1144","mPa·s","합성 데이터; 물성 예측 아님; seed=20261002"
"PA-035","PA-035-M3","PA-035-S3","3","2026-09-02T11:03:00Z","POLY-A","DEMO-P1 (가상)","정제수 (가상 기록)","10","990","1","45","300","20","물 → 고분자, 가상 절차","육안 덩어리 미관찰","육안; 위치별 농도 분석 미실시","23","2","25","완료","육안 미관찰","추가 교반 없음","30","DEMO-V01","DEMO 회전식 점도계","DEMO-S1","DEMO-600","400","표시 준수","유효 기록 확인","적합 기록 확인","완료","완료","60","60","64","1137","mPa·s","합성 데이터; 물성 예측 아님; seed=20261002"
"PA-035","PA-035-M4","PA-035-S4","4","2026-09-02T11:04:00Z","POLY-A","DEMO-P1 (가상)","정제수 (가상 기록)","10","990","1","45","300","20","물 → 고분자, 가상 절차","육안 덩어리 미관찰","육안; 위치별 농도 분석 미실시","23","2","25","완료","육안 미관찰","추가 교반 없음","30","DEMO-V01","DEMO 회전식 점도계","DEMO-S1","DEMO-600","400","표시 준수","유효 기록 확인","적합 기록 확인","완료","완료","60","60","63","1123","cP","합성 데이터; 물성 예측 아님; seed=20261002"
"PA-036","PA-036-M1","PA-036-S1","1","2026-09-02T12:01:00Z","POLY-A","DEMO-P1 (가상)","정제수 (가상 기록)","10","990","1","40","300","20","물 → 고분자, 가상 절차","육안 덩어리 미관찰","육안; 위치별 농도 분석 미실시","23","2","28","완료","육안 미관찰","추가 교반 없음","30","DEMO-V01","DEMO 회전식 점도계","DEMO-S1","DEMO-600","400","표시 준수","유효 기록 확인","적합 기록 확인","완료","완료","60","60","64","1188","mPa·s","합성 데이터; 물성 예측 아님; seed=20261002"
"PA-036","PA-036-M2","PA-036-S2","2","2026-09-02T12:02:00Z","POLY-A","DEMO-P1 (가상)","정제수 (가상 기록)","10","990","1","40","300","20","물 → 고분자, 가상 절차","육안 덩어리 미관찰","육안; 위치별 농도 분석 미실시","23","2","25","완료","육안 미관찰","추가 교반 없음","30","DEMO-V01","DEMO 회전식 점도계","DEMO-S1","DEMO-600","400","표시 준수","유효 기록 확인","적합 기록 확인","완료","완료","30","60","62","1180","mPa·s","합성 데이터; 물성 예측 아님; seed=20261002"
"PA-036","PA-036-M3","PA-036-S3","3","2026-09-02T12:03:00Z","POLY-A","DEMO-P1 (가상)","정제수 (가상 기록)","10","990","1","40","300","20","물 → 고분자, 가상 절차","육안 덩어리 미관찰","육안; 위치별 농도 분석 미실시","23","2","25","완료","육안 미관찰","추가 교반 없음","30","DEMO-V01","DEMO 회전식 점도계","DEMO-S2","DEMO-600","400","표시 준수","유효 기록 확인","적합 기록 확인","완료","완료","60","60","58","1181","mPa·s","합성 데이터; 물성 예측 아님; seed=20261002"
"PA-036","PA-036-M4","PA-036-S4","4","2026-09-02T12:04:00Z","POLY-A","DEMO-P1 (가상)","정제수 (가상 기록)","10","990","1","40","300","20","물 → 고분자, 가상 절차","육안 덩어리 미관찰","육안; 위치별 농도 분석 미실시","23","2","25","완료","육안 미관찰","추가 교반 없음","30","DEMO-V01","DEMO 회전식 점도계","DEMO-S1","DEMO-600","400","표시 준수","유효 기록 확인","적합 기록 확인","완료","완료","60","20","57","1179","cP","합성 데이터; 물성 예측 아님; seed=20261002"
"PA-037","PA-037-M1","PA-037-S1","1","2026-09-02T13:01:00Z","POLY-A","DEMO-P1 (가상)","정제수 (가상 기록)","10","990","1","40","300","20","물 → 고분자, 가상 절차","육안 덩어리 미관찰","육안; 위치별 농도 분석 미실시","23","2","","완료","육안 미관찰","추가 교반 없음","30","DEMO-V01","DEMO 회전식 점도계","DEMO-S1","DEMO-600","400","표시 준수","유효 기록 확인","적합 기록 확인","완료","완료","60","60","64","1228","mPa·s","합성 데이터; 물성 예측 아님; seed=20261002"
"PA-037","PA-037-M2","PA-037-S2","2","2026-09-02T13:02:00Z","POLY-A","DEMO-P1 (가상)","정제수 (가상 기록)","10","990","1","40","300","20","물 → 고분자, 가상 절차","육안 덩어리 미관찰","육안; 위치별 농도 분석 미실시","23","2","25","완료","육안 미관찰","추가 교반 없음","30","DEMO-V01","DEMO 회전식 점도계","DEMO-S1","DEMO-600","400","표시 준수","유효 기록 확인","적합 기록 확인","완료","완료","","60","47","1225","mPa·s","합성 데이터; 물성 예측 아님; seed=20261002"
"PA-037","PA-037-M3","PA-037-S3","3","2026-09-02T13:03:00Z","POLY-A","DEMO-P1 (가상)","정제수 (가상 기록)","10","990","1","40","300","20","물 → 고분자, 가상 절차","육안 덩어리 미관찰","육안; 위치별 농도 분석 미실시","23","2","25","완료","육안 미관찰","추가 교반 없음","30","DEMO-V01","DEMO 회전식 점도계","DEMO-S1","DEMO-600","400","표시 준수","유효 기록 확인","적합 기록 확인","완료","완료","60","60","63","","mPa·s","합성 데이터; 물성 예측 아님; seed=20261002"
"PA-037","PA-037-M4","PA-037-S4","4","2026-09-02T13:04:00Z","POLY-A","DEMO-P1 (가상)","정제수 (가상 기록)","10","990","1","40","300","20","물 → 고분자, 가상 절차","육안 덩어리 미관찰","육안; 위치별 농도 분석 미실시","23","2","25","","육안 미관찰","추가 교반 없음","30","DEMO-V01","DEMO 회전식 점도계","DEMO-S1","DEMO-600","400","표시 준수","유효 기록 확인","적합 기록 확인","완료","완료","60","60","60","1247","cP","합성 데이터; 물성 예측 아님; seed=20261002"
"PA-038","PA-038-M1","PA-038-S1","1","2026-09-02T14:01:00Z","POLY-A","DEMO-P1 (가상)","정제수 (가상 기록)","10","990","1","40","300","20","물 → 고분자, 가상 절차","육안 덩어리 미관찰","육안; 위치별 농도 분석 미실시","23","2","25","완료","육안 미관찰","추가 교반 없음","30","DEMO-V01","DEMO 회전식 점도계","DEMO-S1","DEMO-600","400","표시 준수","유효 기록 확인","적합 기록 확인","완료","완료","60","60","64","850","mPa·s","합성 데이터; 물성 예측 아님; seed=20261002"
"PA-038","PA-038-M2","PA-038-S2","2","2026-09-02T14:02:00Z","POLY-A","DEMO-P1 (가상)","정제수 (가상 기록)","10","990","1","40","300","20","물 → 고분자, 가상 절차","육안 덩어리 미관찰","육안; 위치별 농도 분석 미실시","23","2","25","완료","육안 미관찰","추가 교반 없음","30","DEMO-V01","DEMO 회전식 점도계","DEMO-S1","DEMO-600","400","표시 준수","유효 기록 확인","적합 기록 확인","완료","완료","60","60","64","1680","mPa·s","합성 데이터; 물성 예측 아님; seed=20261002"
"PA-038","PA-038-M3","PA-038-S3","3","2026-09-02T14:03:00Z","POLY-A","DEMO-P1 (가상)","정제수 (가상 기록)","10","990","1","40","300","20","물 → 고분자, 가상 절차","육안 덩어리 미관찰","육안; 위치별 농도 분석 미실시","23","2","25","완료","육안 미관찰","추가 교반 없음","30","DEMO-V01","DEMO 회전식 점도계","DEMO-S1","DEMO-600","400","표시 준수","유효 기록 확인","적합 기록 확인","완료","완료","60","60","49","850","mPa·s","합성 데이터; 물성 예측 아님; seed=20261002"
"PA-038","PA-038-M4","PA-038-S4","4","2026-09-02T14:04:00Z","POLY-A","DEMO-P1 (가상)","정제수 (가상 기록)","10","990","1","40","300","20","물 → 고분자, 가상 절차","육안 덩어리 미관찰","육안; 위치별 농도 분석 미실시","23","2","25","완료","육안 미관찰","추가 교반 없음","30","DEMO-V01","DEMO 회전식 점도계","DEMO-S1","DEMO-600","400","표시 준수","유효 기록 확인","적합 기록 확인","완료","완료","60","60","63","1680","cP","합성 데이터; 물성 예측 아님; seed=20261002"
"PA-039","PA-039-M1","PA-039-S1","1","2026-09-02T15:01:00Z","POLY-A","DEMO-P1 (가상)","정제수 (가상 기록)","10","990","1","40","300","20","물 → 고분자, 가상 절차","육안 덩어리 미관찰","육안; 위치별 농도 분석 미실시","23","2","25","완료","관찰됨","추가 교반 없음","30","DEMO-V01","DEMO 회전식 점도계","DEMO-S1","DEMO-600","400","표시 준수","유효 기록 확인","적합 기록 확인","완료","완료","60","60","45","1191","mPa·s","합성 데이터; 물성 예측 아님; seed=20261002"
"PA-039","PA-039-M2","PA-039-S2","2","2026-09-02T15:02:00Z","POLY-A","DEMO-P1 (가상)","정제수 (가상 기록)","10","990","1","40","300","20","물 → 고분자, 가상 절차","육안 덩어리 미관찰","육안; 위치별 농도 분석 미실시","23","2","25","미확인","육안 미관찰","추가 교반 없음","30","DEMO-V01","DEMO 회전식 점도계","DEMO-S1","DEMO-600","400","표시 준수","유효 기록 확인","적합 기록 확인","완료","완료","60","60","47","1193","mPa·s","합성 데이터; 물성 예측 아님; seed=20261002"
"PA-039","PA-039-M3","PA-039-S3","3","2026-09-02T15:03:00Z","POLY-A","DEMO-P1 (가상)","정제수 (가상 기록)","10","990","1","40","300","20","물 → 고분자, 가상 절차","육안 덩어리 미관찰","육안; 위치별 농도 분석 미실시","23","2","25","완료","육안 미관찰","추가 교반 없음","30","DEMO-V01","DEMO 회전식 점도계","DEMO-S1","DEMO-600","400","미준수","유효 기록 확인","적합 기록 확인","완료","완료","60","60","64","1175","mPa·s","합성 데이터; 물성 예측 아님; seed=20261002"
"PA-039","PA-039-M4","PA-039-S4","4","2026-09-02T15:04:00Z","POLY-A","DEMO-P1 (가상)","정제수 (가상 기록)","10","990","1","40","300","20","물 → 고분자, 가상 절차","육안 덩어리 미관찰","육안; 위치별 농도 분석 미실시","23","2","25","완료","육안 미관찰","추가 교반 없음","30","DEMO-V01","DEMO 회전식 점도계","DEMO-S1","DEMO-600","400","표시 준수","유효 기록 확인","적합 기록 확인","완료","완료","60","60","5","1198","cP","합성 데이터; 물성 예측 아님; seed=20261002"
"PA-040","PA-040-M1","PA-040-S1","1","2026-09-02T16:01:00Z","POLY-A","DEMO-P1 (가상)","정제수 (가상 기록)","10","990","1","45","300","20","물 → 고분자, 가상 절차","육안 덩어리 미관찰","육안; 위치별 농도 분석 미실시","23","2","28","완료","육안 미관찰","추가 교반 없음","30","DEMO-V01","DEMO 회전식 점도계","DEMO-S1","DEMO-600","400","표시 준수","유효 기록 확인","적합 기록 확인","완료","완료","60","60","61","1750","mPa·s","합성 데이터; 물성 예측 아님; seed=20261002"
"PA-040","PA-040-M2","PA-040-S2","2","2026-09-02T16:02:00Z","POLY-A","DEMO-P1 (가상)","정제수 (가상 기록)","10","990","1","45","300","20","물 → 고분자, 가상 절차","육안 덩어리 미관찰","육안; 위치별 농도 분석 미실시","23","2","28","완료","육안 미관찰","추가 교반 없음","30","DEMO-V01","DEMO 회전식 점도계","DEMO-S1","DEMO-600","400","표시 준수","유효 기록 확인","적합 기록 확인","완료","완료","60","60","48","1750","mPa·s","합성 데이터; 물성 예측 아님; seed=20261002"
"PA-040","PA-040-M3","PA-040-S3","3","2026-09-02T16:03:00Z","POLY-A","DEMO-P1 (가상)","정제수 (가상 기록)","10","990","1","45","300","20","물 → 고분자, 가상 절차","육안 덩어리 미관찰","육안; 위치별 농도 분석 미실시","23","2","28","완료","육안 미관찰","추가 교반 없음","30","DEMO-V01","DEMO 회전식 점도계","DEMO-S1","DEMO-600","400","표시 준수","유효 기록 확인","적합 기록 확인","완료","완료","60","60","65","1750","mPa·s","합성 데이터; 물성 예측 아님; seed=20261002"
"PA-040","PA-040-M4","PA-040-S4","4","2026-09-02T16:04:00Z","POLY-A","DEMO-P1 (가상)","정제수 (가상 기록)","10","990","1","45","300","20","물 → 고분자, 가상 절차","육안 덩어리 미관찰","육안; 위치별 농도 분석 미실시","23","2","28","완료","육안 미관찰","추가 교반 없음","30","DEMO-V01","DEMO 회전식 점도계","DEMO-S1","DEMO-600","400","표시 준수","유효 기록 확인","적합 기록 확인","완료","완료","60","60","63","1750","cP","합성 데이터; 물성 예측 아님; seed=20261002"
"PA-041","PA-041-M1","PA-041-S1","1","2026-09-02T17:01:00Z","POLY-A","DEMO-P1 (가상)","정제수 (가상 기록)","10","990","1","40","300","20","물 → 고분자, 가상 절차","육안 덩어리 미관찰","육안; 위치별 농도 분석 미실시","23","2","25","완료","육안 미관찰","추가 교반 없음","30","DEMO-V01","DEMO 회전식 점도계","DEMO-S1","DEMO-600","400","표시 준수","유효 기록 확인","적합 기록 확인","완료","완료","60","60","53","1277","mPa·s","합성 데이터; 물성 예측 아님; seed=20261002"
"PA-041","PA-041-M2","PA-041-S2","2","2026-09-02T17:02:00Z","POLY-A","DEMO-P1 (가상)","정제수 (가상 기록)","10","990","1","40","300","20","물 → 고분자, 가상 절차","육안 덩어리 미관찰","육안; 위치별 농도 분석 미실시","23","2","25","완료","육안 미관찰","추가 교반 없음","30","DEMO-V01","DEMO 회전식 점도계","DEMO-S1","DEMO-600","400","표시 준수","유효 기록 확인","적합 기록 확인","완료","완료","60","60","60","1277","mPa·s","합성 데이터; 물성 예측 아님; seed=20261002"
"PA-041","PA-041-M3","PA-041-S3","3","2026-09-02T17:03:00Z","POLY-A","DEMO-P1 (가상)","정제수 (가상 기록)","10","990","1","40","300","20","물 → 고분자, 가상 절차","육안 덩어리 미관찰","육안; 위치별 농도 분석 미실시","23","2","25","완료","육안 미관찰","추가 교반 없음","30","DEMO-V01","DEMO 회전식 점도계","DEMO-S1","DEMO-600","400","표시 준수","유효 기록 확인","적합 기록 확인","완료","완료","60","60","63","1281","mPa·s","합성 데이터; 물성 예측 아님; seed=20261002"
"PA-041","PA-041-M4","PA-041-S4","4","2026-09-02T17:04:00Z","POLY-A","DEMO-P1 (가상)","정제수 (가상 기록)","10","990","1","40","300","20","물 → 고분자, 가상 절차","육안 덩어리 미관찰","육안; 위치별 농도 분석 미실시","23","2","25","완료","육안 미관찰","추가 교반 없음","30","DEMO-V01","DEMO 회전식 점도계","DEMO-S1","DEMO-600","400","표시 준수","유효 기록 확인","적합 기록 확인","완료","완료","60","60","61","1291","cP","합성 데이터; 물성 예측 아님; seed=20261002"
"PA-042","PA-042-M1","PA-042-S1","1","2026-09-02T18:01:00Z","POLY-A","DEMO-P1 (가상)","정제수 (가상 기록)","10","990","1","40","300","20","물 → 고분자, 가상 절차","육안 덩어리 미관찰","육안; 위치별 농도 분석 미실시","23","2","25","완료","육안 미관찰","추가 교반 없음","30","DEMO-V01","DEMO 회전식 점도계","DEMO-S1","DEMO-600","400","표시 준수","유효 기록 확인","적합 기록 확인","완료","완료","60","60","62","1292","mPa·s","합성 데이터; 물성 예측 아님; seed=20261002"
"PA-042","PA-042-M2","PA-042-S2","2","2026-09-02T18:02:00Z","POLY-A","DEMO-P1 (가상)","정제수 (가상 기록)","10","990","1","40","300","20","물 → 고분자, 가상 절차","육안 덩어리 미관찰","육안; 위치별 농도 분석 미실시","23","2","25","완료","육안 미관찰","추가 교반 없음","30","DEMO-V01","DEMO 회전식 점도계","DEMO-S1","DEMO-600","400","표시 준수","유효 기록 확인","적합 기록 확인","완료","완료","60","60","54","1298","mPa·s","합성 데이터; 물성 예측 아님; seed=20261002"
"PA-042","PA-042-M3","PA-042-S3","3","2026-09-02T18:03:00Z","POLY-A","DEMO-P1 (가상)","정제수 (가상 기록)","10","990","1","40","300","20","물 → 고분자, 가상 절차","육안 덩어리 미관찰","육안; 위치별 농도 분석 미실시","23","2","25","완료","육안 미관찰","추가 교반 없음","30","DEMO-V01","DEMO 회전식 점도계","DEMO-S1","DEMO-600","400","표시 준수","유효 기록 확인","적합 기록 확인","완료","완료","60","60","47","1320","mPa·s","합성 데이터; 물성 예측 아님; seed=20261002"
"PA-042","PA-042-M4","PA-042-S4","4","2026-09-02T18:04:00Z","POLY-A","DEMO-P1 (가상)","정제수 (가상 기록)","10","990","1","40","300","20","물 → 고분자, 가상 절차","육안 덩어리 미관찰","육안; 위치별 농도 분석 미실시","23","2","25","완료","육안 미관찰","추가 교반 없음","30","DEMO-V01","DEMO 회전식 점도계","DEMO-S1","DEMO-600","400","표시 준수","유효 기록 확인","적합 기록 확인","완료","완료","60","60","53","1320","cP","합성 데이터; 물성 예측 아님; seed=20261002"
"PA-043","PA-043-M1","PA-043-S1","1","2026-09-02T19:01:00Z","POLY-A","DEMO-P1 (가상)","정제수 (가상 기록)","10","990","1","40","300","20","물 → 고분자, 가상 절차","육안 덩어리 미관찰","육안; 위치별 농도 분석 미실시","23","2","25","완료","육안 미관찰","추가 교반 없음","30","DEMO-V01","DEMO 회전식 점도계","DEMO-S1","DEMO-600","400","표시 준수","유효 기록 확인","적합 기록 확인","완료","완료","60","60","55","1147","mPa·s","합성 데이터; 물성 예측 아님; seed=20261002"
"PA-043","PA-043-M2","PA-043-S2","2","2026-09-02T19:02:00Z","POLY-A","DEMO-P1 (가상)","정제수 (가상 기록)","10","990","1","40","300","20","물 → 고분자, 가상 절차","육안 덩어리 미관찰","육안; 위치별 농도 분석 미실시","23","2","25","완료","육안 미관찰","추가 교반 없음","30","DEMO-V01","DEMO 회전식 점도계","DEMO-S1","DEMO-600","400","표시 준수","유효 기록 확인","적합 기록 확인","완료","완료","60","60","58","1145","mPa·s","합성 데이터; 물성 예측 아님; seed=20261002"
"PA-043","PA-043-M3","PA-043-S3","3","2026-09-02T19:03:00Z","POLY-A","DEMO-P1 (가상)","정제수 (가상 기록)","10","990","1","40","300","20","물 → 고분자, 가상 절차","육안 덩어리 미관찰","육안; 위치별 농도 분석 미실시","23","2","25","완료","육안 미관찰","추가 교반 없음","30","DEMO-V01","DEMO 회전식 점도계","DEMO-S1","DEMO-600","400","표시 준수","유효 기록 확인","적합 기록 확인","완료","완료","60","60","53","1140","mPa·s","합성 데이터; 물성 예측 아님; seed=20261002"
"PA-043","PA-043-M4","PA-043-S4","4","2026-09-02T19:04:00Z","POLY-A","DEMO-P1 (가상)","정제수 (가상 기록)","10","990","1","40","300","20","물 → 고분자, 가상 절차","육안 덩어리 미관찰","육안; 위치별 농도 분석 미실시","23","2","25","완료","육안 미관찰","추가 교반 없음","30","DEMO-V01","DEMO 회전식 점도계","DEMO-S1","DEMO-600","400","표시 준수","유효 기록 확인","적합 기록 확인","완료","완료","60","60","48","1155","cP","합성 데이터; 물성 예측 아님; seed=20261002"
"PA-044","PA-044-M1","PA-044-S1","1","2026-09-02T20:01:00Z","POLY-A","DEMO-P1 (가상)","정제수 (가상 기록)","10","990","1","40","300","20","물 → 고분자, 가상 절차","육안 덩어리 미관찰","육안; 위치별 농도 분석 미실시","23","2","25","완료","육안 미관찰","추가 교반 없음","30","DEMO-V01","DEMO 회전식 점도계","DEMO-S1","DEMO-600","400","표시 준수","유효 기록 확인","적합 기록 확인","완료","완료","60","60","55","1198","mPa·s","합성 데이터; 물성 예측 아님; seed=20261002"
"PA-044","PA-044-M2","PA-044-S2","2","2026-09-02T20:02:00Z","POLY-A","DEMO-P1 (가상)","정제수 (가상 기록)","10","990","1","40","300","20","물 → 고분자, 가상 절차","육안 덩어리 미관찰","육안; 위치별 농도 분석 미실시","23","2","25","완료","육안 미관찰","추가 교반 없음","30","DEMO-V01","DEMO 회전식 점도계","DEMO-S1","DEMO-600","400","표시 준수","유효 기록 확인","적합 기록 확인","완료","완료","60","60","49","1208","mPa·s","합성 데이터; 물성 예측 아님; seed=20261002"
"PA-044","PA-044-M3","PA-044-S3","3","2026-09-02T20:03:00Z","POLY-A","DEMO-P1 (가상)","정제수 (가상 기록)","10","990","1","40","300","20","물 → 고분자, 가상 절차","육안 덩어리 미관찰","육안; 위치별 농도 분석 미실시","23","2","25","완료","육안 미관찰","추가 교반 없음","30","DEMO-V01","DEMO 회전식 점도계","DEMO-S1","DEMO-600","400","표시 준수","유효 기록 확인","적합 기록 확인","완료","완료","60","60","60","1200","mPa·s","합성 데이터; 물성 예측 아님; seed=20261002"
"PA-044","PA-044-M4","PA-044-S4","4","2026-09-02T20:04:00Z","POLY-A","DEMO-P1 (가상)","정제수 (가상 기록)","10","990","1","40","300","20","물 → 고분자, 가상 절차","육안 덩어리 미관찰","육안; 위치별 농도 분석 미실시","23","2","25","완료","육안 미관찰","추가 교반 없음","30","DEMO-V01","DEMO 회전식 점도계","DEMO-S1","DEMO-600","400","표시 준수","유효 기록 확인","적합 기록 확인","완료","완료","60","60","55","1222","cP","합성 데이터; 물성 예측 아님; seed=20261002"
"PA-045","PA-045-M1","PA-045-S1","1","2026-09-02T21:01:00Z","POLY-A","DEMO-P1 (가상)","정제수 (가상 기록)","10","990","1","45","300","20","물 → 고분자, 가상 절차","육안 덩어리 미관찰","육안; 위치별 농도 분석 미실시","23","2","25","완료","육안 미관찰","추가 교반 없음","30","DEMO-V01","DEMO 회전식 점도계","DEMO-S1","DEMO-600","400","표시 준수","유효 기록 확인","적합 기록 확인","완료","완료","60","60","55","1172","mPa·s","합성 데이터; 물성 예측 아님; seed=20261002"
"PA-045","PA-045-M2","PA-045-S2","2","2026-09-02T21:02:00Z","POLY-A","DEMO-P1 (가상)","정제수 (가상 기록)","10","990","1","45","300","20","물 → 고분자, 가상 절차","육안 덩어리 미관찰","육안; 위치별 농도 분석 미실시","23","2","25","완료","육안 미관찰","추가 교반 없음","30","DEMO-V01","DEMO 회전식 점도계","DEMO-S1","DEMO-600","400","표시 준수","유효 기록 확인","적합 기록 확인","완료","완료","60","60","63","1203","mPa·s","합성 데이터; 물성 예측 아님; seed=20261002"
"PA-045","PA-045-M3","PA-045-S3","3","2026-09-02T21:03:00Z","POLY-A","DEMO-P1 (가상)","정제수 (가상 기록)","10","990","1","45","300","20","물 → 고분자, 가상 절차","육안 덩어리 미관찰","육안; 위치별 농도 분석 미실시","23","2","25","완료","육안 미관찰","추가 교반 없음","30","DEMO-V01","DEMO 회전식 점도계","DEMO-S1","DEMO-600","400","표시 준수","유효 기록 확인","적합 기록 확인","완료","완료","60","60","57","1192","mPa·s","합성 데이터; 물성 예측 아님; seed=20261002"
"PA-045","PA-045-M4","PA-045-S4","4","2026-09-02T21:04:00Z","POLY-A","DEMO-P1 (가상)","정제수 (가상 기록)","10","990","1","45","300","20","물 → 고분자, 가상 절차","육안 덩어리 미관찰","육안; 위치별 농도 분석 미실시","23","2","25","완료","육안 미관찰","추가 교반 없음","30","DEMO-V01","DEMO 회전식 점도계","DEMO-S1","DEMO-600","400","표시 준수","유효 기록 확인","적합 기록 확인","완료","완료","60","60","59","1174","cP","합성 데이터; 물성 예측 아님; seed=20261002"
"PA-046","PA-046-M1","PA-046-S1","1","2026-09-02T22:01:00Z","POLY-A","DEMO-P1 (가상)","정제수 (가상 기록)","10","990","1","40","300","20","물 → 고분자, 가상 절차","육안 덩어리 미관찰","육안; 위치별 농도 분석 미실시","23","2","28","완료","육안 미관찰","추가 교반 없음","30","DEMO-V01","DEMO 회전식 점도계","DEMO-S1","DEMO-600","400","표시 준수","유효 기록 확인","적합 기록 확인","완료","완료","60","60","63","1179","mPa·s","합성 데이터; 물성 예측 아님; seed=20261002"
"PA-046","PA-046-M2","PA-046-S2","2","2026-09-02T22:02:00Z","POLY-A","DEMO-P1 (가상)","정제수 (가상 기록)","10","990","1","40","300","20","물 → 고분자, 가상 절차","육안 덩어리 미관찰","육안; 위치별 농도 분석 미실시","23","2","25","완료","육안 미관찰","추가 교반 없음","30","DEMO-V01","DEMO 회전식 점도계","DEMO-S1","DEMO-600","400","표시 준수","유효 기록 확인","적합 기록 확인","완료","완료","30","60","50","1191","mPa·s","합성 데이터; 물성 예측 아님; seed=20261002"
"PA-046","PA-046-M3","PA-046-S3","3","2026-09-02T22:03:00Z","POLY-A","DEMO-P1 (가상)","정제수 (가상 기록)","10","990","1","40","300","20","물 → 고분자, 가상 절차","육안 덩어리 미관찰","육안; 위치별 농도 분석 미실시","23","2","25","완료","육안 미관찰","추가 교반 없음","30","DEMO-V01","DEMO 회전식 점도계","DEMO-S2","DEMO-600","400","표시 준수","유효 기록 확인","적합 기록 확인","완료","완료","60","60","47","1172","mPa·s","합성 데이터; 물성 예측 아님; seed=20261002"
"PA-046","PA-046-M4","PA-046-S4","4","2026-09-02T22:04:00Z","POLY-A","DEMO-P1 (가상)","정제수 (가상 기록)","10","990","1","40","300","20","물 → 고분자, 가상 절차","육안 덩어리 미관찰","육안; 위치별 농도 분석 미실시","23","2","25","완료","육안 미관찰","추가 교반 없음","30","DEMO-V01","DEMO 회전식 점도계","DEMO-S1","DEMO-600","400","표시 준수","유효 기록 확인","적합 기록 확인","완료","완료","60","20","51","1173","cP","합성 데이터; 물성 예측 아님; seed=20261002"
"PA-047","PA-047-M1","PA-047-S1","1","2026-09-02T23:01:00Z","POLY-A","DEMO-P1 (가상)","정제수 (가상 기록)","10","990","1","40","300","20","물 → 고분자, 가상 절차","육안 덩어리 미관찰","육안; 위치별 농도 분석 미실시","23","2","","완료","육안 미관찰","추가 교반 없음","30","DEMO-V01","DEMO 회전식 점도계","DEMO-S1","DEMO-600","400","표시 준수","유효 기록 확인","적합 기록 확인","완료","완료","60","60","63","1162","mPa·s","합성 데이터; 물성 예측 아님; seed=20261002"
"PA-047","PA-047-M2","PA-047-S2","2","2026-09-02T23:02:00Z","POLY-A","DEMO-P1 (가상)","정제수 (가상 기록)","10","990","1","40","300","20","물 → 고분자, 가상 절차","육안 덩어리 미관찰","육안; 위치별 농도 분석 미실시","23","2","25","완료","육안 미관찰","추가 교반 없음","30","DEMO-V01","DEMO 회전식 점도계","DEMO-S1","DEMO-600","400","표시 준수","유효 기록 확인","적합 기록 확인","완료","완료","","60","63","1157","mPa·s","합성 데이터; 물성 예측 아님; seed=20261002"
"PA-047","PA-047-M3","PA-047-S3","3","2026-09-02T23:03:00Z","POLY-A","DEMO-P1 (가상)","정제수 (가상 기록)","10","990","1","40","300","20","물 → 고분자, 가상 절차","육안 덩어리 미관찰","육안; 위치별 농도 분석 미실시","23","2","25","완료","육안 미관찰","추가 교반 없음","30","DEMO-V01","DEMO 회전식 점도계","DEMO-S1","DEMO-600","400","표시 준수","유효 기록 확인","적합 기록 확인","완료","완료","60","60","61","","mPa·s","합성 데이터; 물성 예측 아님; seed=20261002"
"PA-047","PA-047-M4","PA-047-S4","4","2026-09-02T23:04:00Z","POLY-A","DEMO-P1 (가상)","정제수 (가상 기록)","10","990","1","40","300","20","물 → 고분자, 가상 절차","육안 덩어리 미관찰","육안; 위치별 농도 분석 미실시","23","2","25","","육안 미관찰","추가 교반 없음","30","DEMO-V01","DEMO 회전식 점도계","DEMO-S1","DEMO-600","400","표시 준수","유효 기록 확인","적합 기록 확인","완료","완료","60","60","59","1150","cP","합성 데이터; 물성 예측 아님; seed=20261002"
"PA-048","PA-048-M1","PA-048-S1","1","2026-09-03T00:01:00Z","POLY-A","DEMO-P1 (가상)","정제수 (가상 기록)","10","990","1","40","300","20","물 → 고분자, 가상 절차","육안 덩어리 미관찰","육안; 위치별 농도 분석 미실시","23","2","25","완료","육안 미관찰","추가 교반 없음","30","DEMO-V01","DEMO 회전식 점도계","DEMO-S1","DEMO-600","400","표시 준수","유효 기록 확인","적합 기록 확인","완료","완료","60","60","60","850","mPa·s","합성 데이터; 물성 예측 아님; seed=20261002"
"PA-048","PA-048-M2","PA-048-S2","2","2026-09-03T00:02:00Z","POLY-A","DEMO-P1 (가상)","정제수 (가상 기록)","10","990","1","40","300","20","물 → 고분자, 가상 절차","육안 덩어리 미관찰","육안; 위치별 농도 분석 미실시","23","2","25","완료","육안 미관찰","추가 교반 없음","30","DEMO-V01","DEMO 회전식 점도계","DEMO-S1","DEMO-600","400","표시 준수","유효 기록 확인","적합 기록 확인","완료","완료","60","60","64","1680","mPa·s","합성 데이터; 물성 예측 아님; seed=20261002"
"PA-048","PA-048-M3","PA-048-S3","3","2026-09-03T00:03:00Z","POLY-A","DEMO-P1 (가상)","정제수 (가상 기록)","10","990","1","40","300","20","물 → 고분자, 가상 절차","육안 덩어리 미관찰","육안; 위치별 농도 분석 미실시","23","2","25","완료","육안 미관찰","추가 교반 없음","30","DEMO-V01","DEMO 회전식 점도계","DEMO-S1","DEMO-600","400","표시 준수","유효 기록 확인","적합 기록 확인","완료","완료","60","60","65","850","mPa·s","합성 데이터; 물성 예측 아님; seed=20261002"
"PA-048","PA-048-M4","PA-048-S4","4","2026-09-03T00:04:00Z","POLY-A","DEMO-P1 (가상)","정제수 (가상 기록)","10","990","1","40","300","20","물 → 고분자, 가상 절차","육안 덩어리 미관찰","육안; 위치별 농도 분석 미실시","23","2","25","완료","육안 미관찰","추가 교반 없음","30","DEMO-V01","DEMO 회전식 점도계","DEMO-S1","DEMO-600","400","표시 준수","유효 기록 확인","적합 기록 확인","완료","완료","60","60","60","1680","cP","합성 데이터; 물성 예측 아님; seed=20261002"
"PA-049","PA-049-M1","PA-049-S1","1","2026-09-03T01:01:00Z","POLY-A","DEMO-P1 (가상)","정제수 (가상 기록)","10","990","1","40","300","20","물 → 고분자, 가상 절차","육안 덩어리 미관찰","육안; 위치별 농도 분석 미실시","23","2","25","완료","관찰됨","추가 교반 없음","30","DEMO-V01","DEMO 회전식 점도계","DEMO-S1","DEMO-600","400","표시 준수","유효 기록 확인","적합 기록 확인","완료","완료","60","60","63","1206","mPa·s","합성 데이터; 물성 예측 아님; seed=20261002"
"PA-049","PA-049-M2","PA-049-S2","2","2026-09-03T01:02:00Z","POLY-A","DEMO-P1 (가상)","정제수 (가상 기록)","10","990","1","40","300","20","물 → 고분자, 가상 절차","육안 덩어리 미관찰","육안; 위치별 농도 분석 미실시","23","2","25","미확인","육안 미관찰","추가 교반 없음","30","DEMO-V01","DEMO 회전식 점도계","DEMO-S1","DEMO-600","400","표시 준수","유효 기록 확인","적합 기록 확인","완료","완료","60","60","62","1193","mPa·s","합성 데이터; 물성 예측 아님; seed=20261002"
"PA-049","PA-049-M3","PA-049-S3","3","2026-09-03T01:03:00Z","POLY-A","DEMO-P1 (가상)","정제수 (가상 기록)","10","990","1","40","300","20","물 → 고분자, 가상 절차","육안 덩어리 미관찰","육안; 위치별 농도 분석 미실시","23","2","25","완료","육안 미관찰","추가 교반 없음","30","DEMO-V01","DEMO 회전식 점도계","DEMO-S1","DEMO-600","400","미준수","유효 기록 확인","적합 기록 확인","완료","완료","60","60","64","1183","mPa·s","합성 데이터; 물성 예측 아님; seed=20261002"
"PA-049","PA-049-M4","PA-049-S4","4","2026-09-03T01:04:00Z","POLY-A","DEMO-P1 (가상)","정제수 (가상 기록)","10","990","1","40","300","20","물 → 고분자, 가상 절차","육안 덩어리 미관찰","육안; 위치별 농도 분석 미실시","23","2","25","완료","육안 미관찰","추가 교반 없음","30","DEMO-V01","DEMO 회전식 점도계","DEMO-S1","DEMO-600","400","표시 준수","유효 기록 확인","적합 기록 확인","완료","완료","60","60","5","1198","cP","합성 데이터; 물성 예측 아님; seed=20261002"
"PA-050","PA-050-M1","PA-050-S1","1","2026-09-03T02:01:00Z","POLY-A","DEMO-P1 (가상)","정제수 (가상 기록)","10","990","1","45","300","20","물 → 고분자, 가상 절차","육안 덩어리 미관찰","육안; 위치별 농도 분석 미실시","23","2","28","완료","육안 미관찰","추가 교반 없음","30","DEMO-V01","DEMO 회전식 점도계","DEMO-S1","DEMO-600","400","표시 준수","유효 기록 확인","적합 기록 확인","완료","완료","60","60","52","1750","mPa·s","합성 데이터; 물성 예측 아님; seed=20261002"
"PA-050","PA-050-M2","PA-050-S2","2","2026-09-03T02:02:00Z","POLY-A","DEMO-P1 (가상)","정제수 (가상 기록)","10","990","1","45","300","20","물 → 고분자, 가상 절차","육안 덩어리 미관찰","육안; 위치별 농도 분석 미실시","23","2","28","완료","육안 미관찰","추가 교반 없음","30","DEMO-V01","DEMO 회전식 점도계","DEMO-S1","DEMO-600","400","표시 준수","유효 기록 확인","적합 기록 확인","완료","완료","60","60","58","1750","mPa·s","합성 데이터; 물성 예측 아님; seed=20261002"
"PA-050","PA-050-M3","PA-050-S3","3","2026-09-03T02:03:00Z","POLY-A","DEMO-P1 (가상)","정제수 (가상 기록)","10","990","1","45","300","20","물 → 고분자, 가상 절차","육안 덩어리 미관찰","육안; 위치별 농도 분석 미실시","23","2","28","완료","육안 미관찰","추가 교반 없음","30","DEMO-V01","DEMO 회전식 점도계","DEMO-S1","DEMO-600","400","표시 준수","유효 기록 확인","적합 기록 확인","완료","완료","60","60","52","1750","mPa·s","합성 데이터; 물성 예측 아님; seed=20261002"
"PA-050","PA-050-M4","PA-050-S4","4","2026-09-03T02:04:00Z","POLY-A","DEMO-P1 (가상)","정제수 (가상 기록)","10","990","1","45","300","20","물 → 고분자, 가상 절차","육안 덩어리 미관찰","육안; 위치별 농도 분석 미실시","23","2","28","완료","육안 미관찰","추가 교반 없음","30","DEMO-V01","DEMO 회전식 점도계","DEMO-S1","DEMO-600","400","표시 준수","유효 기록 확인","적합 기록 확인","완료","완료","60","60","64","1750","cP","합성 데이터; 물성 예측 아님; seed=20261002"
"PA-051","PA-051-M1","PA-051-S1","1","2026-09-03T03:01:00Z","POLY-A","DEMO-P1 (가상)","정제수 (가상 기록)","10","990","1","40","300","20","물 → 고분자, 가상 절차","육안 덩어리 미관찰","육안; 위치별 농도 분석 미실시","23","2","25","완료","육안 미관찰","추가 교반 없음","30","DEMO-V01","DEMO 회전식 점도계","DEMO-S1","DEMO-600","400","표시 준수","유효 기록 확인","적합 기록 확인","완료","완료","60","60","48","1179","mPa·s","합성 데이터; 물성 예측 아님; seed=20261002"
"PA-051","PA-051-M2","PA-051-S2","2","2026-09-03T03:02:00Z","POLY-A","DEMO-P1 (가상)","정제수 (가상 기록)","10","990","1","40","300","20","물 → 고분자, 가상 절차","육안 덩어리 미관찰","육안; 위치별 농도 분석 미실시","23","2","25","완료","육안 미관찰","추가 교반 없음","30","DEMO-V01","DEMO 회전식 점도계","DEMO-S1","DEMO-600","400","표시 준수","유효 기록 확인","적합 기록 확인","완료","완료","60","60","45","1215","mPa·s","합성 데이터; 물성 예측 아님; seed=20261002"
"PA-051","PA-051-M3","PA-051-S3","3","2026-09-03T03:03:00Z","POLY-A","DEMO-P1 (가상)","정제수 (가상 기록)","10","990","1","40","300","20","물 → 고분자, 가상 절차","육안 덩어리 미관찰","육안; 위치별 농도 분석 미실시","23","2","25","완료","육안 미관찰","추가 교반 없음","30","DEMO-V01","DEMO 회전식 점도계","DEMO-S1","DEMO-600","400","표시 준수","유효 기록 확인","적합 기록 확인","완료","완료","60","60","49","1213","mPa·s","합성 데이터; 물성 예측 아님; seed=20261002"
"PA-051","PA-051-M4","PA-051-S4","4","2026-09-03T03:04:00Z","POLY-A","DEMO-P1 (가상)","정제수 (가상 기록)","10","990","1","40","300","20","물 → 고분자, 가상 절차","육안 덩어리 미관찰","육안; 위치별 농도 분석 미실시","23","2","25","완료","육안 미관찰","추가 교반 없음","30","DEMO-V01","DEMO 회전식 점도계","DEMO-S1","DEMO-600","400","표시 준수","유효 기록 확인","적합 기록 확인","완료","완료","60","60","63","1214","cP","합성 데이터; 물성 예측 아님; seed=20261002"
"PA-052","PA-052-M1","PA-052-S1","1","2026-09-03T04:01:00Z","POLY-A","DEMO-P1 (가상)","정제수 (가상 기록)","10","990","1","40","300","20","물 → 고분자, 가상 절차","육안 덩어리 미관찰","육안; 위치별 농도 분석 미실시","23","2","25","완료","육안 미관찰","추가 교반 없음","30","DEMO-V01","DEMO 회전식 점도계","DEMO-S1","DEMO-600","400","표시 준수","유효 기록 확인","적합 기록 확인","완료","완료","60","60","54","1211","mPa·s","합성 데이터; 물성 예측 아님; seed=20261002"
"PA-052","PA-052-M2","PA-052-S2","2","2026-09-03T04:02:00Z","POLY-A","DEMO-P1 (가상)","정제수 (가상 기록)","10","990","1","40","300","20","물 → 고분자, 가상 절차","육안 덩어리 미관찰","육안; 위치별 농도 분석 미실시","23","2","25","완료","육안 미관찰","추가 교반 없음","30","DEMO-V01","DEMO 회전식 점도계","DEMO-S1","DEMO-600","400","표시 준수","유효 기록 확인","적합 기록 확인","완료","완료","60","60","60","1236","mPa·s","합성 데이터; 물성 예측 아님; seed=20261002"
"PA-052","PA-052-M3","PA-052-S3","3","2026-09-03T04:03:00Z","POLY-A","DEMO-P1 (가상)","정제수 (가상 기록)","10","990","1","40","300","20","물 → 고분자, 가상 절차","육안 덩어리 미관찰","육안; 위치별 농도 분석 미실시","23","2","25","완료","육안 미관찰","추가 교반 없음","30","DEMO-V01","DEMO 회전식 점도계","DEMO-S1","DEMO-600","400","표시 준수","유효 기록 확인","적합 기록 확인","완료","완료","60","60","52","1231","mPa·s","합성 데이터; 물성 예측 아님; seed=20261002"
"PA-052","PA-052-M4","PA-052-S4","4","2026-09-03T04:04:00Z","POLY-A","DEMO-P1 (가상)","정제수 (가상 기록)","10","990","1","40","300","20","물 → 고분자, 가상 절차","육안 덩어리 미관찰","육안; 위치별 농도 분석 미실시","23","2","25","완료","육안 미관찰","추가 교반 없음","30","DEMO-V01","DEMO 회전식 점도계","DEMO-S1","DEMO-600","400","표시 준수","유효 기록 확인","적합 기록 확인","완료","완료","60","60","54","1200","cP","합성 데이터; 물성 예측 아님; seed=20261002"
"PA-053","PA-053-M1","PA-053-S1","1","2026-09-03T05:01:00Z","POLY-A","DEMO-P1 (가상)","정제수 (가상 기록)","10","990","1","40","300","20","물 → 고분자, 가상 절차","육안 덩어리 미관찰","육안; 위치별 농도 분석 미실시","23","2","25","완료","육안 미관찰","추가 교반 없음","30","DEMO-V01","DEMO 회전식 점도계","DEMO-S1","DEMO-600","400","표시 준수","유효 기록 확인","적합 기록 확인","완료","완료","60","60","60","1205","mPa·s","합성 데이터; 물성 예측 아님; seed=20261002"
"PA-053","PA-053-M2","PA-053-S2","2","2026-09-03T05:02:00Z","POLY-A","DEMO-P1 (가상)","정제수 (가상 기록)","10","990","1","40","300","20","물 → 고분자, 가상 절차","육안 덩어리 미관찰","육안; 위치별 농도 분석 미실시","23","2","25","완료","육안 미관찰","추가 교반 없음","30","DEMO-V01","DEMO 회전식 점도계","DEMO-S1","DEMO-600","400","표시 준수","유효 기록 확인","적합 기록 확인","완료","완료","60","60","56","1192","mPa·s","합성 데이터; 물성 예측 아님; seed=20261002"
"PA-053","PA-053-M3","PA-053-S3","3","2026-09-03T05:03:00Z","POLY-A","DEMO-P1 (가상)","정제수 (가상 기록)","10","990","1","40","300","20","물 → 고분자, 가상 절차","육안 덩어리 미관찰","육안; 위치별 농도 분석 미실시","23","2","25","완료","육안 미관찰","추가 교반 없음","30","DEMO-V01","DEMO 회전식 점도계","DEMO-S1","DEMO-600","400","표시 준수","유효 기록 확인","적합 기록 확인","완료","완료","60","60","54","1207","mPa·s","합성 데이터; 물성 예측 아님; seed=20261002"
"PA-053","PA-053-M4","PA-053-S4","4","2026-09-03T05:04:00Z","POLY-A","DEMO-P1 (가상)","정제수 (가상 기록)","10","990","1","40","300","20","물 → 고분자, 가상 절차","육안 덩어리 미관찰","육안; 위치별 농도 분석 미실시","23","2","25","완료","육안 미관찰","추가 교반 없음","30","DEMO-V01","DEMO 회전식 점도계","DEMO-S1","DEMO-600","400","표시 준수","유효 기록 확인","적합 기록 확인","완료","완료","60","60","56","1179","cP","합성 데이터; 물성 예측 아님; seed=20261002"
"PA-054","PA-054-M1","PA-054-S1","1","2026-09-03T06:01:00Z","POLY-A","DEMO-P1 (가상)","정제수 (가상 기록)","10","990","1","40","300","20","물 → 고분자, 가상 절차","육안 덩어리 미관찰","육안; 위치별 농도 분석 미실시","23","2","25","완료","육안 미관찰","추가 교반 없음","30","DEMO-V01","DEMO 회전식 점도계","DEMO-S1","DEMO-600","400","표시 준수","유효 기록 확인","적합 기록 확인","완료","완료","60","60","63","1220","mPa·s","합성 데이터; 물성 예측 아님; seed=20261002"
"PA-054","PA-054-M2","PA-054-S2","2","2026-09-03T06:02:00Z","POLY-A","DEMO-P1 (가상)","정제수 (가상 기록)","10","990","1","40","300","20","물 → 고분자, 가상 절차","육안 덩어리 미관찰","육안; 위치별 농도 분석 미실시","23","2","25","완료","육안 미관찰","추가 교반 없음","30","DEMO-V01","DEMO 회전식 점도계","DEMO-S1","DEMO-600","400","표시 준수","유효 기록 확인","적합 기록 확인","완료","완료","60","60","55","1245","mPa·s","합성 데이터; 물성 예측 아님; seed=20261002"
"PA-054","PA-054-M3","PA-054-S3","3","2026-09-03T06:03:00Z","POLY-A","DEMO-P1 (가상)","정제수 (가상 기록)","10","990","1","40","300","20","물 → 고분자, 가상 절차","육안 덩어리 미관찰","육안; 위치별 농도 분석 미실시","23","2","25","완료","육안 미관찰","추가 교반 없음","30","DEMO-V01","DEMO 회전식 점도계","DEMO-S1","DEMO-600","400","표시 준수","유효 기록 확인","적합 기록 확인","완료","완료","60","60","59","1237","mPa·s","합성 데이터; 물성 예측 아님; seed=20261002"
"PA-054","PA-054-M4","PA-054-S4","4","2026-09-03T06:04:00Z","POLY-A","DEMO-P1 (가상)","정제수 (가상 기록)","10","990","1","40","300","20","물 → 고분자, 가상 절차","육안 덩어리 미관찰","육안; 위치별 농도 분석 미실시","23","2","25","완료","육안 미관찰","추가 교반 없음","30","DEMO-V01","DEMO 회전식 점도계","DEMO-S1","DEMO-600","400","표시 준수","유효 기록 확인","적합 기록 확인","완료","완료","60","60","59","1222","cP","합성 데이터; 물성 예측 아님; seed=20261002"
"PA-055","PA-055-M1","PA-055-S1","1","2026-09-03T07:01:00Z","POLY-A","DEMO-P1 (가상)","정제수 (가상 기록)","10","990","1","45","300","20","물 → 고분자, 가상 절차","육안 덩어리 미관찰","육안; 위치별 농도 분석 미실시","23","2","25","완료","육안 미관찰","추가 교반 없음","30","DEMO-V01","DEMO 회전식 점도계","DEMO-S1","DEMO-600","400","표시 준수","유효 기록 확인","적합 기록 확인","완료","완료","60","60","58","1226","mPa·s","합성 데이터; 물성 예측 아님; seed=20261002"
"PA-055","PA-055-M2","PA-055-S2","2","2026-09-03T07:02:00Z","POLY-A","DEMO-P1 (가상)","정제수 (가상 기록)","10","990","1","45","300","20","물 → 고분자, 가상 절차","육안 덩어리 미관찰","육안; 위치별 농도 분석 미실시","23","2","25","완료","육안 미관찰","추가 교반 없음","30","DEMO-V01","DEMO 회전식 점도계","DEMO-S1","DEMO-600","400","표시 준수","유효 기록 확인","적합 기록 확인","완료","완료","60","60","59","1204","mPa·s","합성 데이터; 물성 예측 아님; seed=20261002"
"PA-055","PA-055-M3","PA-055-S3","3","2026-09-03T07:03:00Z","POLY-A","DEMO-P1 (가상)","정제수 (가상 기록)","10","990","1","45","300","20","물 → 고분자, 가상 절차","육안 덩어리 미관찰","육안; 위치별 농도 분석 미실시","23","2","25","완료","육안 미관찰","추가 교반 없음","30","DEMO-V01","DEMO 회전식 점도계","DEMO-S1","DEMO-600","400","표시 준수","유효 기록 확인","적합 기록 확인","완료","완료","60","60","52","1216","mPa·s","합성 데이터; 물성 예측 아님; seed=20261002"
"PA-055","PA-055-M4","PA-055-S4","4","2026-09-03T07:04:00Z","POLY-A","DEMO-P1 (가상)","정제수 (가상 기록)","10","990","1","45","300","20","물 → 고분자, 가상 절차","육안 덩어리 미관찰","육안; 위치별 농도 분석 미실시","23","2","25","완료","육안 미관찰","추가 교반 없음","30","DEMO-V01","DEMO 회전식 점도계","DEMO-S1","DEMO-600","400","표시 준수","유효 기록 확인","적합 기록 확인","완료","완료","60","60","59","1194","cP","합성 데이터; 물성 예측 아님; seed=20261002"
"PA-056","PA-056-M1","PA-056-S1","1","2026-09-03T08:01:00Z","POLY-A","DEMO-P1 (가상)","정제수 (가상 기록)","10","990","1","40","300","20","물 → 고분자, 가상 절차","육안 덩어리 미관찰","육안; 위치별 농도 분석 미실시","23","2","28","완료","육안 미관찰","추가 교반 없음","30","DEMO-V01","DEMO 회전식 점도계","DEMO-S1","DEMO-600","400","표시 준수","유효 기록 확인","적합 기록 확인","완료","완료","60","60","62","1285","mPa·s","합성 데이터; 물성 예측 아님; seed=20261002"
"PA-056","PA-056-M2","PA-056-S2","2","2026-09-03T08:02:00Z","POLY-A","DEMO-P1 (가상)","정제수 (가상 기록)","10","990","1","40","300","20","물 → 고분자, 가상 절차","육안 덩어리 미관찰","육안; 위치별 농도 분석 미실시","23","2","25","완료","육안 미관찰","추가 교반 없음","30","DEMO-V01","DEMO 회전식 점도계","DEMO-S1","DEMO-600","400","표시 준수","유효 기록 확인","적합 기록 확인","완료","완료","30","60","52","1260","mPa·s","합성 데이터; 물성 예측 아님; seed=20261002"
"PA-056","PA-056-M3","PA-056-S3","3","2026-09-03T08:03:00Z","POLY-A","DEMO-P1 (가상)","정제수 (가상 기록)","10","990","1","40","300","20","물 → 고분자, 가상 절차","육안 덩어리 미관찰","육안; 위치별 농도 분석 미실시","23","2","25","완료","육안 미관찰","추가 교반 없음","30","DEMO-V01","DEMO 회전식 점도계","DEMO-S2","DEMO-600","400","표시 준수","유효 기록 확인","적합 기록 확인","완료","완료","60","60","47","1277","mPa·s","합성 데이터; 물성 예측 아님; seed=20261002"
"PA-056","PA-056-M4","PA-056-S4","4","2026-09-03T08:04:00Z","POLY-A","DEMO-P1 (가상)","정제수 (가상 기록)","10","990","1","40","300","20","물 → 고분자, 가상 절차","육안 덩어리 미관찰","육안; 위치별 농도 분석 미실시","23","2","25","완료","육안 미관찰","추가 교반 없음","30","DEMO-V01","DEMO 회전식 점도계","DEMO-S1","DEMO-600","400","표시 준수","유효 기록 확인","적합 기록 확인","완료","완료","60","20","47","1266","cP","합성 데이터; 물성 예측 아님; seed=20261002"
"PA-057","PA-057-M1","PA-057-S1","1","2026-09-03T09:01:00Z","POLY-A","DEMO-P1 (가상)","정제수 (가상 기록)","10","990","1","40","300","20","물 → 고분자, 가상 절차","육안 덩어리 미관찰","육안; 위치별 농도 분석 미실시","23","2","","완료","육안 미관찰","추가 교반 없음","30","DEMO-V01","DEMO 회전식 점도계","DEMO-S1","DEMO-600","400","표시 준수","유효 기록 확인","적합 기록 확인","완료","완료","60","60","55","1180","mPa·s","합성 데이터; 물성 예측 아님; seed=20261002"
"PA-057","PA-057-M2","PA-057-S2","2","2026-09-03T09:02:00Z","POLY-A","DEMO-P1 (가상)","정제수 (가상 기록)","10","990","1","40","300","20","물 → 고분자, 가상 절차","육안 덩어리 미관찰","육안; 위치별 농도 분석 미실시","23","2","25","완료","육안 미관찰","추가 교반 없음","30","DEMO-V01","DEMO 회전식 점도계","DEMO-S1","DEMO-600","400","표시 준수","유효 기록 확인","적합 기록 확인","완료","완료","","60","57","1180","mPa·s","합성 데이터; 물성 예측 아님; seed=20261002"
"PA-057","PA-057-M3","PA-057-S3","3","2026-09-03T09:03:00Z","POLY-A","DEMO-P1 (가상)","정제수 (가상 기록)","10","990","1","40","300","20","물 → 고분자, 가상 절차","육안 덩어리 미관찰","육안; 위치별 농도 분석 미실시","23","2","25","완료","육안 미관찰","추가 교반 없음","30","DEMO-V01","DEMO 회전식 점도계","DEMO-S1","DEMO-600","400","표시 준수","유효 기록 확인","적합 기록 확인","완료","완료","60","60","61","","mPa·s","합성 데이터; 물성 예측 아님; seed=20261002"
"PA-057","PA-057-M4","PA-057-S4","4","2026-09-03T09:04:00Z","POLY-A","DEMO-P1 (가상)","정제수 (가상 기록)","10","990","1","40","300","20","물 → 고분자, 가상 절차","육안 덩어리 미관찰","육안; 위치별 농도 분석 미실시","23","2","25","","육안 미관찰","추가 교반 없음","30","DEMO-V01","DEMO 회전식 점도계","DEMO-S1","DEMO-600","400","표시 준수","유효 기록 확인","적합 기록 확인","완료","완료","60","60","60","1177","cP","합성 데이터; 물성 예측 아님; seed=20261002"
"PA-058","PA-058-M1","PA-058-S1","1","2026-09-03T10:01:00Z","POLY-A","DEMO-P1 (가상)","정제수 (가상 기록)","10","990","1","40","300","20","물 → 고분자, 가상 절차","육안 덩어리 미관찰","육안; 위치별 농도 분석 미실시","23","2","25","완료","육안 미관찰","추가 교반 없음","30","DEMO-V01","DEMO 회전식 점도계","DEMO-S1","DEMO-600","400","표시 준수","유효 기록 확인","적합 기록 확인","완료","완료","60","60","50","850","mPa·s","합성 데이터; 물성 예측 아님; seed=20261002"
"PA-058","PA-058-M2","PA-058-S2","2","2026-09-03T10:02:00Z","POLY-A","DEMO-P1 (가상)","정제수 (가상 기록)","10","990","1","40","300","20","물 → 고분자, 가상 절차","육안 덩어리 미관찰","육안; 위치별 농도 분석 미실시","23","2","25","완료","육안 미관찰","추가 교반 없음","30","DEMO-V01","DEMO 회전식 점도계","DEMO-S1","DEMO-600","400","표시 준수","유효 기록 확인","적합 기록 확인","완료","완료","60","60","54","1680","mPa·s","합성 데이터; 물성 예측 아님; seed=20261002"
"PA-058","PA-058-M3","PA-058-S3","3","2026-09-03T10:03:00Z","POLY-A","DEMO-P1 (가상)","정제수 (가상 기록)","10","990","1","40","300","20","물 → 고분자, 가상 절차","육안 덩어리 미관찰","육안; 위치별 농도 분석 미실시","23","2","25","완료","육안 미관찰","추가 교반 없음","30","DEMO-V01","DEMO 회전식 점도계","DEMO-S1","DEMO-600","400","표시 준수","유효 기록 확인","적합 기록 확인","완료","완료","60","60","56","850","mPa·s","합성 데이터; 물성 예측 아님; seed=20261002"
"PA-058","PA-058-M4","PA-058-S4","4","2026-09-03T10:04:00Z","POLY-A","DEMO-P1 (가상)","정제수 (가상 기록)","10","990","1","40","300","20","물 → 고분자, 가상 절차","육안 덩어리 미관찰","육안; 위치별 농도 분석 미실시","23","2","25","완료","육안 미관찰","추가 교반 없음","30","DEMO-V01","DEMO 회전식 점도계","DEMO-S1","DEMO-600","400","표시 준수","유효 기록 확인","적합 기록 확인","완료","완료","60","60","50","1680","cP","합성 데이터; 물성 예측 아님; seed=20261002"
"PA-059","PA-059-M1","PA-059-S1","1","2026-09-03T11:01:00Z","POLY-A","DEMO-P1 (가상)","정제수 (가상 기록)","10","990","1","40","300","20","물 → 고분자, 가상 절차","육안 덩어리 미관찰","육안; 위치별 농도 분석 미실시","23","2","25","완료","관찰됨","추가 교반 없음","30","DEMO-V01","DEMO 회전식 점도계","DEMO-S1","DEMO-600","400","표시 준수","유효 기록 확인","적합 기록 확인","완료","완료","60","60","60","1176","mPa·s","합성 데이터; 물성 예측 아님; seed=20261002"
"PA-059","PA-059-M2","PA-059-S2","2","2026-09-03T11:02:00Z","POLY-A","DEMO-P1 (가상)","정제수 (가상 기록)","10","990","1","40","300","20","물 → 고분자, 가상 절차","육안 덩어리 미관찰","육안; 위치별 농도 분석 미실시","23","2","25","미확인","육안 미관찰","추가 교반 없음","30","DEMO-V01","DEMO 회전식 점도계","DEMO-S1","DEMO-600","400","표시 준수","유효 기록 확인","적합 기록 확인","완료","완료","60","60","54","1201","mPa·s","합성 데이터; 물성 예측 아님; seed=20261002"
"PA-059","PA-059-M3","PA-059-S3","3","2026-09-03T11:03:00Z","POLY-A","DEMO-P1 (가상)","정제수 (가상 기록)","10","990","1","40","300","20","물 → 고분자, 가상 절차","육안 덩어리 미관찰","육안; 위치별 농도 분석 미실시","23","2","25","완료","육안 미관찰","추가 교반 없음","30","DEMO-V01","DEMO 회전식 점도계","DEMO-S1","DEMO-600","400","미준수","유효 기록 확인","적합 기록 확인","완료","완료","60","60","55","1215","mPa·s","합성 데이터; 물성 예측 아님; seed=20261002"
"PA-059","PA-059-M4","PA-059-S4","4","2026-09-03T11:04:00Z","POLY-A","DEMO-P1 (가상)","정제수 (가상 기록)","10","990","1","40","300","20","물 → 고분자, 가상 절차","육안 덩어리 미관찰","육안; 위치별 농도 분석 미실시","23","2","25","완료","육안 미관찰","추가 교반 없음","30","DEMO-V01","DEMO 회전식 점도계","DEMO-S1","DEMO-600","400","표시 준수","유효 기록 확인","적합 기록 확인","완료","완료","60","60","5","1211","cP","합성 데이터; 물성 예측 아님; seed=20261002"
"PA-060","PA-060-M1","PA-060-S1","1","2026-09-03T12:01:00Z","POLY-A","DEMO-P1 (가상)","정제수 (가상 기록)","10","990","1","45","300","20","물 → 고분자, 가상 절차","육안 덩어리 미관찰","육안; 위치별 농도 분석 미실시","23","2","28","완료","육안 미관찰","추가 교반 없음","30","DEMO-V01","DEMO 회전식 점도계","DEMO-S1","DEMO-600","400","표시 준수","유효 기록 확인","적합 기록 확인","완료","완료","60","60","50","1750","mPa·s","합성 데이터; 물성 예측 아님; seed=20261002"
"PA-060","PA-060-M2","PA-060-S2","2","2026-09-03T12:02:00Z","POLY-A","DEMO-P1 (가상)","정제수 (가상 기록)","10","990","1","45","300","20","물 → 고분자, 가상 절차","육안 덩어리 미관찰","육안; 위치별 농도 분석 미실시","23","2","28","완료","육안 미관찰","추가 교반 없음","30","DEMO-V01","DEMO 회전식 점도계","DEMO-S1","DEMO-600","400","표시 준수","유효 기록 확인","적합 기록 확인","완료","완료","60","60","59","1750","mPa·s","합성 데이터; 물성 예측 아님; seed=20261002"
"PA-060","PA-060-M3","PA-060-S3","3","2026-09-03T12:03:00Z","POLY-A","DEMO-P1 (가상)","정제수 (가상 기록)","10","990","1","45","300","20","물 → 고분자, 가상 절차","육안 덩어리 미관찰","육안; 위치별 농도 분석 미실시","23","2","28","완료","육안 미관찰","추가 교반 없음","30","DEMO-V01","DEMO 회전식 점도계","DEMO-S1","DEMO-600","400","표시 준수","유효 기록 확인","적합 기록 확인","완료","완료","60","60","52","1750","mPa·s","합성 데이터; 물성 예측 아님; seed=20261002"
"PA-060","PA-060-M4","PA-060-S4","4","2026-09-03T12:04:00Z","POLY-A","DEMO-P1 (가상)","정제수 (가상 기록)","10","990","1","45","300","20","물 → 고분자, 가상 절차","육안 덩어리 미관찰","육안; 위치별 농도 분석 미실시","23","2","28","완료","육안 미관찰","추가 교반 없음","30","DEMO-V01","DEMO 회전식 점도계","DEMO-S1","DEMO-600","400","표시 준수","유효 기록 확인","적합 기록 확인","완료","완료","60","60","58","1750","cP","합성 데이터; 물성 예측 아님; seed=20261002"
"PA-061","PA-061-M1","PA-061-S1","1","2026-09-03T13:01:00Z","POLY-A","DEMO-P1 (가상)","정제수 (가상 기록)","10","990","1","40","300","20","물 → 고분자, 가상 절차","육안 덩어리 미관찰","육안; 위치별 농도 분석 미실시","23","2","25","완료","육안 미관찰","추가 교반 없음","30","DEMO-V01","DEMO 회전식 점도계","DEMO-S1","DEMO-600","400","표시 준수","유효 기록 확인","적합 기록 확인","완료","완료","60","60","45","1193","mPa·s","합성 데이터; 물성 예측 아님; seed=20261002"
"PA-061","PA-061-M2","PA-061-S2","2","2026-09-03T13:02:00Z","POLY-A","DEMO-P1 (가상)","정제수 (가상 기록)","10","990","1","40","300","20","물 → 고분자, 가상 절차","육안 덩어리 미관찰","육안; 위치별 농도 분석 미실시","23","2","25","완료","육안 미관찰","추가 교반 없음","30","DEMO-V01","DEMO 회전식 점도계","DEMO-S1","DEMO-600","400","표시 준수","유효 기록 확인","적합 기록 확인","완료","완료","60","60","55","1192","mPa·s","합성 데이터; 물성 예측 아님; seed=20261002"
"PA-061","PA-061-M3","PA-061-S3","3","2026-09-03T13:03:00Z","POLY-A","DEMO-P1 (가상)","정제수 (가상 기록)","10","990","1","40","300","20","물 → 고분자, 가상 절차","육안 덩어리 미관찰","육안; 위치별 농도 분석 미실시","23","2","25","완료","육안 미관찰","추가 교반 없음","30","DEMO-V01","DEMO 회전식 점도계","DEMO-S1","DEMO-600","400","표시 준수","유효 기록 확인","적합 기록 확인","완료","완료","60","60","61","1167","mPa·s","합성 데이터; 물성 예측 아님; seed=20261002"
"PA-061","PA-061-M4","PA-061-S4","4","2026-09-03T13:04:00Z","POLY-A","DEMO-P1 (가상)","정제수 (가상 기록)","10","990","1","40","300","20","물 → 고분자, 가상 절차","육안 덩어리 미관찰","육안; 위치별 농도 분석 미실시","23","2","25","완료","육안 미관찰","추가 교반 없음","30","DEMO-V01","DEMO 회전식 점도계","DEMO-S1","DEMO-600","400","표시 준수","유효 기록 확인","적합 기록 확인","완료","완료","60","60","61","1193","cP","합성 데이터; 물성 예측 아님; seed=20261002"
"PA-062","PA-062-M1","PA-062-S1","1","2026-09-03T14:01:00Z","POLY-A","DEMO-P1 (가상)","정제수 (가상 기록)","10","990","1","40","300","20","물 → 고분자, 가상 절차","육안 덩어리 미관찰","육안; 위치별 농도 분석 미실시","23","2","25","완료","육안 미관찰","추가 교반 없음","30","DEMO-V01","DEMO 회전식 점도계","DEMO-S1","DEMO-600","400","표시 준수","유효 기록 확인","적합 기록 확인","완료","완료","60","60","57","1119","mPa·s","합성 데이터; 물성 예측 아님; seed=20261002"
"PA-062","PA-062-M2","PA-062-S2","2","2026-09-03T14:02:00Z","POLY-A","DEMO-P1 (가상)","정제수 (가상 기록)","10","990","1","40","300","20","물 → 고분자, 가상 절차","육안 덩어리 미관찰","육안; 위치별 농도 분석 미실시","23","2","25","완료","육안 미관찰","추가 교반 없음","30","DEMO-V01","DEMO 회전식 점도계","DEMO-S1","DEMO-600","400","표시 준수","유효 기록 확인","적합 기록 확인","완료","완료","60","60","56","1137","mPa·s","합성 데이터; 물성 예측 아님; seed=20261002"
"PA-062","PA-062-M3","PA-062-S3","3","2026-09-03T14:03:00Z","POLY-A","DEMO-P1 (가상)","정제수 (가상 기록)","10","990","1","40","300","20","물 → 고분자, 가상 절차","육안 덩어리 미관찰","육안; 위치별 농도 분석 미실시","23","2","25","완료","육안 미관찰","추가 교반 없음","30","DEMO-V01","DEMO 회전식 점도계","DEMO-S1","DEMO-600","400","표시 준수","유효 기록 확인","적합 기록 확인","완료","완료","60","60","63","1141","mPa·s","합성 데이터; 물성 예측 아님; seed=20261002"
"PA-062","PA-062-M4","PA-062-S4","4","2026-09-03T14:04:00Z","POLY-A","DEMO-P1 (가상)","정제수 (가상 기록)","10","990","1","40","300","20","물 → 고분자, 가상 절차","육안 덩어리 미관찰","육안; 위치별 농도 분석 미실시","23","2","25","완료","육안 미관찰","추가 교반 없음","30","DEMO-V01","DEMO 회전식 점도계","DEMO-S1","DEMO-600","400","표시 준수","유효 기록 확인","적합 기록 확인","완료","완료","60","60","64","1145","cP","합성 데이터; 물성 예측 아님; seed=20261002"
"PA-063","PA-063-M1","PA-063-S1","1","2026-09-03T15:01:00Z","POLY-A","DEMO-P1 (가상)","정제수 (가상 기록)","10","990","1","40","300","20","물 → 고분자, 가상 절차","육안 덩어리 미관찰","육안; 위치별 농도 분석 미실시","23","2","25","완료","육안 미관찰","추가 교반 없음","30","DEMO-V01","DEMO 회전식 점도계","DEMO-S1","DEMO-600","400","표시 준수","유효 기록 확인","적합 기록 확인","완료","완료","60","60","51","1130","mPa·s","합성 데이터; 물성 예측 아님; seed=20261002"
"PA-063","PA-063-M2","PA-063-S2","2","2026-09-03T15:02:00Z","POLY-A","DEMO-P1 (가상)","정제수 (가상 기록)","10","990","1","40","300","20","물 → 고분자, 가상 절차","육안 덩어리 미관찰","육안; 위치별 농도 분석 미실시","23","2","25","완료","육안 미관찰","추가 교반 없음","30","DEMO-V01","DEMO 회전식 점도계","DEMO-S1","DEMO-600","400","표시 준수","유효 기록 확인","적합 기록 확인","완료","완료","60","60","55","1116","mPa·s","합성 데이터; 물성 예측 아님; seed=20261002"
"PA-063","PA-063-M3","PA-063-S3","3","2026-09-03T15:03:00Z","POLY-A","DEMO-P1 (가상)","정제수 (가상 기록)","10","990","1","40","300","20","물 → 고분자, 가상 절차","육안 덩어리 미관찰","육안; 위치별 농도 분석 미실시","23","2","25","완료","육안 미관찰","추가 교반 없음","30","DEMO-V01","DEMO 회전식 점도계","DEMO-S1","DEMO-600","400","표시 준수","유효 기록 확인","적합 기록 확인","완료","완료","60","60","52","1133","mPa·s","합성 데이터; 물성 예측 아님; seed=20261002"
"PA-063","PA-063-M4","PA-063-S4","4","2026-09-03T15:04:00Z","POLY-A","DEMO-P1 (가상)","정제수 (가상 기록)","10","990","1","40","300","20","물 → 고분자, 가상 절차","육안 덩어리 미관찰","육안; 위치별 농도 분석 미실시","23","2","25","완료","육안 미관찰","추가 교반 없음","30","DEMO-V01","DEMO 회전식 점도계","DEMO-S1","DEMO-600","400","표시 준수","유효 기록 확인","적합 기록 확인","완료","완료","60","60","54","1111","cP","합성 데이터; 물성 예측 아님; seed=20261002"
"PA-064","PA-064-M1","PA-064-S1","1","2026-09-03T16:01:00Z","POLY-A","DEMO-P1 (가상)","정제수 (가상 기록)","10","990","1","40","300","20","물 → 고분자, 가상 절차","육안 덩어리 미관찰","육안; 위치별 농도 분석 미실시","23","2","25","완료","육안 미관찰","추가 교반 없음","30","DEMO-V01","DEMO 회전식 점도계","DEMO-S1","DEMO-600","400","표시 준수","유효 기록 확인","적합 기록 확인","완료","완료","60","60","50","1267","mPa·s","합성 데이터; 물성 예측 아님; seed=20261002"
"PA-064","PA-064-M2","PA-064-S2","2","2026-09-03T16:02:00Z","POLY-A","DEMO-P1 (가상)","정제수 (가상 기록)","10","990","1","40","300","20","물 → 고분자, 가상 절차","육안 덩어리 미관찰","육안; 위치별 농도 분석 미실시","23","2","25","완료","육안 미관찰","추가 교반 없음","30","DEMO-V01","DEMO 회전식 점도계","DEMO-S1","DEMO-600","400","표시 준수","유효 기록 확인","적합 기록 확인","완료","완료","60","60","60","1238","mPa·s","합성 데이터; 물성 예측 아님; seed=20261002"
"PA-064","PA-064-M3","PA-064-S3","3","2026-09-03T16:03:00Z","POLY-A","DEMO-P1 (가상)","정제수 (가상 기록)","10","990","1","40","300","20","물 → 고분자, 가상 절차","육안 덩어리 미관찰","육안; 위치별 농도 분석 미실시","23","2","25","완료","육안 미관찰","추가 교반 없음","30","DEMO-V01","DEMO 회전식 점도계","DEMO-S1","DEMO-600","400","표시 준수","유효 기록 확인","적합 기록 확인","완료","완료","60","60","62","1235","mPa·s","합성 데이터; 물성 예측 아님; seed=20261002"
"PA-064","PA-064-M4","PA-064-S4","4","2026-09-03T16:04:00Z","POLY-A","DEMO-P1 (가상)","정제수 (가상 기록)","10","990","1","40","300","20","물 → 고분자, 가상 절차","육안 덩어리 미관찰","육안; 위치별 농도 분석 미실시","23","2","25","완료","육안 미관찰","추가 교반 없음","30","DEMO-V01","DEMO 회전식 점도계","DEMO-S1","DEMO-600","400","표시 준수","유효 기록 확인","적합 기록 확인","완료","완료","60","60","60","1246","cP","합성 데이터; 물성 예측 아님; seed=20261002"
"PA-065","PA-065-M1","PA-065-S1","1","2026-09-03T17:01:00Z","POLY-A","DEMO-P1 (가상)","정제수 (가상 기록)","10","990","1","45","300","20","물 → 고분자, 가상 절차","육안 덩어리 미관찰","육안; 위치별 농도 분석 미실시","23","2","25","완료","육안 미관찰","추가 교반 없음","30","DEMO-V01","DEMO 회전식 점도계","DEMO-S1","DEMO-600","400","표시 준수","유효 기록 확인","적합 기록 확인","완료","완료","60","60","51","1164","mPa·s","합성 데이터; 물성 예측 아님; seed=20261002"
"PA-065","PA-065-M2","PA-065-S2","2","2026-09-03T17:02:00Z","POLY-A","DEMO-P1 (가상)","정제수 (가상 기록)","10","990","1","45","300","20","물 → 고분자, 가상 절차","육안 덩어리 미관찰","육안; 위치별 농도 분석 미실시","23","2","25","완료","육안 미관찰","추가 교반 없음","30","DEMO-V01","DEMO 회전식 점도계","DEMO-S1","DEMO-600","400","표시 준수","유효 기록 확인","적합 기록 확인","완료","완료","60","60","48","1182","mPa·s","합성 데이터; 물성 예측 아님; seed=20261002"
"PA-065","PA-065-M3","PA-065-S3","3","2026-09-03T17:03:00Z","POLY-A","DEMO-P1 (가상)","정제수 (가상 기록)","10","990","1","45","300","20","물 → 고분자, 가상 절차","육안 덩어리 미관찰","육안; 위치별 농도 분석 미실시","23","2","25","완료","육안 미관찰","추가 교반 없음","30","DEMO-V01","DEMO 회전식 점도계","DEMO-S1","DEMO-600","400","표시 준수","유효 기록 확인","적합 기록 확인","완료","완료","60","60","63","1174","mPa·s","합성 데이터; 물성 예측 아님; seed=20261002"
"PA-065","PA-065-M4","PA-065-S4","4","2026-09-03T17:04:00Z","POLY-A","DEMO-P1 (가상)","정제수 (가상 기록)","10","990","1","45","300","20","물 → 고분자, 가상 절차","육안 덩어리 미관찰","육안; 위치별 농도 분석 미실시","23","2","25","완료","육안 미관찰","추가 교반 없음","30","DEMO-V01","DEMO 회전식 점도계","DEMO-S1","DEMO-600","400","표시 준수","유효 기록 확인","적합 기록 확인","완료","완료","60","60","57","1157","cP","합성 데이터; 물성 예측 아님; seed=20261002"
"PA-066","PA-066-M1","PA-066-S1","1","2026-09-03T18:01:00Z","POLY-A","DEMO-P1 (가상)","정제수 (가상 기록)","10","990","1","40","300","20","물 → 고분자, 가상 절차","육안 덩어리 미관찰","육안; 위치별 농도 분석 미실시","23","2","28","완료","육안 미관찰","추가 교반 없음","30","DEMO-V01","DEMO 회전식 점도계","DEMO-S1","DEMO-600","400","표시 준수","유효 기록 확인","적합 기록 확인","완료","완료","60","60","55","1243","mPa·s","합성 데이터; 물성 예측 아님; seed=20261002"
"PA-066","PA-066-M2","PA-066-S2","2","2026-09-03T18:02:00Z","POLY-A","DEMO-P1 (가상)","정제수 (가상 기록)","10","990","1","40","300","20","물 → 고분자, 가상 절차","육안 덩어리 미관찰","육안; 위치별 농도 분석 미실시","23","2","25","완료","육안 미관찰","추가 교반 없음","30","DEMO-V01","DEMO 회전식 점도계","DEMO-S1","DEMO-600","400","표시 준수","유효 기록 확인","적합 기록 확인","완료","완료","30","60","49","1245","mPa·s","합성 데이터; 물성 예측 아님; seed=20261002"
"PA-066","PA-066-M3","PA-066-S3","3","2026-09-03T18:03:00Z","POLY-A","DEMO-P1 (가상)","정제수 (가상 기록)","10","990","1","40","300","20","물 → 고분자, 가상 절차","육안 덩어리 미관찰","육안; 위치별 농도 분석 미실시","23","2","25","완료","육안 미관찰","추가 교반 없음","30","DEMO-V01","DEMO 회전식 점도계","DEMO-S2","DEMO-600","400","표시 준수","유효 기록 확인","적합 기록 확인","완료","완료","60","60","60","1236","mPa·s","합성 데이터; 물성 예측 아님; seed=20261002"
"PA-066","PA-066-M4","PA-066-S4","4","2026-09-03T18:04:00Z","POLY-A","DEMO-P1 (가상)","정제수 (가상 기록)","10","990","1","40","300","20","물 → 고분자, 가상 절차","육안 덩어리 미관찰","육안; 위치별 농도 분석 미실시","23","2","25","완료","육안 미관찰","추가 교반 없음","30","DEMO-V01","DEMO 회전식 점도계","DEMO-S1","DEMO-600","400","표시 준수","유효 기록 확인","적합 기록 확인","완료","완료","60","20","59","1208","cP","합성 데이터; 물성 예측 아님; seed=20261002"
"PA-067","PA-067-M1","PA-067-S1","1","2026-09-03T19:01:00Z","POLY-A","DEMO-P1 (가상)","정제수 (가상 기록)","10","990","1","40","300","20","물 → 고분자, 가상 절차","육안 덩어리 미관찰","육안; 위치별 농도 분석 미실시","23","2","","완료","육안 미관찰","추가 교반 없음","30","DEMO-V01","DEMO 회전식 점도계","DEMO-S1","DEMO-600","400","표시 준수","유효 기록 확인","적합 기록 확인","완료","완료","60","60","59","1180","mPa·s","합성 데이터; 물성 예측 아님; seed=20261002"
"PA-067","PA-067-M2","PA-067-S2","2","2026-09-03T19:02:00Z","POLY-A","DEMO-P1 (가상)","정제수 (가상 기록)","10","990","1","40","300","20","물 → 고분자, 가상 절차","육안 덩어리 미관찰","육안; 위치별 농도 분석 미실시","23","2","25","완료","육안 미관찰","추가 교반 없음","30","DEMO-V01","DEMO 회전식 점도계","DEMO-S1","DEMO-600","400","표시 준수","유효 기록 확인","적합 기록 확인","완료","완료","","60","55","1183","mPa·s","합성 데이터; 물성 예측 아님; seed=20261002"
"PA-067","PA-067-M3","PA-067-S3","3","2026-09-03T19:03:00Z","POLY-A","DEMO-P1 (가상)","정제수 (가상 기록)","10","990","1","40","300","20","물 → 고분자, 가상 절차","육안 덩어리 미관찰","육안; 위치별 농도 분석 미실시","23","2","25","완료","육안 미관찰","추가 교반 없음","30","DEMO-V01","DEMO 회전식 점도계","DEMO-S1","DEMO-600","400","표시 준수","유효 기록 확인","적합 기록 확인","완료","완료","60","60","52","","mPa·s","합성 데이터; 물성 예측 아님; seed=20261002"
"PA-067","PA-067-M4","PA-067-S4","4","2026-09-03T19:04:00Z","POLY-A","DEMO-P1 (가상)","정제수 (가상 기록)","10","990","1","40","300","20","물 → 고분자, 가상 절차","육안 덩어리 미관찰","육안; 위치별 농도 분석 미실시","23","2","25","","육안 미관찰","추가 교반 없음","30","DEMO-V01","DEMO 회전식 점도계","DEMO-S1","DEMO-600","400","표시 준수","유효 기록 확인","적합 기록 확인","완료","완료","60","60","50","1173","cP","합성 데이터; 물성 예측 아님; seed=20261002"
"PA-068","PA-068-M1","PA-068-S1","1","2026-09-03T20:01:00Z","POLY-A","DEMO-P1 (가상)","정제수 (가상 기록)","10","990","1","40","300","20","물 → 고분자, 가상 절차","육안 덩어리 미관찰","육안; 위치별 농도 분석 미실시","23","2","25","완료","육안 미관찰","추가 교반 없음","30","DEMO-V01","DEMO 회전식 점도계","DEMO-S1","DEMO-600","400","표시 준수","유효 기록 확인","적합 기록 확인","완료","완료","60","60","53","850","mPa·s","합성 데이터; 물성 예측 아님; seed=20261002"
"PA-068","PA-068-M2","PA-068-S2","2","2026-09-03T20:02:00Z","POLY-A","DEMO-P1 (가상)","정제수 (가상 기록)","10","990","1","40","300","20","물 → 고분자, 가상 절차","육안 덩어리 미관찰","육안; 위치별 농도 분석 미실시","23","2","25","완료","육안 미관찰","추가 교반 없음","30","DEMO-V01","DEMO 회전식 점도계","DEMO-S1","DEMO-600","400","표시 준수","유효 기록 확인","적합 기록 확인","완료","완료","60","60","53","1680","mPa·s","합성 데이터; 물성 예측 아님; seed=20261002"
"PA-068","PA-068-M3","PA-068-S3","3","2026-09-03T20:03:00Z","POLY-A","DEMO-P1 (가상)","정제수 (가상 기록)","10","990","1","40","300","20","물 → 고분자, 가상 절차","육안 덩어리 미관찰","육안; 위치별 농도 분석 미실시","23","2","25","완료","육안 미관찰","추가 교반 없음","30","DEMO-V01","DEMO 회전식 점도계","DEMO-S1","DEMO-600","400","표시 준수","유효 기록 확인","적합 기록 확인","완료","완료","60","60","57","850","mPa·s","합성 데이터; 물성 예측 아님; seed=20261002"
"PA-068","PA-068-M4","PA-068-S4","4","2026-09-03T20:04:00Z","POLY-A","DEMO-P1 (가상)","정제수 (가상 기록)","10","990","1","40","300","20","물 → 고분자, 가상 절차","육안 덩어리 미관찰","육안; 위치별 농도 분석 미실시","23","2","25","완료","육안 미관찰","추가 교반 없음","30","DEMO-V01","DEMO 회전식 점도계","DEMO-S1","DEMO-600","400","표시 준수","유효 기록 확인","적합 기록 확인","완료","완료","60","60","65","1680","cP","합성 데이터; 물성 예측 아님; seed=20261002"
"PA-069","PA-069-M1","PA-069-S1","1","2026-09-03T21:01:00Z","POLY-A","DEMO-P1 (가상)","정제수 (가상 기록)","10","990","1","40","300","20","물 → 고분자, 가상 절차","육안 덩어리 미관찰","육안; 위치별 농도 분석 미실시","23","2","25","완료","관찰됨","추가 교반 없음","30","DEMO-V01","DEMO 회전식 점도계","DEMO-S1","DEMO-600","400","표시 준수","유효 기록 확인","적합 기록 확인","완료","완료","60","60","62","1196","mPa·s","합성 데이터; 물성 예측 아님; seed=20261002"
"PA-069","PA-069-M2","PA-069-S2","2","2026-09-03T21:02:00Z","POLY-A","DEMO-P1 (가상)","정제수 (가상 기록)","10","990","1","40","300","20","물 → 고분자, 가상 절차","육안 덩어리 미관찰","육안; 위치별 농도 분석 미실시","23","2","25","미확인","육안 미관찰","추가 교반 없음","30","DEMO-V01","DEMO 회전식 점도계","DEMO-S1","DEMO-600","400","표시 준수","유효 기록 확인","적합 기록 확인","완료","완료","60","60","55","1183","mPa·s","합성 데이터; 물성 예측 아님; seed=20261002"
"PA-069","PA-069-M3","PA-069-S3","3","2026-09-03T21:03:00Z","POLY-A","DEMO-P1 (가상)","정제수 (가상 기록)","10","990","1","40","300","20","물 → 고분자, 가상 절차","육안 덩어리 미관찰","육안; 위치별 농도 분석 미실시","23","2","25","완료","육안 미관찰","추가 교반 없음","30","DEMO-V01","DEMO 회전식 점도계","DEMO-S1","DEMO-600","400","미준수","유효 기록 확인","적합 기록 확인","완료","완료","60","60","57","1192","mPa·s","합성 데이터; 물성 예측 아님; seed=20261002"
"PA-069","PA-069-M4","PA-069-S4","4","2026-09-03T21:04:00Z","POLY-A","DEMO-P1 (가상)","정제수 (가상 기록)","10","990","1","40","300","20","물 → 고분자, 가상 절차","육안 덩어리 미관찰","육안; 위치별 농도 분석 미실시","23","2","25","완료","육안 미관찰","추가 교반 없음","30","DEMO-V01","DEMO 회전식 점도계","DEMO-S1","DEMO-600","400","표시 준수","유효 기록 확인","적합 기록 확인","완료","완료","60","60","5","1172","cP","합성 데이터; 물성 예측 아님; seed=20261002"
"PA-070","PA-070-M1","PA-070-S1","1","2026-09-03T22:01:00Z","POLY-A","DEMO-P1 (가상)","정제수 (가상 기록)","10","990","1","45","300","20","물 → 고분자, 가상 절차","육안 덩어리 미관찰","육안; 위치별 농도 분석 미실시","23","2","28","완료","육안 미관찰","추가 교반 없음","30","DEMO-V01","DEMO 회전식 점도계","DEMO-S1","DEMO-600","400","표시 준수","유효 기록 확인","적합 기록 확인","완료","완료","60","60","61","1750","mPa·s","합성 데이터; 물성 예측 아님; seed=20261002"
"PA-070","PA-070-M2","PA-070-S2","2","2026-09-03T22:02:00Z","POLY-A","DEMO-P1 (가상)","정제수 (가상 기록)","10","990","1","45","300","20","물 → 고분자, 가상 절차","육안 덩어리 미관찰","육안; 위치별 농도 분석 미실시","23","2","28","완료","육안 미관찰","추가 교반 없음","30","DEMO-V01","DEMO 회전식 점도계","DEMO-S1","DEMO-600","400","표시 준수","유효 기록 확인","적합 기록 확인","완료","완료","60","60","61","1750","mPa·s","합성 데이터; 물성 예측 아님; seed=20261002"
"PA-070","PA-070-M3","PA-070-S3","3","2026-09-03T22:03:00Z","POLY-A","DEMO-P1 (가상)","정제수 (가상 기록)","10","990","1","45","300","20","물 → 고분자, 가상 절차","육안 덩어리 미관찰","육안; 위치별 농도 분석 미실시","23","2","28","완료","육안 미관찰","추가 교반 없음","30","DEMO-V01","DEMO 회전식 점도계","DEMO-S1","DEMO-600","400","표시 준수","유효 기록 확인","적합 기록 확인","완료","완료","60","60","65","1750","mPa·s","합성 데이터; 물성 예측 아님; seed=20261002"
"PA-070","PA-070-M4","PA-070-S4","4","2026-09-03T22:04:00Z","POLY-A","DEMO-P1 (가상)","정제수 (가상 기록)","10","990","1","45","300","20","물 → 고분자, 가상 절차","육안 덩어리 미관찰","육안; 위치별 농도 분석 미실시","23","2","28","완료","육안 미관찰","추가 교반 없음","30","DEMO-V01","DEMO 회전식 점도계","DEMO-S1","DEMO-600","400","표시 준수","유효 기록 확인","적합 기록 확인","완료","완료","60","60","49","1750","cP","합성 데이터; 물성 예측 아님; seed=20261002"
"PA-071","PA-071-M1","PA-071-S1","1","2026-09-03T23:01:00Z","POLY-A","DEMO-P1 (가상)","정제수 (가상 기록)","10","990","1","40","300","20","물 → 고분자, 가상 절차","육안 덩어리 미관찰","육안; 위치별 농도 분석 미실시","23","2","25","완료","육안 미관찰","추가 교반 없음","30","DEMO-V01","DEMO 회전식 점도계","DEMO-S1","DEMO-600","400","표시 준수","유효 기록 확인","적합 기록 확인","완료","완료","60","60","61","1204","mPa·s","합성 데이터; 물성 예측 아님; seed=20261002"
"PA-071","PA-071-M2","PA-071-S2","2","2026-09-03T23:02:00Z","POLY-A","DEMO-P1 (가상)","정제수 (가상 기록)","10","990","1","40","300","20","물 → 고분자, 가상 절차","육안 덩어리 미관찰","육안; 위치별 농도 분석 미실시","23","2","25","완료","육안 미관찰","추가 교반 없음","30","DEMO-V01","DEMO 회전식 점도계","DEMO-S1","DEMO-600","400","표시 준수","유효 기록 확인","적합 기록 확인","완료","완료","60","60","50","1214","mPa·s","합성 데이터; 물성 예측 아님; seed=20261002"
"PA-071","PA-071-M3","PA-071-S3","3","2026-09-03T23:03:00Z","POLY-A","DEMO-P1 (가상)","정제수 (가상 기록)","10","990","1","40","300","20","물 → 고분자, 가상 절차","육안 덩어리 미관찰","육안; 위치별 농도 분석 미실시","23","2","25","완료","육안 미관찰","추가 교반 없음","30","DEMO-V01","DEMO 회전식 점도계","DEMO-S1","DEMO-600","400","표시 준수","유효 기록 확인","적합 기록 확인","완료","완료","60","60","65","1187","mPa·s","합성 데이터; 물성 예측 아님; seed=20261002"
"PA-071","PA-071-M4","PA-071-S4","4","2026-09-03T23:04:00Z","POLY-A","DEMO-P1 (가상)","정제수 (가상 기록)","10","990","1","40","300","20","물 → 고분자, 가상 절차","육안 덩어리 미관찰","육안; 위치별 농도 분석 미실시","23","2","25","완료","육안 미관찰","추가 교반 없음","30","DEMO-V01","DEMO 회전식 점도계","DEMO-S1","DEMO-600","400","표시 준수","유효 기록 확인","적합 기록 확인","완료","완료","60","60","60","1188","cP","합성 데이터; 물성 예측 아님; seed=20261002"
"PA-072","PA-072-M1","PA-072-S1","1","2026-09-04T00:01:00Z","POLY-A","DEMO-P1 (가상)","정제수 (가상 기록)","10","990","1","40","300","20","물 → 고분자, 가상 절차","육안 덩어리 미관찰","육안; 위치별 농도 분석 미실시","23","2","25","완료","육안 미관찰","추가 교반 없음","30","DEMO-V01","DEMO 회전식 점도계","DEMO-S1","DEMO-600","400","표시 준수","유효 기록 확인","적합 기록 확인","완료","완료","60","60","56","1163","mPa·s","합성 데이터; 물성 예측 아님; seed=20261002"
"PA-072","PA-072-M2","PA-072-S2","2","2026-09-04T00:02:00Z","POLY-A","DEMO-P1 (가상)","정제수 (가상 기록)","10","990","1","40","300","20","물 → 고분자, 가상 절차","육안 덩어리 미관찰","육안; 위치별 농도 분석 미실시","23","2","25","완료","육안 미관찰","추가 교반 없음","30","DEMO-V01","DEMO 회전식 점도계","DEMO-S1","DEMO-600","400","표시 준수","유효 기록 확인","적합 기록 확인","완료","완료","60","60","56","1173","mPa·s","합성 데이터; 물성 예측 아님; seed=20261002"
"PA-072","PA-072-M3","PA-072-S3","3","2026-09-04T00:03:00Z","POLY-A","DEMO-P1 (가상)","정제수 (가상 기록)","10","990","1","40","300","20","물 → 고분자, 가상 절차","육안 덩어리 미관찰","육안; 위치별 농도 분석 미실시","23","2","25","완료","육안 미관찰","추가 교반 없음","30","DEMO-V01","DEMO 회전식 점도계","DEMO-S1","DEMO-600","400","표시 준수","유효 기록 확인","적합 기록 확인","완료","완료","60","60","47","1156","mPa·s","합성 데이터; 물성 예측 아님; seed=20261002"
"PA-072","PA-072-M4","PA-072-S4","4","2026-09-04T00:04:00Z","POLY-A","DEMO-P1 (가상)","정제수 (가상 기록)","10","990","1","40","300","20","물 → 고분자, 가상 절차","육안 덩어리 미관찰","육안; 위치별 농도 분석 미실시","23","2","25","완료","육안 미관찰","추가 교반 없음","30","DEMO-V01","DEMO 회전식 점도계","DEMO-S1","DEMO-600","400","표시 준수","유효 기록 확인","적합 기록 확인","완료","완료","60","60","61","1193","cP","합성 데이터; 물성 예측 아님; seed=20261002"
"PA-073","PA-073-M1","PA-073-S1","1","2026-09-04T01:01:00Z","POLY-A","DEMO-P1 (가상)","정제수 (가상 기록)","10","990","1","40","300","20","물 → 고분자, 가상 절차","육안 덩어리 미관찰","육안; 위치별 농도 분석 미실시","23","2","25","완료","육안 미관찰","추가 교반 없음","30","DEMO-V01","DEMO 회전식 점도계","DEMO-S1","DEMO-600","400","표시 준수","유효 기록 확인","적합 기록 확인","완료","완료","60","60","54","1300","mPa·s","합성 데이터; 물성 예측 아님; seed=20261002"
"PA-073","PA-073-M2","PA-073-S2","2","2026-09-04T01:02:00Z","POLY-A","DEMO-P1 (가상)","정제수 (가상 기록)","10","990","1","40","300","20","물 → 고분자, 가상 절차","육안 덩어리 미관찰","육안; 위치별 농도 분석 미실시","23","2","25","완료","육안 미관찰","추가 교반 없음","30","DEMO-V01","DEMO 회전식 점도계","DEMO-S1","DEMO-600","400","표시 준수","유효 기록 확인","적합 기록 확인","완료","완료","60","60","55","1297","mPa·s","합성 데이터; 물성 예측 아님; seed=20261002"
"PA-073","PA-073-M3","PA-073-S3","3","2026-09-04T01:03:00Z","POLY-A","DEMO-P1 (가상)","정제수 (가상 기록)","10","990","1","40","300","20","물 → 고분자, 가상 절차","육안 덩어리 미관찰","육안; 위치별 농도 분석 미실시","23","2","25","완료","육안 미관찰","추가 교반 없음","30","DEMO-V01","DEMO 회전식 점도계","DEMO-S1","DEMO-600","400","표시 준수","유효 기록 확인","적합 기록 확인","완료","완료","60","60","49","1293","mPa·s","합성 데이터; 물성 예측 아님; seed=20261002"
"PA-073","PA-073-M4","PA-073-S4","4","2026-09-04T01:04:00Z","POLY-A","DEMO-P1 (가상)","정제수 (가상 기록)","10","990","1","40","300","20","물 → 고분자, 가상 절차","육안 덩어리 미관찰","육안; 위치별 농도 분석 미실시","23","2","25","완료","육안 미관찰","추가 교반 없음","30","DEMO-V01","DEMO 회전식 점도계","DEMO-S1","DEMO-600","400","표시 준수","유효 기록 확인","적합 기록 확인","완료","완료","60","60","46","1303","cP","합성 데이터; 물성 예측 아님; seed=20261002"
"PA-074","PA-074-M1","PA-074-S1","1","2026-09-04T02:01:00Z","POLY-A","DEMO-P1 (가상)","정제수 (가상 기록)","10","990","1","40","300","20","물 → 고분자, 가상 절차","육안 덩어리 미관찰","육안; 위치별 농도 분석 미실시","23","2","25","완료","육안 미관찰","추가 교반 없음","30","DEMO-V01","DEMO 회전식 점도계","DEMO-S1","DEMO-600","400","표시 준수","유효 기록 확인","적합 기록 확인","완료","완료","60","60","49","1194","mPa·s","합성 데이터; 물성 예측 아님; seed=20261002"
"PA-074","PA-074-M2","PA-074-S2","2","2026-09-04T02:02:00Z","POLY-A","DEMO-P1 (가상)","정제수 (가상 기록)","10","990","1","40","300","20","물 → 고분자, 가상 절차","육안 덩어리 미관찰","육안; 위치별 농도 분석 미실시","23","2","25","완료","육안 미관찰","추가 교반 없음","30","DEMO-V01","DEMO 회전식 점도계","DEMO-S1","DEMO-600","400","표시 준수","유효 기록 확인","적합 기록 확인","완료","완료","60","60","60","1185","mPa·s","합성 데이터; 물성 예측 아님; seed=20261002"
"PA-074","PA-074-M3","PA-074-S3","3","2026-09-04T02:03:00Z","POLY-A","DEMO-P1 (가상)","정제수 (가상 기록)","10","990","1","40","300","20","물 → 고분자, 가상 절차","육안 덩어리 미관찰","육안; 위치별 농도 분석 미실시","23","2","25","완료","육안 미관찰","추가 교반 없음","30","DEMO-V01","DEMO 회전식 점도계","DEMO-S1","DEMO-600","400","표시 준수","유효 기록 확인","적합 기록 확인","완료","완료","60","60","46","1192","mPa·s","합성 데이터; 물성 예측 아님; seed=20261002"
"PA-074","PA-074-M4","PA-074-S4","4","2026-09-04T02:04:00Z","POLY-A","DEMO-P1 (가상)","정제수 (가상 기록)","10","990","1","40","300","20","물 → 고분자, 가상 절차","육안 덩어리 미관찰","육안; 위치별 농도 분석 미실시","23","2","25","완료","육안 미관찰","추가 교반 없음","30","DEMO-V01","DEMO 회전식 점도계","DEMO-S1","DEMO-600","400","표시 준수","유효 기록 확인","적합 기록 확인","완료","완료","60","60","48","1174","cP","합성 데이터; 물성 예측 아님; seed=20261002"
"PA-075","PA-075-M1","PA-075-S1","1","2026-09-04T03:01:00Z","POLY-A","DEMO-P1 (가상)","정제수 (가상 기록)","10","990","1","45","300","20","물 → 고분자, 가상 절차","육안 덩어리 미관찰","육안; 위치별 농도 분석 미실시","23","2","25","완료","육안 미관찰","추가 교반 없음","30","DEMO-V01","DEMO 회전식 점도계","DEMO-S1","DEMO-600","400","표시 준수","유효 기록 확인","적합 기록 확인","완료","완료","60","60","57","1206","mPa·s","합성 데이터; 물성 예측 아님; seed=20261002"
"PA-075","PA-075-M2","PA-075-S2","2","2026-09-04T03:02:00Z","POLY-A","DEMO-P1 (가상)","정제수 (가상 기록)","10","990","1","45","300","20","물 → 고분자, 가상 절차","육안 덩어리 미관찰","육안; 위치별 농도 분석 미실시","23","2","25","완료","육안 미관찰","추가 교반 없음","30","DEMO-V01","DEMO 회전식 점도계","DEMO-S1","DEMO-600","400","표시 준수","유효 기록 확인","적합 기록 확인","완료","완료","60","60","58","1205","mPa·s","합성 데이터; 물성 예측 아님; seed=20261002"
"PA-075","PA-075-M3","PA-075-S3","3","2026-09-04T03:03:00Z","POLY-A","DEMO-P1 (가상)","정제수 (가상 기록)","10","990","1","45","300","20","물 → 고분자, 가상 절차","육안 덩어리 미관찰","육안; 위치별 농도 분석 미실시","23","2","25","완료","육안 미관찰","추가 교반 없음","30","DEMO-V01","DEMO 회전식 점도계","DEMO-S1","DEMO-600","400","표시 준수","유효 기록 확인","적합 기록 확인","완료","완료","60","60","60","1197","mPa·s","합성 데이터; 물성 예측 아님; seed=20261002"
"PA-075","PA-075-M4","PA-075-S4","4","2026-09-04T03:04:00Z","POLY-A","DEMO-P1 (가상)","정제수 (가상 기록)","10","990","1","45","300","20","물 → 고분자, 가상 절차","육안 덩어리 미관찰","육안; 위치별 농도 분석 미실시","23","2","25","완료","육안 미관찰","추가 교반 없음","30","DEMO-V01","DEMO 회전식 점도계","DEMO-S1","DEMO-600","400","표시 준수","유효 기록 확인","적합 기록 확인","완료","완료","60","60","49","1204","cP","합성 데이터; 물성 예측 아님; seed=20261002"
"PA-076","PA-076-M1","PA-076-S1","1","2026-09-04T04:01:00Z","POLY-A","DEMO-P1 (가상)","정제수 (가상 기록)","10","990","1","40","300","20","물 → 고분자, 가상 절차","육안 덩어리 미관찰","육안; 위치별 농도 분석 미실시","23","2","28","완료","육안 미관찰","추가 교반 없음","30","DEMO-V01","DEMO 회전식 점도계","DEMO-S1","DEMO-600","400","표시 준수","유효 기록 확인","적합 기록 확인","완료","완료","60","60","54","1135","mPa·s","합성 데이터; 물성 예측 아님; seed=20261002"
"PA-076","PA-076-M2","PA-076-S2","2","2026-09-04T04:02:00Z","POLY-A","DEMO-P1 (가상)","정제수 (가상 기록)","10","990","1","40","300","20","물 → 고분자, 가상 절차","육안 덩어리 미관찰","육안; 위치별 농도 분석 미실시","23","2","25","완료","육안 미관찰","추가 교반 없음","30","DEMO-V01","DEMO 회전식 점도계","DEMO-S1","DEMO-600","400","표시 준수","유효 기록 확인","적합 기록 확인","완료","완료","30","60","61","1153","mPa·s","합성 데이터; 물성 예측 아님; seed=20261002"
"PA-076","PA-076-M3","PA-076-S3","3","2026-09-04T04:03:00Z","POLY-A","DEMO-P1 (가상)","정제수 (가상 기록)","10","990","1","40","300","20","물 → 고분자, 가상 절차","육안 덩어리 미관찰","육안; 위치별 농도 분석 미실시","23","2","25","완료","육안 미관찰","추가 교반 없음","30","DEMO-V01","DEMO 회전식 점도계","DEMO-S2","DEMO-600","400","표시 준수","유효 기록 확인","적합 기록 확인","완료","완료","60","60","45","1140","mPa·s","합성 데이터; 물성 예측 아님; seed=20261002"
"PA-076","PA-076-M4","PA-076-S4","4","2026-09-04T04:04:00Z","POLY-A","DEMO-P1 (가상)","정제수 (가상 기록)","10","990","1","40","300","20","물 → 고분자, 가상 절차","육안 덩어리 미관찰","육안; 위치별 농도 분석 미실시","23","2","25","완료","육안 미관찰","추가 교반 없음","30","DEMO-V01","DEMO 회전식 점도계","DEMO-S1","DEMO-600","400","표시 준수","유효 기록 확인","적합 기록 확인","완료","완료","60","20","48","1146","cP","합성 데이터; 물성 예측 아님; seed=20261002"
"PA-077","PA-077-M1","PA-077-S1","1","2026-09-04T05:01:00Z","POLY-A","DEMO-P1 (가상)","정제수 (가상 기록)","10","990","1","40","300","20","물 → 고분자, 가상 절차","육안 덩어리 미관찰","육안; 위치별 농도 분석 미실시","23","2","","완료","육안 미관찰","추가 교반 없음","30","DEMO-V01","DEMO 회전식 점도계","DEMO-S1","DEMO-600","400","표시 준수","유효 기록 확인","적합 기록 확인","완료","완료","60","60","55","1173","mPa·s","합성 데이터; 물성 예측 아님; seed=20261002"
"PA-077","PA-077-M2","PA-077-S2","2","2026-09-04T05:02:00Z","POLY-A","DEMO-P1 (가상)","정제수 (가상 기록)","10","990","1","40","300","20","물 → 고분자, 가상 절차","육안 덩어리 미관찰","육안; 위치별 농도 분석 미실시","23","2","25","완료","육안 미관찰","추가 교반 없음","30","DEMO-V01","DEMO 회전식 점도계","DEMO-S1","DEMO-600","400","표시 준수","유효 기록 확인","적합 기록 확인","완료","완료","","60","52","1165","mPa·s","합성 데이터; 물성 예측 아님; seed=20261002"
"PA-077","PA-077-M3","PA-077-S3","3","2026-09-04T05:03:00Z","POLY-A","DEMO-P1 (가상)","정제수 (가상 기록)","10","990","1","40","300","20","물 → 고분자, 가상 절차","육안 덩어리 미관찰","육안; 위치별 농도 분석 미실시","23","2","25","완료","육안 미관찰","추가 교반 없음","30","DEMO-V01","DEMO 회전식 점도계","DEMO-S1","DEMO-600","400","표시 준수","유효 기록 확인","적합 기록 확인","완료","완료","60","60","59","","mPa·s","합성 데이터; 물성 예측 아님; seed=20261002"
"PA-077","PA-077-M4","PA-077-S4","4","2026-09-04T05:04:00Z","POLY-A","DEMO-P1 (가상)","정제수 (가상 기록)","10","990","1","40","300","20","물 → 고분자, 가상 절차","육안 덩어리 미관찰","육안; 위치별 농도 분석 미실시","23","2","25","","육안 미관찰","추가 교반 없음","30","DEMO-V01","DEMO 회전식 점도계","DEMO-S1","DEMO-600","400","표시 준수","유효 기록 확인","적합 기록 확인","완료","완료","60","60","48","1176","cP","합성 데이터; 물성 예측 아님; seed=20261002"
"PA-078","PA-078-M1","PA-078-S1","1","2026-09-04T06:01:00Z","POLY-A","DEMO-P1 (가상)","정제수 (가상 기록)","10","990","1","40","300","20","물 → 고분자, 가상 절차","육안 덩어리 미관찰","육안; 위치별 농도 분석 미실시","23","2","25","완료","육안 미관찰","추가 교반 없음","30","DEMO-V01","DEMO 회전식 점도계","DEMO-S1","DEMO-600","400","표시 준수","유효 기록 확인","적합 기록 확인","완료","완료","60","60","49","850","mPa·s","합성 데이터; 물성 예측 아님; seed=20261002"
"PA-078","PA-078-M2","PA-078-S2","2","2026-09-04T06:02:00Z","POLY-A","DEMO-P1 (가상)","정제수 (가상 기록)","10","990","1","40","300","20","물 → 고분자, 가상 절차","육안 덩어리 미관찰","육안; 위치별 농도 분석 미실시","23","2","25","완료","육안 미관찰","추가 교반 없음","30","DEMO-V01","DEMO 회전식 점도계","DEMO-S1","DEMO-600","400","표시 준수","유효 기록 확인","적합 기록 확인","완료","완료","60","60","55","1680","mPa·s","합성 데이터; 물성 예측 아님; seed=20261002"
"PA-078","PA-078-M3","PA-078-S3","3","2026-09-04T06:03:00Z","POLY-A","DEMO-P1 (가상)","정제수 (가상 기록)","10","990","1","40","300","20","물 → 고분자, 가상 절차","육안 덩어리 미관찰","육안; 위치별 농도 분석 미실시","23","2","25","완료","육안 미관찰","추가 교반 없음","30","DEMO-V01","DEMO 회전식 점도계","DEMO-S1","DEMO-600","400","표시 준수","유효 기록 확인","적합 기록 확인","완료","완료","60","60","55","850","mPa·s","합성 데이터; 물성 예측 아님; seed=20261002"
"PA-078","PA-078-M4","PA-078-S4","4","2026-09-04T06:04:00Z","POLY-A","DEMO-P1 (가상)","정제수 (가상 기록)","10","990","1","40","300","20","물 → 고분자, 가상 절차","육안 덩어리 미관찰","육안; 위치별 농도 분석 미실시","23","2","25","완료","육안 미관찰","추가 교반 없음","30","DEMO-V01","DEMO 회전식 점도계","DEMO-S1","DEMO-600","400","표시 준수","유효 기록 확인","적합 기록 확인","완료","완료","60","60","45","1680","cP","합성 데이터; 물성 예측 아님; seed=20261002"
"PA-079","PA-079-M1","PA-079-S1","1","2026-09-04T07:01:00Z","POLY-A","DEMO-P1 (가상)","정제수 (가상 기록)","10","990","1","40","300","20","물 → 고분자, 가상 절차","육안 덩어리 미관찰","육안; 위치별 농도 분석 미실시","23","2","25","완료","관찰됨","추가 교반 없음","30","DEMO-V01","DEMO 회전식 점도계","DEMO-S1","DEMO-600","400","표시 준수","유효 기록 확인","적합 기록 확인","완료","완료","60","60","50","1197","mPa·s","합성 데이터; 물성 예측 아님; seed=20261002"
"PA-079","PA-079-M2","PA-079-S2","2","2026-09-04T07:02:00Z","POLY-A","DEMO-P1 (가상)","정제수 (가상 기록)","10","990","1","40","300","20","물 → 고분자, 가상 절차","육안 덩어리 미관찰","육안; 위치별 농도 분석 미실시","23","2","25","미확인","육안 미관찰","추가 교반 없음","30","DEMO-V01","DEMO 회전식 점도계","DEMO-S1","DEMO-600","400","표시 준수","유효 기록 확인","적합 기록 확인","완료","완료","60","60","55","1170","mPa·s","합성 데이터; 물성 예측 아님; seed=20261002"
"PA-079","PA-079-M3","PA-079-S3","3","2026-09-04T07:03:00Z","POLY-A","DEMO-P1 (가상)","정제수 (가상 기록)","10","990","1","40","300","20","물 → 고분자, 가상 절차","육안 덩어리 미관찰","육안; 위치별 농도 분석 미실시","23","2","25","완료","육안 미관찰","추가 교반 없음","30","DEMO-V01","DEMO 회전식 점도계","DEMO-S1","DEMO-600","400","미준수","유효 기록 확인","적합 기록 확인","완료","완료","60","60","52","1189","mPa·s","합성 데이터; 물성 예측 아님; seed=20261002"
"PA-079","PA-079-M4","PA-079-S4","4","2026-09-04T07:04:00Z","POLY-A","DEMO-P1 (가상)","정제수 (가상 기록)","10","990","1","40","300","20","물 → 고분자, 가상 절차","육안 덩어리 미관찰","육안; 위치별 농도 분석 미실시","23","2","25","완료","육안 미관찰","추가 교반 없음","30","DEMO-V01","DEMO 회전식 점도계","DEMO-S1","DEMO-600","400","표시 준수","유효 기록 확인","적합 기록 확인","완료","완료","60","60","5","1164","cP","합성 데이터; 물성 예측 아님; seed=20261002"
"PA-080","PA-080-M1","PA-080-S1","1","2026-09-04T08:01:00Z","POLY-A","DEMO-P1 (가상)","정제수 (가상 기록)","10","990","1","45","300","20","물 → 고분자, 가상 절차","육안 덩어리 미관찰","육안; 위치별 농도 분석 미실시","23","2","28","완료","육안 미관찰","추가 교반 없음","30","DEMO-V01","DEMO 회전식 점도계","DEMO-S1","DEMO-600","400","표시 준수","유효 기록 확인","적합 기록 확인","완료","완료","60","60","49","1750","mPa·s","합성 데이터; 물성 예측 아님; seed=20261002"
"PA-080","PA-080-M2","PA-080-S2","2","2026-09-04T08:02:00Z","POLY-A","DEMO-P1 (가상)","정제수 (가상 기록)","10","990","1","45","300","20","물 → 고분자, 가상 절차","육안 덩어리 미관찰","육안; 위치별 농도 분석 미실시","23","2","28","완료","육안 미관찰","추가 교반 없음","30","DEMO-V01","DEMO 회전식 점도계","DEMO-S1","DEMO-600","400","표시 준수","유효 기록 확인","적합 기록 확인","완료","완료","60","60","57","1750","mPa·s","합성 데이터; 물성 예측 아님; seed=20261002"
"PA-080","PA-080-M3","PA-080-S3","3","2026-09-04T08:03:00Z","POLY-A","DEMO-P1 (가상)","정제수 (가상 기록)","10","990","1","45","300","20","물 → 고분자, 가상 절차","육안 덩어리 미관찰","육안; 위치별 농도 분석 미실시","23","2","28","완료","육안 미관찰","추가 교반 없음","30","DEMO-V01","DEMO 회전식 점도계","DEMO-S1","DEMO-600","400","표시 준수","유효 기록 확인","적합 기록 확인","완료","완료","60","60","49","1750","mPa·s","합성 데이터; 물성 예측 아님; seed=20261002"
"PA-080","PA-080-M4","PA-080-S4","4","2026-09-04T08:04:00Z","POLY-A","DEMO-P1 (가상)","정제수 (가상 기록)","10","990","1","45","300","20","물 → 고분자, 가상 절차","육안 덩어리 미관찰","육안; 위치별 농도 분석 미실시","23","2","28","완료","육안 미관찰","추가 교반 없음","30","DEMO-V01","DEMO 회전식 점도계","DEMO-S1","DEMO-600","400","표시 준수","유효 기록 확인","적합 기록 확인","완료","완료","60","60","59","1750","cP","합성 데이터; 물성 예측 아님; seed=20261002"
"PA-081","PA-081-M1","PA-081-S1","1","2026-09-04T09:01:00Z","POLY-A","DEMO-P1 (가상)","정제수 (가상 기록)","10","990","1","40","300","20","물 → 고분자, 가상 절차","육안 덩어리 미관찰","육안; 위치별 농도 분석 미실시","23","2","25","완료","육안 미관찰","추가 교반 없음","30","DEMO-V01","DEMO 회전식 점도계","DEMO-S1","DEMO-600","400","표시 준수","유효 기록 확인","적합 기록 확인","완료","완료","60","60","65","1317","mPa·s","합성 데이터; 물성 예측 아님; seed=20261002"
"PA-081","PA-081-M2","PA-081-S2","2","2026-09-04T09:02:00Z","POLY-A","DEMO-P1 (가상)","정제수 (가상 기록)","10","990","1","40","300","20","물 → 고분자, 가상 절차","육안 덩어리 미관찰","육안; 위치별 농도 분석 미실시","23","2","25","완료","육안 미관찰","추가 교반 없음","30","DEMO-V01","DEMO 회전식 점도계","DEMO-S1","DEMO-600","400","표시 준수","유효 기록 확인","적합 기록 확인","완료","완료","60","60","49","1334","mPa·s","합성 데이터; 물성 예측 아님; seed=20261002"
"PA-081","PA-081-M3","PA-081-S3","3","2026-09-04T09:03:00Z","POLY-A","DEMO-P1 (가상)","정제수 (가상 기록)","10","990","1","40","300","20","물 → 고분자, 가상 절차","육안 덩어리 미관찰","육안; 위치별 농도 분석 미실시","23","2","25","완료","육안 미관찰","추가 교반 없음","30","DEMO-V01","DEMO 회전식 점도계","DEMO-S1","DEMO-600","400","표시 준수","유효 기록 확인","적합 기록 확인","완료","완료","60","60","57","1305","mPa·s","합성 데이터; 물성 예측 아님; seed=20261002"
"PA-081","PA-081-M4","PA-081-S4","4","2026-09-04T09:04:00Z","POLY-A","DEMO-P1 (가상)","정제수 (가상 기록)","10","990","1","40","300","20","물 → 고분자, 가상 절차","육안 덩어리 미관찰","육안; 위치별 농도 분석 미실시","23","2","25","완료","육안 미관찰","추가 교반 없음","30","DEMO-V01","DEMO 회전식 점도계","DEMO-S1","DEMO-600","400","표시 준수","유효 기록 확인","적합 기록 확인","완료","완료","60","60","57","1301","cP","합성 데이터; 물성 예측 아님; seed=20261002"
"PA-082","PA-082-M1","PA-082-S1","1","2026-09-04T10:01:00Z","POLY-A","DEMO-P1 (가상)","정제수 (가상 기록)","10","990","1","40","300","20","물 → 고분자, 가상 절차","육안 덩어리 미관찰","육안; 위치별 농도 분석 미실시","23","2","25","완료","육안 미관찰","추가 교반 없음","30","DEMO-V01","DEMO 회전식 점도계","DEMO-S1","DEMO-600","400","표시 준수","유효 기록 확인","적합 기록 확인","완료","완료","60","60","63","1278","mPa·s","합성 데이터; 물성 예측 아님; seed=20261002"
"PA-082","PA-082-M2","PA-082-S2","2","2026-09-04T10:02:00Z","POLY-A","DEMO-P1 (가상)","정제수 (가상 기록)","10","990","1","40","300","20","물 → 고분자, 가상 절차","육안 덩어리 미관찰","육안; 위치별 농도 분석 미실시","23","2","25","완료","육안 미관찰","추가 교반 없음","30","DEMO-V01","DEMO 회전식 점도계","DEMO-S1","DEMO-600","400","표시 준수","유효 기록 확인","적합 기록 확인","완료","완료","60","60","58","1262","mPa·s","합성 데이터; 물성 예측 아님; seed=20261002"
"PA-082","PA-082-M3","PA-082-S3","3","2026-09-04T10:03:00Z","POLY-A","DEMO-P1 (가상)","정제수 (가상 기록)","10","990","1","40","300","20","물 → 고분자, 가상 절차","육안 덩어리 미관찰","육안; 위치별 농도 분석 미실시","23","2","25","완료","육안 미관찰","추가 교반 없음","30","DEMO-V01","DEMO 회전식 점도계","DEMO-S1","DEMO-600","400","표시 준수","유효 기록 확인","적합 기록 확인","완료","완료","60","60","59","1258","mPa·s","합성 데이터; 물성 예측 아님; seed=20261002"
"PA-082","PA-082-M4","PA-082-S4","4","2026-09-04T10:04:00Z","POLY-A","DEMO-P1 (가상)","정제수 (가상 기록)","10","990","1","40","300","20","물 → 고분자, 가상 절차","육안 덩어리 미관찰","육안; 위치별 농도 분석 미실시","23","2","25","완료","육안 미관찰","추가 교반 없음","30","DEMO-V01","DEMO 회전식 점도계","DEMO-S1","DEMO-600","400","표시 준수","유효 기록 확인","적합 기록 확인","완료","완료","60","60","61","1285","cP","합성 데이터; 물성 예측 아님; seed=20261002"
"PA-083","PA-083-M1","PA-083-S1","1","2026-09-04T11:01:00Z","POLY-A","DEMO-P1 (가상)","정제수 (가상 기록)","10","990","1","40","300","20","물 → 고분자, 가상 절차","육안 덩어리 미관찰","육안; 위치별 농도 분석 미실시","23","2","25","완료","육안 미관찰","추가 교반 없음","30","DEMO-V01","DEMO 회전식 점도계","DEMO-S1","DEMO-600","400","표시 준수","유효 기록 확인","적합 기록 확인","완료","완료","60","60","63","1216","mPa·s","합성 데이터; 물성 예측 아님; seed=20261002"
"PA-083","PA-083-M2","PA-083-S2","2","2026-09-04T11:02:00Z","POLY-A","DEMO-P1 (가상)","정제수 (가상 기록)","10","990","1","40","300","20","물 → 고분자, 가상 절차","육안 덩어리 미관찰","육안; 위치별 농도 분석 미실시","23","2","25","완료","육안 미관찰","추가 교반 없음","30","DEMO-V01","DEMO 회전식 점도계","DEMO-S1","DEMO-600","400","표시 준수","유효 기록 확인","적합 기록 확인","완료","완료","60","60","58","1231","mPa·s","합성 데이터; 물성 예측 아님; seed=20261002"
"PA-083","PA-083-M3","PA-083-S3","3","2026-09-04T11:03:00Z","POLY-A","DEMO-P1 (가상)","정제수 (가상 기록)","10","990","1","40","300","20","물 → 고분자, 가상 절차","육안 덩어리 미관찰","육안; 위치별 농도 분석 미실시","23","2","25","완료","육안 미관찰","추가 교반 없음","30","DEMO-V01","DEMO 회전식 점도계","DEMO-S1","DEMO-600","400","표시 준수","유효 기록 확인","적합 기록 확인","완료","완료","60","60","47","1199","mPa·s","합성 데이터; 물성 예측 아님; seed=20261002"
"PA-083","PA-083-M4","PA-083-S4","4","2026-09-04T11:04:00Z","POLY-A","DEMO-P1 (가상)","정제수 (가상 기록)","10","990","1","40","300","20","물 → 고분자, 가상 절차","육안 덩어리 미관찰","육안; 위치별 농도 분석 미실시","23","2","25","완료","육안 미관찰","추가 교반 없음","30","DEMO-V01","DEMO 회전식 점도계","DEMO-S1","DEMO-600","400","표시 준수","유효 기록 확인","적합 기록 확인","완료","완료","60","60","63","1217","cP","합성 데이터; 물성 예측 아님; seed=20261002"
"PA-084","PA-084-M1","PA-084-S1","1","2026-09-04T12:01:00Z","POLY-A","DEMO-P1 (가상)","정제수 (가상 기록)","10","990","1","40","300","20","물 → 고분자, 가상 절차","육안 덩어리 미관찰","육안; 위치별 농도 분석 미실시","23","2","25","완료","육안 미관찰","추가 교반 없음","30","DEMO-V01","DEMO 회전식 점도계","DEMO-S1","DEMO-600","400","표시 준수","유효 기록 확인","적합 기록 확인","완료","완료","60","60","52","1256","mPa·s","합성 데이터; 물성 예측 아님; seed=20261002"
"PA-084","PA-084-M2","PA-084-S2","2","2026-09-04T12:02:00Z","POLY-A","DEMO-P1 (가상)","정제수 (가상 기록)","10","990","1","40","300","20","물 → 고분자, 가상 절차","육안 덩어리 미관찰","육안; 위치별 농도 분석 미실시","23","2","25","완료","육안 미관찰","추가 교반 없음","30","DEMO-V01","DEMO 회전식 점도계","DEMO-S1","DEMO-600","400","표시 준수","유효 기록 확인","적합 기록 확인","완료","완료","60","60","51","1260","mPa·s","합성 데이터; 물성 예측 아님; seed=20261002"
"PA-084","PA-084-M3","PA-084-S3","3","2026-09-04T12:03:00Z","POLY-A","DEMO-P1 (가상)","정제수 (가상 기록)","10","990","1","40","300","20","물 → 고분자, 가상 절차","육안 덩어리 미관찰","육안; 위치별 농도 분석 미실시","23","2","25","완료","육안 미관찰","추가 교반 없음","30","DEMO-V01","DEMO 회전식 점도계","DEMO-S1","DEMO-600","400","표시 준수","유효 기록 확인","적합 기록 확인","완료","완료","60","60","51","1236","mPa·s","합성 데이터; 물성 예측 아님; seed=20261002"
"PA-084","PA-084-M4","PA-084-S4","4","2026-09-04T12:04:00Z","POLY-A","DEMO-P1 (가상)","정제수 (가상 기록)","10","990","1","40","300","20","물 → 고분자, 가상 절차","육안 덩어리 미관찰","육안; 위치별 농도 분석 미실시","23","2","25","완료","육안 미관찰","추가 교반 없음","30","DEMO-V01","DEMO 회전식 점도계","DEMO-S1","DEMO-600","400","표시 준수","유효 기록 확인","적합 기록 확인","완료","완료","60","60","58","1237","cP","합성 데이터; 물성 예측 아님; seed=20261002"
"PA-085","PA-085-M1","PA-085-S1","1","2026-09-04T13:01:00Z","POLY-A","DEMO-P1 (가상)","정제수 (가상 기록)","10","990","1","45","300","20","물 → 고분자, 가상 절차","육안 덩어리 미관찰","육안; 위치별 농도 분석 미실시","23","2","25","완료","육안 미관찰","추가 교반 없음","30","DEMO-V01","DEMO 회전식 점도계","DEMO-S1","DEMO-600","400","표시 준수","유효 기록 확인","적합 기록 확인","완료","완료","60","60","60","1299","mPa·s","합성 데이터; 물성 예측 아님; seed=20261002"
"PA-085","PA-085-M2","PA-085-S2","2","2026-09-04T13:02:00Z","POLY-A","DEMO-P1 (가상)","정제수 (가상 기록)","10","990","1","45","300","20","물 → 고분자, 가상 절차","육안 덩어리 미관찰","육안; 위치별 농도 분석 미실시","23","2","25","완료","육안 미관찰","추가 교반 없음","30","DEMO-V01","DEMO 회전식 점도계","DEMO-S1","DEMO-600","400","표시 준수","유효 기록 확인","적합 기록 확인","완료","완료","60","60","63","1297","mPa·s","합성 데이터; 물성 예측 아님; seed=20261002"
"PA-085","PA-085-M3","PA-085-S3","3","2026-09-04T13:03:00Z","POLY-A","DEMO-P1 (가상)","정제수 (가상 기록)","10","990","1","45","300","20","물 → 고분자, 가상 절차","육안 덩어리 미관찰","육안; 위치별 농도 분석 미실시","23","2","25","완료","육안 미관찰","추가 교반 없음","30","DEMO-V01","DEMO 회전식 점도계","DEMO-S1","DEMO-600","400","표시 준수","유효 기록 확인","적합 기록 확인","완료","완료","60","60","52","1318","mPa·s","합성 데이터; 물성 예측 아님; seed=20261002"
"PA-085","PA-085-M4","PA-085-S4","4","2026-09-04T13:04:00Z","POLY-A","DEMO-P1 (가상)","정제수 (가상 기록)","10","990","1","45","300","20","물 → 고분자, 가상 절차","육안 덩어리 미관찰","육안; 위치별 농도 분석 미실시","23","2","25","완료","육안 미관찰","추가 교반 없음","30","DEMO-V01","DEMO 회전식 점도계","DEMO-S1","DEMO-600","400","표시 준수","유효 기록 확인","적합 기록 확인","완료","완료","60","60","53","1293","cP","합성 데이터; 물성 예측 아님; seed=20261002"
"PA-086","PA-086-M1","PA-086-S1","1","2026-09-04T14:01:00Z","POLY-A","DEMO-P1 (가상)","정제수 (가상 기록)","10","990","1","40","300","20","물 → 고분자, 가상 절차","육안 덩어리 미관찰","육안; 위치별 농도 분석 미실시","23","2","28","완료","육안 미관찰","추가 교반 없음","30","DEMO-V01","DEMO 회전식 점도계","DEMO-S1","DEMO-600","400","표시 준수","유효 기록 확인","적합 기록 확인","완료","완료","60","60","46","1174","mPa·s","합성 데이터; 물성 예측 아님; seed=20261002"
"PA-086","PA-086-M2","PA-086-S2","2","2026-09-04T14:02:00Z","POLY-A","DEMO-P1 (가상)","정제수 (가상 기록)","10","990","1","40","300","20","물 → 고분자, 가상 절차","육안 덩어리 미관찰","육안; 위치별 농도 분석 미실시","23","2","25","완료","육안 미관찰","추가 교반 없음","30","DEMO-V01","DEMO 회전식 점도계","DEMO-S1","DEMO-600","400","표시 준수","유효 기록 확인","적합 기록 확인","완료","완료","30","60","58","1184","mPa·s","합성 데이터; 물성 예측 아님; seed=20261002"
"PA-086","PA-086-M3","PA-086-S3","3","2026-09-04T14:03:00Z","POLY-A","DEMO-P1 (가상)","정제수 (가상 기록)","10","990","1","40","300","20","물 → 고분자, 가상 절차","육안 덩어리 미관찰","육안; 위치별 농도 분석 미실시","23","2","25","완료","육안 미관찰","추가 교반 없음","30","DEMO-V01","DEMO 회전식 점도계","DEMO-S2","DEMO-600","400","표시 준수","유효 기록 확인","적합 기록 확인","완료","완료","60","60","60","1201","mPa·s","합성 데이터; 물성 예측 아님; seed=20261002"
"PA-086","PA-086-M4","PA-086-S4","4","2026-09-04T14:04:00Z","POLY-A","DEMO-P1 (가상)","정제수 (가상 기록)","10","990","1","40","300","20","물 → 고분자, 가상 절차","육안 덩어리 미관찰","육안; 위치별 농도 분석 미실시","23","2","25","완료","육안 미관찰","추가 교반 없음","30","DEMO-V01","DEMO 회전식 점도계","DEMO-S1","DEMO-600","400","표시 준수","유효 기록 확인","적합 기록 확인","완료","완료","60","20","46","1184","cP","합성 데이터; 물성 예측 아님; seed=20261002"
"PA-087","PA-087-M1","PA-087-S1","1","2026-09-04T15:01:00Z","POLY-A","DEMO-P1 (가상)","정제수 (가상 기록)","10","990","1","40","300","20","물 → 고분자, 가상 절차","육안 덩어리 미관찰","육안; 위치별 농도 분석 미실시","23","2","","완료","육안 미관찰","추가 교반 없음","30","DEMO-V01","DEMO 회전식 점도계","DEMO-S1","DEMO-600","400","표시 준수","유효 기록 확인","적합 기록 확인","완료","완료","60","60","45","1216","mPa·s","합성 데이터; 물성 예측 아님; seed=20261002"
"PA-087","PA-087-M2","PA-087-S2","2","2026-09-04T15:02:00Z","POLY-A","DEMO-P1 (가상)","정제수 (가상 기록)","10","990","1","40","300","20","물 → 고분자, 가상 절차","육안 덩어리 미관찰","육안; 위치별 농도 분석 미실시","23","2","25","완료","육안 미관찰","추가 교반 없음","30","DEMO-V01","DEMO 회전식 점도계","DEMO-S1","DEMO-600","400","표시 준수","유효 기록 확인","적합 기록 확인","완료","완료","","60","57","1214","mPa·s","합성 데이터; 물성 예측 아님; seed=20261002"
"PA-087","PA-087-M3","PA-087-S3","3","2026-09-04T15:03:00Z","POLY-A","DEMO-P1 (가상)","정제수 (가상 기록)","10","990","1","40","300","20","물 → 고분자, 가상 절차","육안 덩어리 미관찰","육안; 위치별 농도 분석 미실시","23","2","25","완료","육안 미관찰","추가 교반 없음","30","DEMO-V01","DEMO 회전식 점도계","DEMO-S1","DEMO-600","400","표시 준수","유효 기록 확인","적합 기록 확인","완료","완료","60","60","50","","mPa·s","합성 데이터; 물성 예측 아님; seed=20261002"
"PA-087","PA-087-M4","PA-087-S4","4","2026-09-04T15:04:00Z","POLY-A","DEMO-P1 (가상)","정제수 (가상 기록)","10","990","1","40","300","20","물 → 고분자, 가상 절차","육안 덩어리 미관찰","육안; 위치별 농도 분석 미실시","23","2","25","","육안 미관찰","추가 교반 없음","30","DEMO-V01","DEMO 회전식 점도계","DEMO-S1","DEMO-600","400","표시 준수","유효 기록 확인","적합 기록 확인","완료","완료","60","60","45","1226","cP","합성 데이터; 물성 예측 아님; seed=20261002"
"PA-088","PA-088-M1","PA-088-S1","1","2026-09-04T16:01:00Z","POLY-A","DEMO-P1 (가상)","정제수 (가상 기록)","10","990","1","40","300","20","물 → 고분자, 가상 절차","육안 덩어리 미관찰","육안; 위치별 농도 분석 미실시","23","2","25","완료","육안 미관찰","추가 교반 없음","30","DEMO-V01","DEMO 회전식 점도계","DEMO-S1","DEMO-600","400","표시 준수","유효 기록 확인","적합 기록 확인","완료","완료","60","60","57","850","mPa·s","합성 데이터; 물성 예측 아님; seed=20261002"
"PA-088","PA-088-M2","PA-088-S2","2","2026-09-04T16:02:00Z","POLY-A","DEMO-P1 (가상)","정제수 (가상 기록)","10","990","1","40","300","20","물 → 고분자, 가상 절차","육안 덩어리 미관찰","육안; 위치별 농도 분석 미실시","23","2","25","완료","육안 미관찰","추가 교반 없음","30","DEMO-V01","DEMO 회전식 점도계","DEMO-S1","DEMO-600","400","표시 준수","유효 기록 확인","적합 기록 확인","완료","완료","60","60","51","1680","mPa·s","합성 데이터; 물성 예측 아님; seed=20261002"
"PA-088","PA-088-M3","PA-088-S3","3","2026-09-04T16:03:00Z","POLY-A","DEMO-P1 (가상)","정제수 (가상 기록)","10","990","1","40","300","20","물 → 고분자, 가상 절차","육안 덩어리 미관찰","육안; 위치별 농도 분석 미실시","23","2","25","완료","육안 미관찰","추가 교반 없음","30","DEMO-V01","DEMO 회전식 점도계","DEMO-S1","DEMO-600","400","표시 준수","유효 기록 확인","적합 기록 확인","완료","완료","60","60","62","850","mPa·s","합성 데이터; 물성 예측 아님; seed=20261002"
"PA-088","PA-088-M4","PA-088-S4","4","2026-09-04T16:04:00Z","POLY-A","DEMO-P1 (가상)","정제수 (가상 기록)","10","990","1","40","300","20","물 → 고분자, 가상 절차","육안 덩어리 미관찰","육안; 위치별 농도 분석 미실시","23","2","25","완료","육안 미관찰","추가 교반 없음","30","DEMO-V01","DEMO 회전식 점도계","DEMO-S1","DEMO-600","400","표시 준수","유효 기록 확인","적합 기록 확인","완료","완료","60","60","63","1680","cP","합성 데이터; 물성 예측 아님; seed=20261002"
"PA-089","PA-089-M1","PA-089-S1","1","2026-09-04T17:01:00Z","POLY-A","DEMO-P1 (가상)","정제수 (가상 기록)","10","990","1","40","300","20","물 → 고분자, 가상 절차","육안 덩어리 미관찰","육안; 위치별 농도 분석 미실시","23","2","25","완료","관찰됨","추가 교반 없음","30","DEMO-V01","DEMO 회전식 점도계","DEMO-S1","DEMO-600","400","표시 준수","유효 기록 확인","적합 기록 확인","완료","완료","60","60","55","1303","mPa·s","합성 데이터; 물성 예측 아님; seed=20261002"
"PA-089","PA-089-M2","PA-089-S2","2","2026-09-04T17:02:00Z","POLY-A","DEMO-P1 (가상)","정제수 (가상 기록)","10","990","1","40","300","20","물 → 고분자, 가상 절차","육안 덩어리 미관찰","육안; 위치별 농도 분석 미실시","23","2","25","미확인","육안 미관찰","추가 교반 없음","30","DEMO-V01","DEMO 회전식 점도계","DEMO-S1","DEMO-600","400","표시 준수","유효 기록 확인","적합 기록 확인","완료","완료","60","60","45","1294","mPa·s","합성 데이터; 물성 예측 아님; seed=20261002"
"PA-089","PA-089-M3","PA-089-S3","3","2026-09-04T17:03:00Z","POLY-A","DEMO-P1 (가상)","정제수 (가상 기록)","10","990","1","40","300","20","물 → 고분자, 가상 절차","육안 덩어리 미관찰","육안; 위치별 농도 분석 미실시","23","2","25","완료","육안 미관찰","추가 교반 없음","30","DEMO-V01","DEMO 회전식 점도계","DEMO-S1","DEMO-600","400","미준수","유효 기록 확인","적합 기록 확인","완료","완료","60","60","49","1317","mPa·s","합성 데이터; 물성 예측 아님; seed=20261002"
"PA-089","PA-089-M4","PA-089-S4","4","2026-09-04T17:04:00Z","POLY-A","DEMO-P1 (가상)","정제수 (가상 기록)","10","990","1","40","300","20","물 → 고분자, 가상 절차","육안 덩어리 미관찰","육안; 위치별 농도 분석 미실시","23","2","25","완료","육안 미관찰","추가 교반 없음","30","DEMO-V01","DEMO 회전식 점도계","DEMO-S1","DEMO-600","400","표시 준수","유효 기록 확인","적합 기록 확인","완료","완료","60","60","5","1296","cP","합성 데이터; 물성 예측 아님; seed=20261002"
"PA-090","PA-090-M1","PA-090-S1","1","2026-09-04T18:01:00Z","POLY-A","DEMO-P1 (가상)","정제수 (가상 기록)","10","990","1","45","300","20","물 → 고분자, 가상 절차","육안 덩어리 미관찰","육안; 위치별 농도 분석 미실시","23","2","28","완료","육안 미관찰","추가 교반 없음","30","DEMO-V01","DEMO 회전식 점도계","DEMO-S1","DEMO-600","400","표시 준수","유효 기록 확인","적합 기록 확인","완료","완료","60","60","53","1750","mPa·s","합성 데이터; 물성 예측 아님; seed=20261002"
"PA-090","PA-090-M2","PA-090-S2","2","2026-09-04T18:02:00Z","POLY-A","DEMO-P1 (가상)","정제수 (가상 기록)","10","990","1","45","300","20","물 → 고분자, 가상 절차","육안 덩어리 미관찰","육안; 위치별 농도 분석 미실시","23","2","28","완료","육안 미관찰","추가 교반 없음","30","DEMO-V01","DEMO 회전식 점도계","DEMO-S1","DEMO-600","400","표시 준수","유효 기록 확인","적합 기록 확인","완료","완료","60","60","53","1750","mPa·s","합성 데이터; 물성 예측 아님; seed=20261002"
"PA-090","PA-090-M3","PA-090-S3","3","2026-09-04T18:03:00Z","POLY-A","DEMO-P1 (가상)","정제수 (가상 기록)","10","990","1","45","300","20","물 → 고분자, 가상 절차","육안 덩어리 미관찰","육안; 위치별 농도 분석 미실시","23","2","28","완료","육안 미관찰","추가 교반 없음","30","DEMO-V01","DEMO 회전식 점도계","DEMO-S1","DEMO-600","400","표시 준수","유효 기록 확인","적합 기록 확인","완료","완료","60","60","59","1750","mPa·s","합성 데이터; 물성 예측 아님; seed=20261002"
"PA-090","PA-090-M4","PA-090-S4","4","2026-09-04T18:04:00Z","POLY-A","DEMO-P1 (가상)","정제수 (가상 기록)","10","990","1","45","300","20","물 → 고분자, 가상 절차","육안 덩어리 미관찰","육안; 위치별 농도 분석 미실시","23","2","28","완료","육안 미관찰","추가 교반 없음","30","DEMO-V01","DEMO 회전식 점도계","DEMO-S1","DEMO-600","400","표시 준수","유효 기록 확인","적합 기록 확인","완료","완료","60","60","46","1750","cP","합성 데이터; 물성 예측 아님; seed=20261002"
"PA-091","PA-091-M1","PA-091-S1","1","2026-09-04T19:01:00Z","POLY-A","DEMO-P1 (가상)","정제수 (가상 기록)","10","990","1","40","300","20","물 → 고분자, 가상 절차","육안 덩어리 미관찰","육안; 위치별 농도 분석 미실시","23","2","25","완료","육안 미관찰","추가 교반 없음","30","DEMO-V01","DEMO 회전식 점도계","DEMO-S1","DEMO-600","400","표시 준수","유효 기록 확인","적합 기록 확인","완료","완료","60","60","65","1199","mPa·s","합성 데이터; 물성 예측 아님; seed=20261002"
"PA-091","PA-091-M2","PA-091-S2","2","2026-09-04T19:02:00Z","POLY-A","DEMO-P1 (가상)","정제수 (가상 기록)","10","990","1","40","300","20","물 → 고분자, 가상 절차","육안 덩어리 미관찰","육안; 위치별 농도 분석 미실시","23","2","25","완료","육안 미관찰","추가 교반 없음","30","DEMO-V01","DEMO 회전식 점도계","DEMO-S1","DEMO-600","400","표시 준수","유효 기록 확인","적합 기록 확인","완료","완료","60","60","47","1189","mPa·s","합성 데이터; 물성 예측 아님; seed=20261002"
"PA-091","PA-091-M3","PA-091-S3","3","2026-09-04T19:03:00Z","POLY-A","DEMO-P1 (가상)","정제수 (가상 기록)","10","990","1","40","300","20","물 → 고분자, 가상 절차","육안 덩어리 미관찰","육안; 위치별 농도 분석 미실시","23","2","25","완료","육안 미관찰","추가 교반 없음","30","DEMO-V01","DEMO 회전식 점도계","DEMO-S1","DEMO-600","400","표시 준수","유효 기록 확인","적합 기록 확인","완료","완료","60","60","51","1207","mPa·s","합성 데이터; 물성 예측 아님; seed=20261002"
"PA-091","PA-091-M4","PA-091-S4","4","2026-09-04T19:04:00Z","POLY-A","DEMO-P1 (가상)","정제수 (가상 기록)","10","990","1","40","300","20","물 → 고분자, 가상 절차","육안 덩어리 미관찰","육안; 위치별 농도 분석 미실시","23","2","25","완료","육안 미관찰","추가 교반 없음","30","DEMO-V01","DEMO 회전식 점도계","DEMO-S1","DEMO-600","400","표시 준수","유효 기록 확인","적합 기록 확인","완료","완료","60","60","54","1202","cP","합성 데이터; 물성 예측 아님; seed=20261002"
"PA-092","PA-092-M1","PA-092-S1","1","2026-09-04T20:01:00Z","POLY-A","DEMO-P1 (가상)","정제수 (가상 기록)","10","990","1","40","300","20","물 → 고분자, 가상 절차","육안 덩어리 미관찰","육안; 위치별 농도 분석 미실시","23","2","25","완료","육안 미관찰","추가 교반 없음","30","DEMO-V01","DEMO 회전식 점도계","DEMO-S1","DEMO-600","400","표시 준수","유효 기록 확인","적합 기록 확인","완료","완료","60","60","56","1278","mPa·s","합성 데이터; 물성 예측 아님; seed=20261002"
"PA-092","PA-092-M2","PA-092-S2","2","2026-09-04T20:02:00Z","POLY-A","DEMO-P1 (가상)","정제수 (가상 기록)","10","990","1","40","300","20","물 → 고분자, 가상 절차","육안 덩어리 미관찰","육안; 위치별 농도 분석 미실시","23","2","25","완료","육안 미관찰","추가 교반 없음","30","DEMO-V01","DEMO 회전식 점도계","DEMO-S1","DEMO-600","400","표시 준수","유효 기록 확인","적합 기록 확인","완료","완료","60","60","48","1278","mPa·s","합성 데이터; 물성 예측 아님; seed=20261002"
"PA-092","PA-092-M3","PA-092-S3","3","2026-09-04T20:03:00Z","POLY-A","DEMO-P1 (가상)","정제수 (가상 기록)","10","990","1","40","300","20","물 → 고분자, 가상 절차","육안 덩어리 미관찰","육안; 위치별 농도 분석 미실시","23","2","25","완료","육안 미관찰","추가 교반 없음","30","DEMO-V01","DEMO 회전식 점도계","DEMO-S1","DEMO-600","400","표시 준수","유효 기록 확인","적합 기록 확인","완료","완료","60","60","52","1297","mPa·s","합성 데이터; 물성 예측 아님; seed=20261002"
"PA-092","PA-092-M4","PA-092-S4","4","2026-09-04T20:04:00Z","POLY-A","DEMO-P1 (가상)","정제수 (가상 기록)","10","990","1","40","300","20","물 → 고분자, 가상 절차","육안 덩어리 미관찰","육안; 위치별 농도 분석 미실시","23","2","25","완료","육안 미관찰","추가 교반 없음","30","DEMO-V01","DEMO 회전식 점도계","DEMO-S1","DEMO-600","400","표시 준수","유효 기록 확인","적합 기록 확인","완료","완료","60","60","61","1290","cP","합성 데이터; 물성 예측 아님; seed=20261002"
"PA-093","PA-093-M1","PA-093-S1","1","2026-09-04T21:01:00Z","POLY-A","DEMO-P1 (가상)","정제수 (가상 기록)","10","990","1","40","300","20","물 → 고분자, 가상 절차","육안 덩어리 미관찰","육안; 위치별 농도 분석 미실시","23","2","25","완료","육안 미관찰","추가 교반 없음","30","DEMO-V01","DEMO 회전식 점도계","DEMO-S1","DEMO-600","400","표시 준수","유효 기록 확인","적합 기록 확인","완료","완료","60","60","53","1230","mPa·s","합성 데이터; 물성 예측 아님; seed=20261002"
"PA-093","PA-093-M2","PA-093-S2","2","2026-09-04T21:02:00Z","POLY-A","DEMO-P1 (가상)","정제수 (가상 기록)","10","990","1","40","300","20","물 → 고분자, 가상 절차","육안 덩어리 미관찰","육안; 위치별 농도 분석 미실시","23","2","25","완료","육안 미관찰","추가 교반 없음","30","DEMO-V01","DEMO 회전식 점도계","DEMO-S1","DEMO-600","400","표시 준수","유효 기록 확인","적합 기록 확인","완료","완료","60","60","62","1254","mPa·s","합성 데이터; 물성 예측 아님; seed=20261002"
"PA-093","PA-093-M3","PA-093-S3","3","2026-09-04T21:03:00Z","POLY-A","DEMO-P1 (가상)","정제수 (가상 기록)","10","990","1","40","300","20","물 → 고분자, 가상 절차","육안 덩어리 미관찰","육안; 위치별 농도 분석 미실시","23","2","25","완료","육안 미관찰","추가 교반 없음","30","DEMO-V01","DEMO 회전식 점도계","DEMO-S1","DEMO-600","400","표시 준수","유효 기록 확인","적합 기록 확인","완료","완료","60","60","47","1230","mPa·s","합성 데이터; 물성 예측 아님; seed=20261002"
"PA-093","PA-093-M4","PA-093-S4","4","2026-09-04T21:04:00Z","POLY-A","DEMO-P1 (가상)","정제수 (가상 기록)","10","990","1","40","300","20","물 → 고분자, 가상 절차","육안 덩어리 미관찰","육안; 위치별 농도 분석 미실시","23","2","25","완료","육안 미관찰","추가 교반 없음","30","DEMO-V01","DEMO 회전식 점도계","DEMO-S1","DEMO-600","400","표시 준수","유효 기록 확인","적합 기록 확인","완료","완료","60","60","59","1234","cP","합성 데이터; 물성 예측 아님; seed=20261002"
"PA-094","PA-094-M1","PA-094-S1","1","2026-09-04T22:01:00Z","POLY-A","DEMO-P1 (가상)","정제수 (가상 기록)","10","990","1","40","300","20","물 → 고분자, 가상 절차","육안 덩어리 미관찰","육안; 위치별 농도 분석 미실시","23","2","25","완료","육안 미관찰","추가 교반 없음","30","DEMO-V01","DEMO 회전식 점도계","DEMO-S1","DEMO-600","400","표시 준수","유효 기록 확인","적합 기록 확인","완료","완료","60","60","60","1232","mPa·s","합성 데이터; 물성 예측 아님; seed=20261002"
"PA-094","PA-094-M2","PA-094-S2","2","2026-09-04T22:02:00Z","POLY-A","DEMO-P1 (가상)","정제수 (가상 기록)","10","990","1","40","300","20","물 → 고분자, 가상 절차","육안 덩어리 미관찰","육안; 위치별 농도 분석 미실시","23","2","25","완료","육안 미관찰","추가 교반 없음","30","DEMO-V01","DEMO 회전식 점도계","DEMO-S1","DEMO-600","400","표시 준수","유효 기록 확인","적합 기록 확인","완료","완료","60","60","54","1212","mPa·s","합성 데이터; 물성 예측 아님; seed=20261002"
"PA-094","PA-094-M3","PA-094-S3","3","2026-09-04T22:03:00Z","POLY-A","DEMO-P1 (가상)","정제수 (가상 기록)","10","990","1","40","300","20","물 → 고분자, 가상 절차","육안 덩어리 미관찰","육안; 위치별 농도 분석 미실시","23","2","25","완료","육안 미관찰","추가 교반 없음","30","DEMO-V01","DEMO 회전식 점도계","DEMO-S1","DEMO-600","400","표시 준수","유효 기록 확인","적합 기록 확인","완료","완료","60","60","62","1228","mPa·s","합성 데이터; 물성 예측 아님; seed=20261002"
"PA-094","PA-094-M4","PA-094-S4","4","2026-09-04T22:04:00Z","POLY-A","DEMO-P1 (가상)","정제수 (가상 기록)","10","990","1","40","300","20","물 → 고분자, 가상 절차","육안 덩어리 미관찰","육안; 위치별 농도 분석 미실시","23","2","25","완료","육안 미관찰","추가 교반 없음","30","DEMO-V01","DEMO 회전식 점도계","DEMO-S1","DEMO-600","400","표시 준수","유효 기록 확인","적합 기록 확인","완료","완료","60","60","51","1218","cP","합성 데이터; 물성 예측 아님; seed=20261002"
"PA-095","PA-095-M1","PA-095-S1","1","2026-09-04T23:01:00Z","POLY-A","DEMO-P1 (가상)","정제수 (가상 기록)","10","990","1","45","300","20","물 → 고분자, 가상 절차","육안 덩어리 미관찰","육안; 위치별 농도 분석 미실시","23","2","25","완료","육안 미관찰","추가 교반 없음","30","DEMO-V01","DEMO 회전식 점도계","DEMO-S1","DEMO-600","400","표시 준수","유효 기록 확인","적합 기록 확인","완료","완료","60","60","57","1189","mPa·s","합성 데이터; 물성 예측 아님; seed=20261002"
"PA-095","PA-095-M2","PA-095-S2","2","2026-09-04T23:02:00Z","POLY-A","DEMO-P1 (가상)","정제수 (가상 기록)","10","990","1","45","300","20","물 → 고분자, 가상 절차","육안 덩어리 미관찰","육안; 위치별 농도 분석 미실시","23","2","25","완료","육안 미관찰","추가 교반 없음","30","DEMO-V01","DEMO 회전식 점도계","DEMO-S1","DEMO-600","400","표시 준수","유효 기록 확인","적합 기록 확인","완료","완료","60","60","55","1177","mPa·s","합성 데이터; 물성 예측 아님; seed=20261002"
"PA-095","PA-095-M3","PA-095-S3","3","2026-09-04T23:03:00Z","POLY-A","DEMO-P1 (가상)","정제수 (가상 기록)","10","990","1","45","300","20","물 → 고분자, 가상 절차","육안 덩어리 미관찰","육안; 위치별 농도 분석 미실시","23","2","25","완료","육안 미관찰","추가 교반 없음","30","DEMO-V01","DEMO 회전식 점도계","DEMO-S1","DEMO-600","400","표시 준수","유효 기록 확인","적합 기록 확인","완료","완료","60","60","65","1191","mPa·s","합성 데이터; 물성 예측 아님; seed=20261002"
"PA-095","PA-095-M4","PA-095-S4","4","2026-09-04T23:04:00Z","POLY-A","DEMO-P1 (가상)","정제수 (가상 기록)","10","990","1","45","300","20","물 → 고분자, 가상 절차","육안 덩어리 미관찰","육안; 위치별 농도 분석 미실시","23","2","25","완료","육안 미관찰","추가 교반 없음","30","DEMO-V01","DEMO 회전식 점도계","DEMO-S1","DEMO-600","400","표시 준수","유효 기록 확인","적합 기록 확인","완료","완료","60","60","55","1184","cP","합성 데이터; 물성 예측 아님; seed=20261002"
"PA-096","PA-096-M1","PA-096-S1","1","2026-09-05T00:01:00Z","POLY-A","DEMO-P1 (가상)","정제수 (가상 기록)","10","990","1","40","300","20","물 → 고분자, 가상 절차","육안 덩어리 미관찰","육안; 위치별 농도 분석 미실시","23","2","28","완료","육안 미관찰","추가 교반 없음","30","DEMO-V01","DEMO 회전식 점도계","DEMO-S1","DEMO-600","400","표시 준수","유효 기록 확인","적합 기록 확인","완료","완료","60","60","59","1170","mPa·s","합성 데이터; 물성 예측 아님; seed=20261002"
"PA-096","PA-096-M2","PA-096-S2","2","2026-09-05T00:02:00Z","POLY-A","DEMO-P1 (가상)","정제수 (가상 기록)","10","990","1","40","300","20","물 → 고분자, 가상 절차","육안 덩어리 미관찰","육안; 위치별 농도 분석 미실시","23","2","25","완료","육안 미관찰","추가 교반 없음","30","DEMO-V01","DEMO 회전식 점도계","DEMO-S1","DEMO-600","400","표시 준수","유효 기록 확인","적합 기록 확인","완료","완료","30","60","51","1195","mPa·s","합성 데이터; 물성 예측 아님; seed=20261002"
"PA-096","PA-096-M3","PA-096-S3","3","2026-09-05T00:03:00Z","POLY-A","DEMO-P1 (가상)","정제수 (가상 기록)","10","990","1","40","300","20","물 → 고분자, 가상 절차","육안 덩어리 미관찰","육안; 위치별 농도 분석 미실시","23","2","25","완료","육안 미관찰","추가 교반 없음","30","DEMO-V01","DEMO 회전식 점도계","DEMO-S2","DEMO-600","400","표시 준수","유효 기록 확인","적합 기록 확인","완료","완료","60","60","51","1196","mPa·s","합성 데이터; 물성 예측 아님; seed=20261002"
"PA-096","PA-096-M4","PA-096-S4","4","2026-09-05T00:04:00Z","POLY-A","DEMO-P1 (가상)","정제수 (가상 기록)","10","990","1","40","300","20","물 → 고분자, 가상 절차","육안 덩어리 미관찰","육안; 위치별 농도 분석 미실시","23","2","25","완료","육안 미관찰","추가 교반 없음","30","DEMO-V01","DEMO 회전식 점도계","DEMO-S1","DEMO-600","400","표시 준수","유효 기록 확인","적합 기록 확인","완료","완료","60","20","47","1170","cP","합성 데이터; 물성 예측 아님; seed=20261002"
"PA-097","PA-097-M1","PA-097-S1","1","2026-09-05T01:01:00Z","POLY-A","DEMO-P1 (가상)","정제수 (가상 기록)","10","990","1","40","300","20","물 → 고분자, 가상 절차","육안 덩어리 미관찰","육안; 위치별 농도 분석 미실시","23","2","","완료","육안 미관찰","추가 교반 없음","30","DEMO-V01","DEMO 회전식 점도계","DEMO-S1","DEMO-600","400","표시 준수","유효 기록 확인","적합 기록 확인","완료","완료","60","60","53","1229","mPa·s","합성 데이터; 물성 예측 아님; seed=20261002"
"PA-097","PA-097-M2","PA-097-S2","2","2026-09-05T01:02:00Z","POLY-A","DEMO-P1 (가상)","정제수 (가상 기록)","10","990","1","40","300","20","물 → 고분자, 가상 절차","육안 덩어리 미관찰","육안; 위치별 농도 분석 미실시","23","2","25","완료","육안 미관찰","추가 교반 없음","30","DEMO-V01","DEMO 회전식 점도계","DEMO-S1","DEMO-600","400","표시 준수","유효 기록 확인","적합 기록 확인","완료","완료","","60","55","1240","mPa·s","합성 데이터; 물성 예측 아님; seed=20261002"
"PA-097","PA-097-M3","PA-097-S3","3","2026-09-05T01:03:00Z","POLY-A","DEMO-P1 (가상)","정제수 (가상 기록)","10","990","1","40","300","20","물 → 고분자, 가상 절차","육안 덩어리 미관찰","육안; 위치별 농도 분석 미실시","23","2","25","완료","육안 미관찰","추가 교반 없음","30","DEMO-V01","DEMO 회전식 점도계","DEMO-S1","DEMO-600","400","표시 준수","유효 기록 확인","적합 기록 확인","완료","완료","60","60","55","","mPa·s","합성 데이터; 물성 예측 아님; seed=20261002"
"PA-097","PA-097-M4","PA-097-S4","4","2026-09-05T01:04:00Z","POLY-A","DEMO-P1 (가상)","정제수 (가상 기록)","10","990","1","40","300","20","물 → 고분자, 가상 절차","육안 덩어리 미관찰","육안; 위치별 농도 분석 미실시","23","2","25","","육안 미관찰","추가 교반 없음","30","DEMO-V01","DEMO 회전식 점도계","DEMO-S1","DEMO-600","400","표시 준수","유효 기록 확인","적합 기록 확인","완료","완료","60","60","64","1241","cP","합성 데이터; 물성 예측 아님; seed=20261002"
"PA-098","PA-098-M1","PA-098-S1","1","2026-09-05T02:01:00Z","POLY-A","DEMO-P1 (가상)","정제수 (가상 기록)","10","990","1","40","300","20","물 → 고분자, 가상 절차","육안 덩어리 미관찰","육안; 위치별 농도 분석 미실시","23","2","25","완료","육안 미관찰","추가 교반 없음","30","DEMO-V01","DEMO 회전식 점도계","DEMO-S1","DEMO-600","400","표시 준수","유효 기록 확인","적합 기록 확인","완료","완료","60","60","61","850","mPa·s","합성 데이터; 물성 예측 아님; seed=20261002"
"PA-098","PA-098-M2","PA-098-S2","2","2026-09-05T02:02:00Z","POLY-A","DEMO-P1 (가상)","정제수 (가상 기록)","10","990","1","40","300","20","물 → 고분자, 가상 절차","육안 덩어리 미관찰","육안; 위치별 농도 분석 미실시","23","2","25","완료","육안 미관찰","추가 교반 없음","30","DEMO-V01","DEMO 회전식 점도계","DEMO-S1","DEMO-600","400","표시 준수","유효 기록 확인","적합 기록 확인","완료","완료","60","60","58","1680","mPa·s","합성 데이터; 물성 예측 아님; seed=20261002"
"PA-098","PA-098-M3","PA-098-S3","3","2026-09-05T02:03:00Z","POLY-A","DEMO-P1 (가상)","정제수 (가상 기록)","10","990","1","40","300","20","물 → 고분자, 가상 절차","육안 덩어리 미관찰","육안; 위치별 농도 분석 미실시","23","2","25","완료","육안 미관찰","추가 교반 없음","30","DEMO-V01","DEMO 회전식 점도계","DEMO-S1","DEMO-600","400","표시 준수","유효 기록 확인","적합 기록 확인","완료","완료","60","60","53","850","mPa·s","합성 데이터; 물성 예측 아님; seed=20261002"
"PA-098","PA-098-M4","PA-098-S4","4","2026-09-05T02:04:00Z","POLY-A","DEMO-P1 (가상)","정제수 (가상 기록)","10","990","1","40","300","20","물 → 고분자, 가상 절차","육안 덩어리 미관찰","육안; 위치별 농도 분석 미실시","23","2","25","완료","육안 미관찰","추가 교반 없음","30","DEMO-V01","DEMO 회전식 점도계","DEMO-S1","DEMO-600","400","표시 준수","유효 기록 확인","적합 기록 확인","완료","완료","60","60","55","1680","cP","합성 데이터; 물성 예측 아님; seed=20261002"
"PA-099","PA-099-M1","PA-099-S1","1","2026-09-05T03:01:00Z","POLY-A","DEMO-P1 (가상)","정제수 (가상 기록)","10","990","1","40","300","20","물 → 고분자, 가상 절차","육안 덩어리 미관찰","육안; 위치별 농도 분석 미실시","23","2","25","완료","관찰됨","추가 교반 없음","30","DEMO-V01","DEMO 회전식 점도계","DEMO-S1","DEMO-600","400","표시 준수","유효 기록 확인","적합 기록 확인","완료","완료","60","60","50","1161","mPa·s","합성 데이터; 물성 예측 아님; seed=20261002"
"PA-099","PA-099-M2","PA-099-S2","2","2026-09-05T03:02:00Z","POLY-A","DEMO-P1 (가상)","정제수 (가상 기록)","10","990","1","40","300","20","물 → 고분자, 가상 절차","육안 덩어리 미관찰","육안; 위치별 농도 분석 미실시","23","2","25","미확인","육안 미관찰","추가 교반 없음","30","DEMO-V01","DEMO 회전식 점도계","DEMO-S1","DEMO-600","400","표시 준수","유효 기록 확인","적합 기록 확인","완료","완료","60","60","53","1148","mPa·s","합성 데이터; 물성 예측 아님; seed=20261002"
"PA-099","PA-099-M3","PA-099-S3","3","2026-09-05T03:03:00Z","POLY-A","DEMO-P1 (가상)","정제수 (가상 기록)","10","990","1","40","300","20","물 → 고분자, 가상 절차","육안 덩어리 미관찰","육안; 위치별 농도 분석 미실시","23","2","25","완료","육안 미관찰","추가 교반 없음","30","DEMO-V01","DEMO 회전식 점도계","DEMO-S1","DEMO-600","400","미준수","유효 기록 확인","적합 기록 확인","완료","완료","60","60","63","1159","mPa·s","합성 데이터; 물성 예측 아님; seed=20261002"
"PA-099","PA-099-M4","PA-099-S4","4","2026-09-05T03:04:00Z","POLY-A","DEMO-P1 (가상)","정제수 (가상 기록)","10","990","1","40","300","20","물 → 고분자, 가상 절차","육안 덩어리 미관찰","육안; 위치별 농도 분석 미실시","23","2","25","완료","육안 미관찰","추가 교반 없음","30","DEMO-V01","DEMO 회전식 점도계","DEMO-S1","DEMO-600","400","표시 준수","유효 기록 확인","적합 기록 확인","완료","완료","60","60","5","1141","cP","합성 데이터; 물성 예측 아님; seed=20261002"
"PA-100","PA-100-M1","PA-100-S1","1","2026-09-05T04:01:00Z","POLY-A","DEMO-P1 (가상)","정제수 (가상 기록)","10","990","1","45","300","20","물 → 고분자, 가상 절차","육안 덩어리 미관찰","육안; 위치별 농도 분석 미실시","23","2","28","완료","육안 미관찰","추가 교반 없음","30","DEMO-V01","DEMO 회전식 점도계","DEMO-S1","DEMO-600","400","표시 준수","유효 기록 확인","적합 기록 확인","완료","완료","60","60","57","1750","mPa·s","합성 데이터; 물성 예측 아님; seed=20261002"
"PA-100","PA-100-M2","PA-100-S2","2","2026-09-05T04:02:00Z","POLY-A","DEMO-P1 (가상)","정제수 (가상 기록)","10","990","1","45","300","20","물 → 고분자, 가상 절차","육안 덩어리 미관찰","육안; 위치별 농도 분석 미실시","23","2","28","완료","육안 미관찰","추가 교반 없음","30","DEMO-V01","DEMO 회전식 점도계","DEMO-S1","DEMO-600","400","표시 준수","유효 기록 확인","적합 기록 확인","완료","완료","60","60","45","1750","mPa·s","합성 데이터; 물성 예측 아님; seed=20261002"
"PA-100","PA-100-M3","PA-100-S3","3","2026-09-05T04:03:00Z","POLY-A","DEMO-P1 (가상)","정제수 (가상 기록)","10","990","1","45","300","20","물 → 고분자, 가상 절차","육안 덩어리 미관찰","육안; 위치별 농도 분석 미실시","23","2","28","완료","육안 미관찰","추가 교반 없음","30","DEMO-V01","DEMO 회전식 점도계","DEMO-S1","DEMO-600","400","표시 준수","유효 기록 확인","적합 기록 확인","완료","완료","60","60","47","1750","mPa·s","합성 데이터; 물성 예측 아님; seed=20261002"
"PA-100","PA-100-M4","PA-100-S4","4","2026-09-05T04:04:00Z","POLY-A","DEMO-P1 (가상)","정제수 (가상 기록)","10","990","1","45","300","20","물 → 고분자, 가상 절차","육안 덩어리 미관찰","육안; 위치별 농도 분석 미실시","23","2","28","완료","육안 미관찰","추가 교반 없음","30","DEMO-V01","DEMO 회전식 점도계","DEMO-S1","DEMO-600","400","표시 준수","유효 기록 확인","적합 기록 확인","완료","완료","60","60","50","1750","cP","합성 데이터; 물성 예측 아님; seed=20261002"
"PA-101","PA-101-M1","PA-101-S1","1","2026-09-05T05:01:00Z","POLY-A","DEMO-P1 (가상)","정제수 (가상 기록)","10","990","1","40","300","20","물 → 고분자, 가상 절차","육안 덩어리 미관찰","육안; 위치별 농도 분석 미실시","23","2","25","완료","육안 미관찰","추가 교반 없음","30","DEMO-V01","DEMO 회전식 점도계","DEMO-S1","DEMO-600","400","표시 준수","유효 기록 확인","적합 기록 확인","완료","완료","60","60","57","1123","mPa·s","합성 데이터; 물성 예측 아님; seed=20261002"
"PA-101","PA-101-M2","PA-101-S2","2","2026-09-05T05:02:00Z","POLY-A","DEMO-P1 (가상)","정제수 (가상 기록)","10","990","1","40","300","20","물 → 고분자, 가상 절차","육안 덩어리 미관찰","육안; 위치별 농도 분석 미실시","23","2","25","완료","육안 미관찰","추가 교반 없음","30","DEMO-V01","DEMO 회전식 점도계","DEMO-S1","DEMO-600","400","표시 준수","유효 기록 확인","적합 기록 확인","완료","완료","60","60","52","1155","mPa·s","합성 데이터; 물성 예측 아님; seed=20261002"
"PA-101","PA-101-M3","PA-101-S3","3","2026-09-05T05:03:00Z","POLY-A","DEMO-P1 (가상)","정제수 (가상 기록)","10","990","1","40","300","20","물 → 고분자, 가상 절차","육안 덩어리 미관찰","육안; 위치별 농도 분석 미실시","23","2","25","완료","육안 미관찰","추가 교반 없음","30","DEMO-V01","DEMO 회전식 점도계","DEMO-S1","DEMO-600","400","표시 준수","유효 기록 확인","적합 기록 확인","완료","완료","60","60","47","1157","mPa·s","합성 데이터; 물성 예측 아님; seed=20261002"
"PA-101","PA-101-M4","PA-101-S4","4","2026-09-05T05:04:00Z","POLY-A","DEMO-P1 (가상)","정제수 (가상 기록)","10","990","1","40","300","20","물 → 고분자, 가상 절차","육안 덩어리 미관찰","육안; 위치별 농도 분석 미실시","23","2","25","완료","육안 미관찰","추가 교반 없음","30","DEMO-V01","DEMO 회전식 점도계","DEMO-S1","DEMO-600","400","표시 준수","유효 기록 확인","적합 기록 확인","완료","완료","60","60","50","1124","cP","합성 데이터; 물성 예측 아님; seed=20261002"
"PA-102","PA-102-M1","PA-102-S1","1","2026-09-05T06:01:00Z","POLY-A","DEMO-P1 (가상)","정제수 (가상 기록)","10","990","1","40","300","20","물 → 고분자, 가상 절차","육안 덩어리 미관찰","육안; 위치별 농도 분석 미실시","23","2","25","완료","육안 미관찰","추가 교반 없음","30","DEMO-V01","DEMO 회전식 점도계","DEMO-S1","DEMO-600","400","표시 준수","유효 기록 확인","적합 기록 확인","완료","완료","60","60","61","1172","mPa·s","합성 데이터; 물성 예측 아님; seed=20261002"
"PA-102","PA-102-M2","PA-102-S2","2","2026-09-05T06:02:00Z","POLY-A","DEMO-P1 (가상)","정제수 (가상 기록)","10","990","1","40","300","20","물 → 고분자, 가상 절차","육안 덩어리 미관찰","육안; 위치별 농도 분석 미실시","23","2","25","완료","육안 미관찰","추가 교반 없음","30","DEMO-V01","DEMO 회전식 점도계","DEMO-S1","DEMO-600","400","표시 준수","유효 기록 확인","적합 기록 확인","완료","완료","60","60","50","1172","mPa·s","합성 데이터; 물성 예측 아님; seed=20261002"
"PA-102","PA-102-M3","PA-102-S3","3","2026-09-05T06:03:00Z","POLY-A","DEMO-P1 (가상)","정제수 (가상 기록)","10","990","1","40","300","20","물 → 고분자, 가상 절차","육안 덩어리 미관찰","육안; 위치별 농도 분석 미실시","23","2","25","완료","육안 미관찰","추가 교반 없음","30","DEMO-V01","DEMO 회전식 점도계","DEMO-S1","DEMO-600","400","표시 준수","유효 기록 확인","적합 기록 확인","완료","완료","60","60","49","1180","mPa·s","합성 데이터; 물성 예측 아님; seed=20261002"
"PA-102","PA-102-M4","PA-102-S4","4","2026-09-05T06:04:00Z","POLY-A","DEMO-P1 (가상)","정제수 (가상 기록)","10","990","1","40","300","20","물 → 고분자, 가상 절차","육안 덩어리 미관찰","육안; 위치별 농도 분석 미실시","23","2","25","완료","육안 미관찰","추가 교반 없음","30","DEMO-V01","DEMO 회전식 점도계","DEMO-S1","DEMO-600","400","표시 준수","유효 기록 확인","적합 기록 확인","완료","완료","60","60","59","1184","cP","합성 데이터; 물성 예측 아님; seed=20261002"
"PA-103","PA-103-M1","PA-103-S1","1","2026-09-05T07:01:00Z","POLY-A","DEMO-P1 (가상)","정제수 (가상 기록)","10","990","1","40","300","20","물 → 고분자, 가상 절차","육안 덩어리 미관찰","육안; 위치별 농도 분석 미실시","23","2","25","완료","육안 미관찰","추가 교반 없음","30","DEMO-V01","DEMO 회전식 점도계","DEMO-S1","DEMO-600","400","표시 준수","유효 기록 확인","적합 기록 확인","완료","완료","60","60","52","1198","mPa·s","합성 데이터; 물성 예측 아님; seed=20261002"
"PA-103","PA-103-M2","PA-103-S2","2","2026-09-05T07:02:00Z","POLY-A","DEMO-P1 (가상)","정제수 (가상 기록)","10","990","1","40","300","20","물 → 고분자, 가상 절차","육안 덩어리 미관찰","육안; 위치별 농도 분석 미실시","23","2","25","완료","육안 미관찰","추가 교반 없음","30","DEMO-V01","DEMO 회전식 점도계","DEMO-S1","DEMO-600","400","표시 준수","유효 기록 확인","적합 기록 확인","완료","완료","60","60","51","1170","mPa·s","합성 데이터; 물성 예측 아님; seed=20261002"
"PA-103","PA-103-M3","PA-103-S3","3","2026-09-05T07:03:00Z","POLY-A","DEMO-P1 (가상)","정제수 (가상 기록)","10","990","1","40","300","20","물 → 고분자, 가상 절차","육안 덩어리 미관찰","육안; 위치별 농도 분석 미실시","23","2","25","완료","육안 미관찰","추가 교반 없음","30","DEMO-V01","DEMO 회전식 점도계","DEMO-S1","DEMO-600","400","표시 준수","유효 기록 확인","적합 기록 확인","완료","완료","60","60","45","1176","mPa·s","합성 데이터; 물성 예측 아님; seed=20261002"
"PA-103","PA-103-M4","PA-103-S4","4","2026-09-05T07:04:00Z","POLY-A","DEMO-P1 (가상)","정제수 (가상 기록)","10","990","1","40","300","20","물 → 고분자, 가상 절차","육안 덩어리 미관찰","육안; 위치별 농도 분석 미실시","23","2","25","완료","육안 미관찰","추가 교반 없음","30","DEMO-V01","DEMO 회전식 점도계","DEMO-S1","DEMO-600","400","표시 준수","유효 기록 확인","적합 기록 확인","완료","완료","60","60","54","1185","cP","합성 데이터; 물성 예측 아님; seed=20261002"
"PA-104","PA-104-M1","PA-104-S1","1","2026-09-05T08:01:00Z","POLY-A","DEMO-P1 (가상)","정제수 (가상 기록)","10","990","1","40","300","20","물 → 고분자, 가상 절차","육안 덩어리 미관찰","육안; 위치별 농도 분석 미실시","23","2","25","완료","육안 미관찰","추가 교반 없음","30","DEMO-V01","DEMO 회전식 점도계","DEMO-S1","DEMO-600","400","표시 준수","유효 기록 확인","적합 기록 확인","완료","완료","60","60","63","1220","mPa·s","합성 데이터; 물성 예측 아님; seed=20261002"
"PA-104","PA-104-M2","PA-104-S2","2","2026-09-05T08:02:00Z","POLY-A","DEMO-P1 (가상)","정제수 (가상 기록)","10","990","1","40","300","20","물 → 고분자, 가상 절차","육안 덩어리 미관찰","육안; 위치별 농도 분석 미실시","23","2","25","완료","육안 미관찰","추가 교반 없음","30","DEMO-V01","DEMO 회전식 점도계","DEMO-S1","DEMO-600","400","표시 준수","유효 기록 확인","적합 기록 확인","완료","완료","60","60","58","1237","mPa·s","합성 데이터; 물성 예측 아님; seed=20261002"
"PA-104","PA-104-M3","PA-104-S3","3","2026-09-05T08:03:00Z","POLY-A","DEMO-P1 (가상)","정제수 (가상 기록)","10","990","1","40","300","20","물 → 고분자, 가상 절차","육안 덩어리 미관찰","육안; 위치별 농도 분석 미실시","23","2","25","완료","육안 미관찰","추가 교반 없음","30","DEMO-V01","DEMO 회전식 점도계","DEMO-S1","DEMO-600","400","표시 준수","유효 기록 확인","적합 기록 확인","완료","완료","60","60","54","1230","mPa·s","합성 데이터; 물성 예측 아님; seed=20261002"
"PA-104","PA-104-M4","PA-104-S4","4","2026-09-05T08:04:00Z","POLY-A","DEMO-P1 (가상)","정제수 (가상 기록)","10","990","1","40","300","20","물 → 고분자, 가상 절차","육안 덩어리 미관찰","육안; 위치별 농도 분석 미실시","23","2","25","완료","육안 미관찰","추가 교반 없음","30","DEMO-V01","DEMO 회전식 점도계","DEMO-S1","DEMO-600","400","표시 준수","유효 기록 확인","적합 기록 확인","완료","완료","60","60","61","1234","cP","합성 데이터; 물성 예측 아님; seed=20261002"
"PA-105","PA-105-M1","PA-105-S1","1","2026-09-05T09:01:00Z","POLY-A","DEMO-P1 (가상)","정제수 (가상 기록)","10","990","1","45","300","20","물 → 고분자, 가상 절차","육안 덩어리 미관찰","육안; 위치별 농도 분석 미실시","23","2","25","완료","육안 미관찰","추가 교반 없음","30","DEMO-V01","DEMO 회전식 점도계","DEMO-S1","DEMO-600","400","표시 준수","유효 기록 확인","적합 기록 확인","완료","완료","60","60","50","1188","mPa·s","합성 데이터; 물성 예측 아님; seed=20261002"
"PA-105","PA-105-M2","PA-105-S2","2","2026-09-05T09:02:00Z","POLY-A","DEMO-P1 (가상)","정제수 (가상 기록)","10","990","1","45","300","20","물 → 고분자, 가상 절차","육안 덩어리 미관찰","육안; 위치별 농도 분석 미실시","23","2","25","완료","육안 미관찰","추가 교반 없음","30","DEMO-V01","DEMO 회전식 점도계","DEMO-S1","DEMO-600","400","표시 준수","유효 기록 확인","적합 기록 확인","완료","완료","60","60","64","1207","mPa·s","합성 데이터; 물성 예측 아님; seed=20261002"
"PA-105","PA-105-M3","PA-105-S3","3","2026-09-05T09:03:00Z","POLY-A","DEMO-P1 (가상)","정제수 (가상 기록)","10","990","1","45","300","20","물 → 고분자, 가상 절차","육안 덩어리 미관찰","육안; 위치별 농도 분석 미실시","23","2","25","완료","육안 미관찰","추가 교반 없음","30","DEMO-V01","DEMO 회전식 점도계","DEMO-S1","DEMO-600","400","표시 준수","유효 기록 확인","적합 기록 확인","완료","완료","60","60","45","1196","mPa·s","합성 데이터; 물성 예측 아님; seed=20261002"
"PA-105","PA-105-M4","PA-105-S4","4","2026-09-05T09:04:00Z","POLY-A","DEMO-P1 (가상)","정제수 (가상 기록)","10","990","1","45","300","20","물 → 고분자, 가상 절차","육안 덩어리 미관찰","육안; 위치별 농도 분석 미실시","23","2","25","완료","육안 미관찰","추가 교반 없음","30","DEMO-V01","DEMO 회전식 점도계","DEMO-S1","DEMO-600","400","표시 준수","유효 기록 확인","적합 기록 확인","완료","완료","60","60","46","1194","cP","합성 데이터; 물성 예측 아님; seed=20261002"
"PA-106","PA-106-M1","PA-106-S1","1","2026-09-05T10:01:00Z","POLY-A","DEMO-P1 (가상)","정제수 (가상 기록)","10","990","1","40","300","20","물 → 고분자, 가상 절차","육안 덩어리 미관찰","육안; 위치별 농도 분석 미실시","23","2","28","완료","육안 미관찰","추가 교반 없음","30","DEMO-V01","DEMO 회전식 점도계","DEMO-S1","DEMO-600","400","표시 준수","유효 기록 확인","적합 기록 확인","완료","완료","60","60","53","1240","mPa·s","합성 데이터; 물성 예측 아님; seed=20261002"
"PA-106","PA-106-M2","PA-106-S2","2","2026-09-05T10:02:00Z","POLY-A","DEMO-P1 (가상)","정제수 (가상 기록)","10","990","1","40","300","20","물 → 고분자, 가상 절차","육안 덩어리 미관찰","육안; 위치별 농도 분석 미실시","23","2","25","완료","육안 미관찰","추가 교반 없음","30","DEMO-V01","DEMO 회전식 점도계","DEMO-S1","DEMO-600","400","표시 준수","유효 기록 확인","적합 기록 확인","완료","완료","30","60","52","1247","mPa·s","합성 데이터; 물성 예측 아님; seed=20261002"
"PA-106","PA-106-M3","PA-106-S3","3","2026-09-05T10:03:00Z","POLY-A","DEMO-P1 (가상)","정제수 (가상 기록)","10","990","1","40","300","20","물 → 고분자, 가상 절차","육안 덩어리 미관찰","육안; 위치별 농도 분석 미실시","23","2","25","완료","육안 미관찰","추가 교반 없음","30","DEMO-V01","DEMO 회전식 점도계","DEMO-S2","DEMO-600","400","표시 준수","유효 기록 확인","적합 기록 확인","완료","완료","60","60","64","1245","mPa·s","합성 데이터; 물성 예측 아님; seed=20261002"
"PA-106","PA-106-M4","PA-106-S4","4","2026-09-05T10:04:00Z","POLY-A","DEMO-P1 (가상)","정제수 (가상 기록)","10","990","1","40","300","20","물 → 고분자, 가상 절차","육안 덩어리 미관찰","육안; 위치별 농도 분석 미실시","23","2","25","완료","육안 미관찰","추가 교반 없음","30","DEMO-V01","DEMO 회전식 점도계","DEMO-S1","DEMO-600","400","표시 준수","유효 기록 확인","적합 기록 확인","완료","완료","60","20","50","1214","cP","합성 데이터; 물성 예측 아님; seed=20261002"
"PA-107","PA-107-M1","PA-107-S1","1","2026-09-05T11:01:00Z","POLY-A","DEMO-P1 (가상)","정제수 (가상 기록)","10","990","1","40","300","20","물 → 고분자, 가상 절차","육안 덩어리 미관찰","육안; 위치별 농도 분석 미실시","23","2","","완료","육안 미관찰","추가 교반 없음","30","DEMO-V01","DEMO 회전식 점도계","DEMO-S1","DEMO-600","400","표시 준수","유효 기록 확인","적합 기록 확인","완료","완료","60","60","64","1251","mPa·s","합성 데이터; 물성 예측 아님; seed=20261002"
"PA-107","PA-107-M2","PA-107-S2","2","2026-09-05T11:02:00Z","POLY-A","DEMO-P1 (가상)","정제수 (가상 기록)","10","990","1","40","300","20","물 → 고분자, 가상 절차","육안 덩어리 미관찰","육안; 위치별 농도 분석 미실시","23","2","25","완료","육안 미관찰","추가 교반 없음","30","DEMO-V01","DEMO 회전식 점도계","DEMO-S1","DEMO-600","400","표시 준수","유효 기록 확인","적합 기록 확인","완료","완료","","60","46","1281","mPa·s","합성 데이터; 물성 예측 아님; seed=20261002"
"PA-107","PA-107-M3","PA-107-S3","3","2026-09-05T11:03:00Z","POLY-A","DEMO-P1 (가상)","정제수 (가상 기록)","10","990","1","40","300","20","물 → 고분자, 가상 절차","육안 덩어리 미관찰","육안; 위치별 농도 분석 미실시","23","2","25","완료","육안 미관찰","추가 교반 없음","30","DEMO-V01","DEMO 회전식 점도계","DEMO-S1","DEMO-600","400","표시 준수","유효 기록 확인","적합 기록 확인","완료","완료","60","60","55","","mPa·s","합성 데이터; 물성 예측 아님; seed=20261002"
"PA-107","PA-107-M4","PA-107-S4","4","2026-09-05T11:04:00Z","POLY-A","DEMO-P1 (가상)","정제수 (가상 기록)","10","990","1","40","300","20","물 → 고분자, 가상 절차","육안 덩어리 미관찰","육안; 위치별 농도 분석 미실시","23","2","25","","육안 미관찰","추가 교반 없음","30","DEMO-V01","DEMO 회전식 점도계","DEMO-S1","DEMO-600","400","표시 준수","유효 기록 확인","적합 기록 확인","완료","완료","60","60","55","1274","cP","합성 데이터; 물성 예측 아님; seed=20261002"
"PA-108","PA-108-M1","PA-108-S1","1","2026-09-05T12:01:00Z","POLY-A","DEMO-P1 (가상)","정제수 (가상 기록)","10","990","1","40","300","20","물 → 고분자, 가상 절차","육안 덩어리 미관찰","육안; 위치별 농도 분석 미실시","23","2","25","완료","육안 미관찰","추가 교반 없음","30","DEMO-V01","DEMO 회전식 점도계","DEMO-S1","DEMO-600","400","표시 준수","유효 기록 확인","적합 기록 확인","완료","완료","60","60","50","850","mPa·s","합성 데이터; 물성 예측 아님; seed=20261002"
"PA-108","PA-108-M2","PA-108-S2","2","2026-09-05T12:02:00Z","POLY-A","DEMO-P1 (가상)","정제수 (가상 기록)","10","990","1","40","300","20","물 → 고분자, 가상 절차","육안 덩어리 미관찰","육안; 위치별 농도 분석 미실시","23","2","25","완료","육안 미관찰","추가 교반 없음","30","DEMO-V01","DEMO 회전식 점도계","DEMO-S1","DEMO-600","400","표시 준수","유효 기록 확인","적합 기록 확인","완료","완료","60","60","65","1680","mPa·s","합성 데이터; 물성 예측 아님; seed=20261002"
"PA-108","PA-108-M3","PA-108-S3","3","2026-09-05T12:03:00Z","POLY-A","DEMO-P1 (가상)","정제수 (가상 기록)","10","990","1","40","300","20","물 → 고분자, 가상 절차","육안 덩어리 미관찰","육안; 위치별 농도 분석 미실시","23","2","25","완료","육안 미관찰","추가 교반 없음","30","DEMO-V01","DEMO 회전식 점도계","DEMO-S1","DEMO-600","400","표시 준수","유효 기록 확인","적합 기록 확인","완료","완료","60","60","63","850","mPa·s","합성 데이터; 물성 예측 아님; seed=20261002"
"PA-108","PA-108-M4","PA-108-S4","4","2026-09-05T12:04:00Z","POLY-A","DEMO-P1 (가상)","정제수 (가상 기록)","10","990","1","40","300","20","물 → 고분자, 가상 절차","육안 덩어리 미관찰","육안; 위치별 농도 분석 미실시","23","2","25","완료","육안 미관찰","추가 교반 없음","30","DEMO-V01","DEMO 회전식 점도계","DEMO-S1","DEMO-600","400","표시 준수","유효 기록 확인","적합 기록 확인","완료","완료","60","60","64","1680","cP","합성 데이터; 물성 예측 아님; seed=20261002"
"PA-109","PA-109-M1","PA-109-S1","1","2026-09-05T13:01:00Z","POLY-A","DEMO-P1 (가상)","정제수 (가상 기록)","10","990","1","40","300","20","물 → 고분자, 가상 절차","육안 덩어리 미관찰","육안; 위치별 농도 분석 미실시","23","2","25","완료","관찰됨","추가 교반 없음","30","DEMO-V01","DEMO 회전식 점도계","DEMO-S1","DEMO-600","400","표시 준수","유효 기록 확인","적합 기록 확인","완료","완료","60","60","62","1214","mPa·s","합성 데이터; 물성 예측 아님; seed=20261002"
"PA-109","PA-109-M2","PA-109-S2","2","2026-09-05T13:02:00Z","POLY-A","DEMO-P1 (가상)","정제수 (가상 기록)","10","990","1","40","300","20","물 → 고분자, 가상 절차","육안 덩어리 미관찰","육안; 위치별 농도 분석 미실시","23","2","25","미확인","육안 미관찰","추가 교반 없음","30","DEMO-V01","DEMO 회전식 점도계","DEMO-S1","DEMO-600","400","표시 준수","유효 기록 확인","적합 기록 확인","완료","완료","60","60","51","1225","mPa·s","합성 데이터; 물성 예측 아님; seed=20261002"
"PA-109","PA-109-M3","PA-109-S3","3","2026-09-05T13:03:00Z","POLY-A","DEMO-P1 (가상)","정제수 (가상 기록)","10","990","1","40","300","20","물 → 고분자, 가상 절차","육안 덩어리 미관찰","육안; 위치별 농도 분석 미실시","23","2","25","완료","육안 미관찰","추가 교반 없음","30","DEMO-V01","DEMO 회전식 점도계","DEMO-S1","DEMO-600","400","미준수","유효 기록 확인","적합 기록 확인","완료","완료","60","60","56","1222","mPa·s","합성 데이터; 물성 예측 아님; seed=20261002"
"PA-109","PA-109-M4","PA-109-S4","4","2026-09-05T13:04:00Z","POLY-A","DEMO-P1 (가상)","정제수 (가상 기록)","10","990","1","40","300","20","물 → 고분자, 가상 절차","육안 덩어리 미관찰","육안; 위치별 농도 분석 미실시","23","2","25","완료","육안 미관찰","추가 교반 없음","30","DEMO-V01","DEMO 회전식 점도계","DEMO-S1","DEMO-600","400","표시 준수","유효 기록 확인","적합 기록 확인","완료","완료","60","60","5","1202","cP","합성 데이터; 물성 예측 아님; seed=20261002"
"PA-110","PA-110-M1","PA-110-S1","1","2026-09-05T14:01:00Z","POLY-A","DEMO-P1 (가상)","정제수 (가상 기록)","10","990","1","45","300","20","물 → 고분자, 가상 절차","육안 덩어리 미관찰","육안; 위치별 농도 분석 미실시","23","2","28","완료","육안 미관찰","추가 교반 없음","30","DEMO-V01","DEMO 회전식 점도계","DEMO-S1","DEMO-600","400","표시 준수","유효 기록 확인","적합 기록 확인","완료","완료","60","60","59","1750","mPa·s","합성 데이터; 물성 예측 아님; seed=20261002"
"PA-110","PA-110-M2","PA-110-S2","2","2026-09-05T14:02:00Z","POLY-A","DEMO-P1 (가상)","정제수 (가상 기록)","10","990","1","45","300","20","물 → 고분자, 가상 절차","육안 덩어리 미관찰","육안; 위치별 농도 분석 미실시","23","2","28","완료","육안 미관찰","추가 교반 없음","30","DEMO-V01","DEMO 회전식 점도계","DEMO-S1","DEMO-600","400","표시 준수","유효 기록 확인","적합 기록 확인","완료","완료","60","60","50","1750","mPa·s","합성 데이터; 물성 예측 아님; seed=20261002"
"PA-110","PA-110-M3","PA-110-S3","3","2026-09-05T14:03:00Z","POLY-A","DEMO-P1 (가상)","정제수 (가상 기록)","10","990","1","45","300","20","물 → 고분자, 가상 절차","육안 덩어리 미관찰","육안; 위치별 농도 분석 미실시","23","2","28","완료","육안 미관찰","추가 교반 없음","30","DEMO-V01","DEMO 회전식 점도계","DEMO-S1","DEMO-600","400","표시 준수","유효 기록 확인","적합 기록 확인","완료","완료","60","60","60","1750","mPa·s","합성 데이터; 물성 예측 아님; seed=20261002"
"PA-110","PA-110-M4","PA-110-S4","4","2026-09-05T14:04:00Z","POLY-A","DEMO-P1 (가상)","정제수 (가상 기록)","10","990","1","45","300","20","물 → 고분자, 가상 절차","육안 덩어리 미관찰","육안; 위치별 농도 분석 미실시","23","2","28","완료","육안 미관찰","추가 교반 없음","30","DEMO-V01","DEMO 회전식 점도계","DEMO-S1","DEMO-600","400","표시 준수","유효 기록 확인","적합 기록 확인","완료","완료","60","60","61","1750","cP","합성 데이터; 물성 예측 아님; seed=20261002"
"PA-111","PA-111-M1","PA-111-S1","1","2026-09-05T15:01:00Z","POLY-A","DEMO-P1 (가상)","정제수 (가상 기록)","10","990","1","40","300","20","물 → 고분자, 가상 절차","육안 덩어리 미관찰","육안; 위치별 농도 분석 미실시","23","2","25","완료","육안 미관찰","추가 교반 없음","30","DEMO-V01","DEMO 회전식 점도계","DEMO-S1","DEMO-600","400","표시 준수","유효 기록 확인","적합 기록 확인","완료","완료","60","60","64","1293","mPa·s","합성 데이터; 물성 예측 아님; seed=20261002"
"PA-111","PA-111-M2","PA-111-S2","2","2026-09-05T15:02:00Z","POLY-A","DEMO-P1 (가상)","정제수 (가상 기록)","10","990","1","40","300","20","물 → 고분자, 가상 절차","육안 덩어리 미관찰","육안; 위치별 농도 분석 미실시","23","2","25","완료","육안 미관찰","추가 교반 없음","30","DEMO-V01","DEMO 회전식 점도계","DEMO-S1","DEMO-600","400","표시 준수","유효 기록 확인","적합 기록 확인","완료","완료","60","60","55","1298","mPa·s","합성 데이터; 물성 예측 아님; seed=20261002"
"PA-111","PA-111-M3","PA-111-S3","3","2026-09-05T15:03:00Z","POLY-A","DEMO-P1 (가상)","정제수 (가상 기록)","10","990","1","40","300","20","물 → 고분자, 가상 절차","육안 덩어리 미관찰","육안; 위치별 농도 분석 미실시","23","2","25","완료","육안 미관찰","추가 교반 없음","30","DEMO-V01","DEMO 회전식 점도계","DEMO-S1","DEMO-600","400","표시 준수","유효 기록 확인","적합 기록 확인","완료","완료","60","60","52","1282","mPa·s","합성 데이터; 물성 예측 아님; seed=20261002"
"PA-111","PA-111-M4","PA-111-S4","4","2026-09-05T15:04:00Z","POLY-A","DEMO-P1 (가상)","정제수 (가상 기록)","10","990","1","40","300","20","물 → 고분자, 가상 절차","육안 덩어리 미관찰","육안; 위치별 농도 분석 미실시","23","2","25","완료","육안 미관찰","추가 교반 없음","30","DEMO-V01","DEMO 회전식 점도계","DEMO-S1","DEMO-600","400","표시 준수","유효 기록 확인","적합 기록 확인","완료","완료","60","60","54","1308","cP","합성 데이터; 물성 예측 아님; seed=20261002"
"PA-112","PA-112-M1","PA-112-S1","1","2026-09-05T16:01:00Z","POLY-A","DEMO-P1 (가상)","정제수 (가상 기록)","10","990","1","40","300","20","물 → 고분자, 가상 절차","육안 덩어리 미관찰","육안; 위치별 농도 분석 미실시","23","2","25","완료","육안 미관찰","추가 교반 없음","30","DEMO-V01","DEMO 회전식 점도계","DEMO-S1","DEMO-600","400","표시 준수","유효 기록 확인","적합 기록 확인","완료","완료","60","60","65","1253","mPa·s","합성 데이터; 물성 예측 아님; seed=20261002"
"PA-112","PA-112-M2","PA-112-S2","2","2026-09-05T16:02:00Z","POLY-A","DEMO-P1 (가상)","정제수 (가상 기록)","10","990","1","40","300","20","물 → 고분자, 가상 절차","육안 덩어리 미관찰","육안; 위치별 농도 분석 미실시","23","2","25","완료","육안 미관찰","추가 교반 없음","30","DEMO-V01","DEMO 회전식 점도계","DEMO-S1","DEMO-600","400","표시 준수","유효 기록 확인","적합 기록 확인","완료","완료","60","60","55","1253","mPa·s","합성 데이터; 물성 예측 아님; seed=20261002"
"PA-112","PA-112-M3","PA-112-S3","3","2026-09-05T16:03:00Z","POLY-A","DEMO-P1 (가상)","정제수 (가상 기록)","10","990","1","40","300","20","물 → 고분자, 가상 절차","육안 덩어리 미관찰","육안; 위치별 농도 분석 미실시","23","2","25","완료","육안 미관찰","추가 교반 없음","30","DEMO-V01","DEMO 회전식 점도계","DEMO-S1","DEMO-600","400","표시 준수","유효 기록 확인","적합 기록 확인","완료","완료","60","60","47","1280","mPa·s","합성 데이터; 물성 예측 아님; seed=20261002"
"PA-112","PA-112-M4","PA-112-S4","4","2026-09-05T16:04:00Z","POLY-A","DEMO-P1 (가상)","정제수 (가상 기록)","10","990","1","40","300","20","물 → 고분자, 가상 절차","육안 덩어리 미관찰","육안; 위치별 농도 분석 미실시","23","2","25","완료","육안 미관찰","추가 교반 없음","30","DEMO-V01","DEMO 회전식 점도계","DEMO-S1","DEMO-600","400","표시 준수","유효 기록 확인","적합 기록 확인","완료","완료","60","60","59","1279","cP","합성 데이터; 물성 예측 아님; seed=20261002"
"PA-113","PA-113-M1","PA-113-S1","1","2026-09-05T17:01:00Z","POLY-A","DEMO-P1 (가상)","정제수 (가상 기록)","10","990","1","40","300","20","물 → 고분자, 가상 절차","육안 덩어리 미관찰","육안; 위치별 농도 분석 미실시","23","2","25","완료","육안 미관찰","추가 교반 없음","30","DEMO-V01","DEMO 회전식 점도계","DEMO-S1","DEMO-600","400","표시 준수","유효 기록 확인","적합 기록 확인","완료","완료","60","60","57","1222","mPa·s","합성 데이터; 물성 예측 아님; seed=20261002"
"PA-113","PA-113-M2","PA-113-S2","2","2026-09-05T17:02:00Z","POLY-A","DEMO-P1 (가상)","정제수 (가상 기록)","10","990","1","40","300","20","물 → 고분자, 가상 절차","육안 덩어리 미관찰","육안; 위치별 농도 분석 미실시","23","2","25","완료","육안 미관찰","추가 교반 없음","30","DEMO-V01","DEMO 회전식 점도계","DEMO-S1","DEMO-600","400","표시 준수","유효 기록 확인","적합 기록 확인","완료","완료","60","60","58","1213","mPa·s","합성 데이터; 물성 예측 아님; seed=20261002"
"PA-113","PA-113-M3","PA-113-S3","3","2026-09-05T17:03:00Z","POLY-A","DEMO-P1 (가상)","정제수 (가상 기록)","10","990","1","40","300","20","물 → 고분자, 가상 절차","육안 덩어리 미관찰","육안; 위치별 농도 분석 미실시","23","2","25","완료","육안 미관찰","추가 교반 없음","30","DEMO-V01","DEMO 회전식 점도계","DEMO-S1","DEMO-600","400","표시 준수","유효 기록 확인","적합 기록 확인","완료","완료","60","60","49","1233","mPa·s","합성 데이터; 물성 예측 아님; seed=20261002"
"PA-113","PA-113-M4","PA-113-S4","4","2026-09-05T17:04:00Z","POLY-A","DEMO-P1 (가상)","정제수 (가상 기록)","10","990","1","40","300","20","물 → 고분자, 가상 절차","육안 덩어리 미관찰","육안; 위치별 농도 분석 미실시","23","2","25","완료","육안 미관찰","추가 교반 없음","30","DEMO-V01","DEMO 회전식 점도계","DEMO-S1","DEMO-600","400","표시 준수","유효 기록 확인","적합 기록 확인","완료","완료","60","60","63","1208","cP","합성 데이터; 물성 예측 아님; seed=20261002"
"PA-114","PA-114-M1","PA-114-S1","1","2026-09-05T18:01:00Z","POLY-A","DEMO-P1 (가상)","정제수 (가상 기록)","10","990","1","40","300","20","물 → 고분자, 가상 절차","육안 덩어리 미관찰","육안; 위치별 농도 분석 미실시","23","2","25","완료","육안 미관찰","추가 교반 없음","30","DEMO-V01","DEMO 회전식 점도계","DEMO-S1","DEMO-600","400","표시 준수","유효 기록 확인","적합 기록 확인","완료","완료","60","60","51","1136","mPa·s","합성 데이터; 물성 예측 아님; seed=20261002"
"PA-114","PA-114-M2","PA-114-S2","2","2026-09-05T18:02:00Z","POLY-A","DEMO-P1 (가상)","정제수 (가상 기록)","10","990","1","40","300","20","물 → 고분자, 가상 절차","육안 덩어리 미관찰","육안; 위치별 농도 분석 미실시","23","2","25","완료","육안 미관찰","추가 교반 없음","30","DEMO-V01","DEMO 회전식 점도계","DEMO-S1","DEMO-600","400","표시 준수","유효 기록 확인","적합 기록 확인","완료","완료","60","60","51","1142","mPa·s","합성 데이터; 물성 예측 아님; seed=20261002"
"PA-114","PA-114-M3","PA-114-S3","3","2026-09-05T18:03:00Z","POLY-A","DEMO-P1 (가상)","정제수 (가상 기록)","10","990","1","40","300","20","물 → 고분자, 가상 절차","육안 덩어리 미관찰","육안; 위치별 농도 분석 미실시","23","2","25","완료","육안 미관찰","추가 교반 없음","30","DEMO-V01","DEMO 회전식 점도계","DEMO-S1","DEMO-600","400","표시 준수","유효 기록 확인","적합 기록 확인","완료","완료","60","60","50","1148","mPa·s","합성 데이터; 물성 예측 아님; seed=20261002"
"PA-114","PA-114-M4","PA-114-S4","4","2026-09-05T18:04:00Z","POLY-A","DEMO-P1 (가상)","정제수 (가상 기록)","10","990","1","40","300","20","물 → 고분자, 가상 절차","육안 덩어리 미관찰","육안; 위치별 농도 분석 미실시","23","2","25","완료","육안 미관찰","추가 교반 없음","30","DEMO-V01","DEMO 회전식 점도계","DEMO-S1","DEMO-600","400","표시 준수","유효 기록 확인","적합 기록 확인","완료","완료","60","60","54","1169","cP","합성 데이터; 물성 예측 아님; seed=20261002"
"PA-115","PA-115-M1","PA-115-S1","1","2026-09-05T19:01:00Z","POLY-A","DEMO-P1 (가상)","정제수 (가상 기록)","10","990","1","45","300","20","물 → 고분자, 가상 절차","육안 덩어리 미관찰","육안; 위치별 농도 분석 미실시","23","2","25","완료","육안 미관찰","추가 교반 없음","30","DEMO-V01","DEMO 회전식 점도계","DEMO-S1","DEMO-600","400","표시 준수","유효 기록 확인","적합 기록 확인","완료","완료","60","60","64","1216","mPa·s","합성 데이터; 물성 예측 아님; seed=20261002"
"PA-115","PA-115-M2","PA-115-S2","2","2026-09-05T19:02:00Z","POLY-A","DEMO-P1 (가상)","정제수 (가상 기록)","10","990","1","45","300","20","물 → 고분자, 가상 절차","육안 덩어리 미관찰","육안; 위치별 농도 분석 미실시","23","2","25","완료","육안 미관찰","추가 교반 없음","30","DEMO-V01","DEMO 회전식 점도계","DEMO-S1","DEMO-600","400","표시 준수","유효 기록 확인","적합 기록 확인","완료","완료","60","60","47","1186","mPa·s","합성 데이터; 물성 예측 아님; seed=20261002"
"PA-115","PA-115-M3","PA-115-S3","3","2026-09-05T19:03:00Z","POLY-A","DEMO-P1 (가상)","정제수 (가상 기록)","10","990","1","45","300","20","물 → 고분자, 가상 절차","육안 덩어리 미관찰","육안; 위치별 농도 분석 미실시","23","2","25","완료","육안 미관찰","추가 교반 없음","30","DEMO-V01","DEMO 회전식 점도계","DEMO-S1","DEMO-600","400","표시 준수","유효 기록 확인","적합 기록 확인","완료","완료","60","60","58","1214","mPa·s","합성 데이터; 물성 예측 아님; seed=20261002"
"PA-115","PA-115-M4","PA-115-S4","4","2026-09-05T19:04:00Z","POLY-A","DEMO-P1 (가상)","정제수 (가상 기록)","10","990","1","45","300","20","물 → 고분자, 가상 절차","육안 덩어리 미관찰","육안; 위치별 농도 분석 미실시","23","2","25","완료","육안 미관찰","추가 교반 없음","30","DEMO-V01","DEMO 회전식 점도계","DEMO-S1","DEMO-600","400","표시 준수","유효 기록 확인","적합 기록 확인","완료","완료","60","60","56","1203","cP","합성 데이터; 물성 예측 아님; seed=20261002"
"PA-116","PA-116-M1","PA-116-S1","1","2026-09-05T20:01:00Z","POLY-A","DEMO-P1 (가상)","정제수 (가상 기록)","10","990","1","40","300","20","물 → 고분자, 가상 절차","육안 덩어리 미관찰","육안; 위치별 농도 분석 미실시","23","2","28","완료","육안 미관찰","추가 교반 없음","30","DEMO-V01","DEMO 회전식 점도계","DEMO-S1","DEMO-600","400","표시 준수","유효 기록 확인","적합 기록 확인","완료","완료","60","60","51","1247","mPa·s","합성 데이터; 물성 예측 아님; seed=20261002"
"PA-116","PA-116-M2","PA-116-S2","2","2026-09-05T20:02:00Z","POLY-A","DEMO-P1 (가상)","정제수 (가상 기록)","10","990","1","40","300","20","물 → 고분자, 가상 절차","육안 덩어리 미관찰","육안; 위치별 농도 분석 미실시","23","2","25","완료","육안 미관찰","추가 교반 없음","30","DEMO-V01","DEMO 회전식 점도계","DEMO-S1","DEMO-600","400","표시 준수","유효 기록 확인","적합 기록 확인","완료","완료","30","60","49","1256","mPa·s","합성 데이터; 물성 예측 아님; seed=20261002"
"PA-116","PA-116-M3","PA-116-S3","3","2026-09-05T20:03:00Z","POLY-A","DEMO-P1 (가상)","정제수 (가상 기록)","10","990","1","40","300","20","물 → 고분자, 가상 절차","육안 덩어리 미관찰","육안; 위치별 농도 분석 미실시","23","2","25","완료","육안 미관찰","추가 교반 없음","30","DEMO-V01","DEMO 회전식 점도계","DEMO-S2","DEMO-600","400","표시 준수","유효 기록 확인","적합 기록 확인","완료","완료","60","60","57","1244","mPa·s","합성 데이터; 물성 예측 아님; seed=20261002"
"PA-116","PA-116-M4","PA-116-S4","4","2026-09-05T20:04:00Z","POLY-A","DEMO-P1 (가상)","정제수 (가상 기록)","10","990","1","40","300","20","물 → 고분자, 가상 절차","육안 덩어리 미관찰","육안; 위치별 농도 분석 미실시","23","2","25","완료","육안 미관찰","추가 교반 없음","30","DEMO-V01","DEMO 회전식 점도계","DEMO-S1","DEMO-600","400","표시 준수","유효 기록 확인","적합 기록 확인","완료","완료","60","20","59","1243","cP","합성 데이터; 물성 예측 아님; seed=20261002"
"PA-117","PA-117-M1","PA-117-S1","1","2026-09-05T21:01:00Z","POLY-A","DEMO-P1 (가상)","정제수 (가상 기록)","10","990","1","40","300","20","물 → 고분자, 가상 절차","육안 덩어리 미관찰","육안; 위치별 농도 분석 미실시","23","2","","완료","육안 미관찰","추가 교반 없음","30","DEMO-V01","DEMO 회전식 점도계","DEMO-S1","DEMO-600","400","표시 준수","유효 기록 확인","적합 기록 확인","완료","완료","60","60","49","1227","mPa·s","합성 데이터; 물성 예측 아님; seed=20261002"
"PA-117","PA-117-M2","PA-117-S2","2","2026-09-05T21:02:00Z","POLY-A","DEMO-P1 (가상)","정제수 (가상 기록)","10","990","1","40","300","20","물 → 고분자, 가상 절차","육안 덩어리 미관찰","육안; 위치별 농도 분석 미실시","23","2","25","완료","육안 미관찰","추가 교반 없음","30","DEMO-V01","DEMO 회전식 점도계","DEMO-S1","DEMO-600","400","표시 준수","유효 기록 확인","적합 기록 확인","완료","완료","","60","58","1240","mPa·s","합성 데이터; 물성 예측 아님; seed=20261002"
"PA-117","PA-117-M3","PA-117-S3","3","2026-09-05T21:03:00Z","POLY-A","DEMO-P1 (가상)","정제수 (가상 기록)","10","990","1","40","300","20","물 → 고분자, 가상 절차","육안 덩어리 미관찰","육안; 위치별 농도 분석 미실시","23","2","25","완료","육안 미관찰","추가 교반 없음","30","DEMO-V01","DEMO 회전식 점도계","DEMO-S1","DEMO-600","400","표시 준수","유효 기록 확인","적합 기록 확인","완료","완료","60","60","58","","mPa·s","합성 데이터; 물성 예측 아님; seed=20261002"
"PA-117","PA-117-M4","PA-117-S4","4","2026-09-05T21:04:00Z","POLY-A","DEMO-P1 (가상)","정제수 (가상 기록)","10","990","1","40","300","20","물 → 고분자, 가상 절차","육안 덩어리 미관찰","육안; 위치별 농도 분석 미실시","23","2","25","","육안 미관찰","추가 교반 없음","30","DEMO-V01","DEMO 회전식 점도계","DEMO-S1","DEMO-600","400","표시 준수","유효 기록 확인","적합 기록 확인","완료","완료","60","60","50","1256","cP","합성 데이터; 물성 예측 아님; seed=20261002"
"PA-118","PA-118-M1","PA-118-S1","1","2026-09-05T22:01:00Z","POLY-A","DEMO-P1 (가상)","정제수 (가상 기록)","10","990","1","40","300","20","물 → 고분자, 가상 절차","육안 덩어리 미관찰","육안; 위치별 농도 분석 미실시","23","2","25","완료","육안 미관찰","추가 교반 없음","30","DEMO-V01","DEMO 회전식 점도계","DEMO-S1","DEMO-600","400","표시 준수","유효 기록 확인","적합 기록 확인","완료","완료","60","60","60","850","mPa·s","합성 데이터; 물성 예측 아님; seed=20261002"
"PA-118","PA-118-M2","PA-118-S2","2","2026-09-05T22:02:00Z","POLY-A","DEMO-P1 (가상)","정제수 (가상 기록)","10","990","1","40","300","20","물 → 고분자, 가상 절차","육안 덩어리 미관찰","육안; 위치별 농도 분석 미실시","23","2","25","완료","육안 미관찰","추가 교반 없음","30","DEMO-V01","DEMO 회전식 점도계","DEMO-S1","DEMO-600","400","표시 준수","유효 기록 확인","적합 기록 확인","완료","완료","60","60","52","1680","mPa·s","합성 데이터; 물성 예측 아님; seed=20261002"
"PA-118","PA-118-M3","PA-118-S3","3","2026-09-05T22:03:00Z","POLY-A","DEMO-P1 (가상)","정제수 (가상 기록)","10","990","1","40","300","20","물 → 고분자, 가상 절차","육안 덩어리 미관찰","육안; 위치별 농도 분석 미실시","23","2","25","완료","육안 미관찰","추가 교반 없음","30","DEMO-V01","DEMO 회전식 점도계","DEMO-S1","DEMO-600","400","표시 준수","유효 기록 확인","적합 기록 확인","완료","완료","60","60","56","850","mPa·s","합성 데이터; 물성 예측 아님; seed=20261002"
"PA-118","PA-118-M4","PA-118-S4","4","2026-09-05T22:04:00Z","POLY-A","DEMO-P1 (가상)","정제수 (가상 기록)","10","990","1","40","300","20","물 → 고분자, 가상 절차","육안 덩어리 미관찰","육안; 위치별 농도 분석 미실시","23","2","25","완료","육안 미관찰","추가 교반 없음","30","DEMO-V01","DEMO 회전식 점도계","DEMO-S1","DEMO-600","400","표시 준수","유효 기록 확인","적합 기록 확인","완료","완료","60","60","50","1680","cP","합성 데이터; 물성 예측 아님; seed=20261002"
"PA-119","PA-119-M1","PA-119-S1","1","2026-09-05T23:01:00Z","POLY-A","DEMO-P1 (가상)","정제수 (가상 기록)","10","990","1","40","300","20","물 → 고분자, 가상 절차","육안 덩어리 미관찰","육안; 위치별 농도 분석 미실시","23","2","25","완료","관찰됨","추가 교반 없음","30","DEMO-V01","DEMO 회전식 점도계","DEMO-S1","DEMO-600","400","표시 준수","유효 기록 확인","적합 기록 확인","완료","완료","60","60","61","1247","mPa·s","합성 데이터; 물성 예측 아님; seed=20261002"
"PA-119","PA-119-M2","PA-119-S2","2","2026-09-05T23:02:00Z","POLY-A","DEMO-P1 (가상)","정제수 (가상 기록)","10","990","1","40","300","20","물 → 고분자, 가상 절차","육안 덩어리 미관찰","육안; 위치별 농도 분석 미실시","23","2","25","미확인","육안 미관찰","추가 교반 없음","30","DEMO-V01","DEMO 회전식 점도계","DEMO-S1","DEMO-600","400","표시 준수","유효 기록 확인","적합 기록 확인","완료","완료","60","60","55","1245","mPa·s","합성 데이터; 물성 예측 아님; seed=20261002"
"PA-119","PA-119-M3","PA-119-S3","3","2026-09-05T23:03:00Z","POLY-A","DEMO-P1 (가상)","정제수 (가상 기록)","10","990","1","40","300","20","물 → 고분자, 가상 절차","육안 덩어리 미관찰","육안; 위치별 농도 분석 미실시","23","2","25","완료","육안 미관찰","추가 교반 없음","30","DEMO-V01","DEMO 회전식 점도계","DEMO-S1","DEMO-600","400","미준수","유효 기록 확인","적합 기록 확인","완료","완료","60","60","61","1225","mPa·s","합성 데이터; 물성 예측 아님; seed=20261002"
"PA-119","PA-119-M4","PA-119-S4","4","2026-09-05T23:04:00Z","POLY-A","DEMO-P1 (가상)","정제수 (가상 기록)","10","990","1","40","300","20","물 → 고분자, 가상 절차","육안 덩어리 미관찰","육안; 위치별 농도 분석 미실시","23","2","25","완료","육안 미관찰","추가 교반 없음","30","DEMO-V01","DEMO 회전식 점도계","DEMO-S1","DEMO-600","400","표시 준수","유효 기록 확인","적합 기록 확인","완료","완료","60","60","5","1234","cP","합성 데이터; 물성 예측 아님; seed=20261002"
"PA-120","PA-120-M1","PA-120-S1","1","2026-09-06T00:01:00Z","POLY-A","DEMO-P1 (가상)","정제수 (가상 기록)","10","990","1","45","300","20","물 → 고분자, 가상 절차","육안 덩어리 미관찰","육안; 위치별 농도 분석 미실시","23","2","28","완료","육안 미관찰","추가 교반 없음","30","DEMO-V01","DEMO 회전식 점도계","DEMO-S1","DEMO-600","400","표시 준수","유효 기록 확인","적합 기록 확인","완료","완료","60","60","49","1750","mPa·s","합성 데이터; 물성 예측 아님; seed=20261002"
"PA-120","PA-120-M2","PA-120-S2","2","2026-09-06T00:02:00Z","POLY-A","DEMO-P1 (가상)","정제수 (가상 기록)","10","990","1","45","300","20","물 → 고분자, 가상 절차","육안 덩어리 미관찰","육안; 위치별 농도 분석 미실시","23","2","28","완료","육안 미관찰","추가 교반 없음","30","DEMO-V01","DEMO 회전식 점도계","DEMO-S1","DEMO-600","400","표시 준수","유효 기록 확인","적합 기록 확인","완료","완료","60","60","59","1750","mPa·s","합성 데이터; 물성 예측 아님; seed=20261002"
"PA-120","PA-120-M3","PA-120-S3","3","2026-09-06T00:03:00Z","POLY-A","DEMO-P1 (가상)","정제수 (가상 기록)","10","990","1","45","300","20","물 → 고분자, 가상 절차","육안 덩어리 미관찰","육안; 위치별 농도 분석 미실시","23","2","28","완료","육안 미관찰","추가 교반 없음","30","DEMO-V01","DEMO 회전식 점도계","DEMO-S1","DEMO-600","400","표시 준수","유효 기록 확인","적합 기록 확인","완료","완료","60","60","50","1750","mPa·s","합성 데이터; 물성 예측 아님; seed=20261002"
"PA-120","PA-120-M4","PA-120-S4","4","2026-09-06T00:04:00Z","POLY-A","DEMO-P1 (가상)","정제수 (가상 기록)","10","990","1","45","300","20","물 → 고분자, 가상 절차","육안 덩어리 미관찰","육안; 위치별 농도 분석 미실시","23","2","28","완료","육안 미관찰","추가 교반 없음","30","DEMO-V01","DEMO 회전식 점도계","DEMO-S1","DEMO-600","400","표시 준수","유효 기록 확인","적합 기록 확인","완료","완료","60","60","59","1750","cP","합성 데이터; 물성 예측 아님; seed=20261002"
"PA-121","PA-121-M1","PA-121-S1","1","2026-09-06T01:01:00Z","POLY-A","DEMO-P1 (가상)","정제수 (가상 기록)","10","990","1","40","300","20","물 → 고분자, 가상 절차","육안 덩어리 미관찰","육안; 위치별 농도 분석 미실시","23","2","25","완료","육안 미관찰","추가 교반 없음","30","DEMO-V01","DEMO 회전식 점도계","DEMO-S1","DEMO-600","400","표시 준수","유효 기록 확인","적합 기록 확인","완료","완료","60","60","47","1200","mPa·s","합성 데이터; 물성 예측 아님; seed=20261002"
"PA-121","PA-121-M2","PA-121-S2","2","2026-09-06T01:02:00Z","POLY-A","DEMO-P1 (가상)","정제수 (가상 기록)","10","990","1","40","300","20","물 → 고분자, 가상 절차","육안 덩어리 미관찰","육안; 위치별 농도 분석 미실시","23","2","25","완료","육안 미관찰","추가 교반 없음","30","DEMO-V01","DEMO 회전식 점도계","DEMO-S1","DEMO-600","400","표시 준수","유효 기록 확인","적합 기록 확인","완료","완료","60","60","57","1214","mPa·s","합성 데이터; 물성 예측 아님; seed=20261002"
"PA-121","PA-121-M3","PA-121-S3","3","2026-09-06T01:03:00Z","POLY-A","DEMO-P1 (가상)","정제수 (가상 기록)","10","990","1","40","300","20","물 → 고분자, 가상 절차","육안 덩어리 미관찰","육안; 위치별 농도 분석 미실시","23","2","25","완료","육안 미관찰","추가 교반 없음","30","DEMO-V01","DEMO 회전식 점도계","DEMO-S1","DEMO-600","400","표시 준수","유효 기록 확인","적합 기록 확인","완료","완료","60","60","61","1193","mPa·s","합성 데이터; 물성 예측 아님; seed=20261002"
"PA-121","PA-121-M4","PA-121-S4","4","2026-09-06T01:04:00Z","POLY-A","DEMO-P1 (가상)","정제수 (가상 기록)","10","990","1","40","300","20","물 → 고분자, 가상 절차","육안 덩어리 미관찰","육안; 위치별 농도 분석 미실시","23","2","25","완료","육안 미관찰","추가 교반 없음","30","DEMO-V01","DEMO 회전식 점도계","DEMO-S1","DEMO-600","400","표시 준수","유효 기록 확인","적합 기록 확인","완료","완료","60","60","56","1220","cP","합성 데이터; 물성 예측 아님; seed=20261002"
"PA-122","PA-122-M1","PA-122-S1","1","2026-09-06T02:01:00Z","POLY-A","DEMO-P1 (가상)","정제수 (가상 기록)","10","990","1","40","300","20","물 → 고분자, 가상 절차","육안 덩어리 미관찰","육안; 위치별 농도 분석 미실시","23","2","25","완료","육안 미관찰","추가 교반 없음","30","DEMO-V01","DEMO 회전식 점도계","DEMO-S1","DEMO-600","400","표시 준수","유효 기록 확인","적합 기록 확인","완료","완료","60","60","63","1159","mPa·s","합성 데이터; 물성 예측 아님; seed=20261002"
"PA-122","PA-122-M2","PA-122-S2","2","2026-09-06T02:02:00Z","POLY-A","DEMO-P1 (가상)","정제수 (가상 기록)","10","990","1","40","300","20","물 → 고분자, 가상 절차","육안 덩어리 미관찰","육안; 위치별 농도 분석 미실시","23","2","25","완료","육안 미관찰","추가 교반 없음","30","DEMO-V01","DEMO 회전식 점도계","DEMO-S1","DEMO-600","400","표시 준수","유효 기록 확인","적합 기록 확인","완료","완료","60","60","51","1129","mPa·s","합성 데이터; 물성 예측 아님; seed=20261002"
"PA-122","PA-122-M3","PA-122-S3","3","2026-09-06T02:03:00Z","POLY-A","DEMO-P1 (가상)","정제수 (가상 기록)","10","990","1","40","300","20","물 → 고분자, 가상 절차","육안 덩어리 미관찰","육안; 위치별 농도 분석 미실시","23","2","25","완료","육안 미관찰","추가 교반 없음","30","DEMO-V01","DEMO 회전식 점도계","DEMO-S1","DEMO-600","400","표시 준수","유효 기록 확인","적합 기록 확인","완료","완료","60","60","54","1149","mPa·s","합성 데이터; 물성 예측 아님; seed=20261002"
"PA-122","PA-122-M4","PA-122-S4","4","2026-09-06T02:04:00Z","POLY-A","DEMO-P1 (가상)","정제수 (가상 기록)","10","990","1","40","300","20","물 → 고분자, 가상 절차","육안 덩어리 미관찰","육안; 위치별 농도 분석 미실시","23","2","25","완료","육안 미관찰","추가 교반 없음","30","DEMO-V01","DEMO 회전식 점도계","DEMO-S1","DEMO-600","400","표시 준수","유효 기록 확인","적합 기록 확인","완료","완료","60","60","52","1151","cP","합성 데이터; 물성 예측 아님; seed=20261002"
"PA-123","PA-123-M1","PA-123-S1","1","2026-09-06T03:01:00Z","POLY-A","DEMO-P1 (가상)","정제수 (가상 기록)","10","990","1","40","300","20","물 → 고분자, 가상 절차","육안 덩어리 미관찰","육안; 위치별 농도 분석 미실시","23","2","25","완료","육안 미관찰","추가 교반 없음","30","DEMO-V01","DEMO 회전식 점도계","DEMO-S1","DEMO-600","400","표시 준수","유효 기록 확인","적합 기록 확인","완료","완료","60","60","64","1230","mPa·s","합성 데이터; 물성 예측 아님; seed=20261002"
"PA-123","PA-123-M2","PA-123-S2","2","2026-09-06T03:02:00Z","POLY-A","DEMO-P1 (가상)","정제수 (가상 기록)","10","990","1","40","300","20","물 → 고분자, 가상 절차","육안 덩어리 미관찰","육안; 위치별 농도 분석 미실시","23","2","25","완료","육안 미관찰","추가 교반 없음","30","DEMO-V01","DEMO 회전식 점도계","DEMO-S1","DEMO-600","400","표시 준수","유효 기록 확인","적합 기록 확인","완료","완료","60","60","46","1239","mPa·s","합성 데이터; 물성 예측 아님; seed=20261002"
"PA-123","PA-123-M3","PA-123-S3","3","2026-09-06T03:03:00Z","POLY-A","DEMO-P1 (가상)","정제수 (가상 기록)","10","990","1","40","300","20","물 → 고분자, 가상 절차","육안 덩어리 미관찰","육안; 위치별 농도 분석 미실시","23","2","25","완료","육안 미관찰","추가 교반 없음","30","DEMO-V01","DEMO 회전식 점도계","DEMO-S1","DEMO-600","400","표시 준수","유효 기록 확인","적합 기록 확인","완료","완료","60","60","65","1223","mPa·s","합성 데이터; 물성 예측 아님; seed=20261002"
"PA-123","PA-123-M4","PA-123-S4","4","2026-09-06T03:04:00Z","POLY-A","DEMO-P1 (가상)","정제수 (가상 기록)","10","990","1","40","300","20","물 → 고분자, 가상 절차","육안 덩어리 미관찰","육안; 위치별 농도 분석 미실시","23","2","25","완료","육안 미관찰","추가 교반 없음","30","DEMO-V01","DEMO 회전식 점도계","DEMO-S1","DEMO-600","400","표시 준수","유효 기록 확인","적합 기록 확인","완료","완료","60","60","46","1224","cP","합성 데이터; 물성 예측 아님; seed=20261002"
"PA-124","PA-124-M1","PA-124-S1","1","2026-09-06T04:01:00Z","POLY-A","DEMO-P1 (가상)","정제수 (가상 기록)","10","990","1","40","300","20","물 → 고분자, 가상 절차","육안 덩어리 미관찰","육안; 위치별 농도 분석 미실시","23","2","25","완료","육안 미관찰","추가 교반 없음","30","DEMO-V01","DEMO 회전식 점도계","DEMO-S1","DEMO-600","400","표시 준수","유효 기록 확인","적합 기록 확인","완료","완료","60","60","59","1187","mPa·s","합성 데이터; 물성 예측 아님; seed=20261002"
"PA-124","PA-124-M2","PA-124-S2","2","2026-09-06T04:02:00Z","POLY-A","DEMO-P1 (가상)","정제수 (가상 기록)","10","990","1","40","300","20","물 → 고분자, 가상 절차","육안 덩어리 미관찰","육안; 위치별 농도 분석 미실시","23","2","25","완료","육안 미관찰","추가 교반 없음","30","DEMO-V01","DEMO 회전식 점도계","DEMO-S1","DEMO-600","400","표시 준수","유효 기록 확인","적합 기록 확인","완료","완료","60","60","61","1211","mPa·s","합성 데이터; 물성 예측 아님; seed=20261002"
"PA-124","PA-124-M3","PA-124-S3","3","2026-09-06T04:03:00Z","POLY-A","DEMO-P1 (가상)","정제수 (가상 기록)","10","990","1","40","300","20","물 → 고분자, 가상 절차","육안 덩어리 미관찰","육안; 위치별 농도 분석 미실시","23","2","25","완료","육안 미관찰","추가 교반 없음","30","DEMO-V01","DEMO 회전식 점도계","DEMO-S1","DEMO-600","400","표시 준수","유효 기록 확인","적합 기록 확인","완료","완료","60","60","46","1213","mPa·s","합성 데이터; 물성 예측 아님; seed=20261002"
"PA-124","PA-124-M4","PA-124-S4","4","2026-09-06T04:04:00Z","POLY-A","DEMO-P1 (가상)","정제수 (가상 기록)","10","990","1","40","300","20","물 → 고분자, 가상 절차","육안 덩어리 미관찰","육안; 위치별 농도 분석 미실시","23","2","25","완료","육안 미관찰","추가 교반 없음","30","DEMO-V01","DEMO 회전식 점도계","DEMO-S1","DEMO-600","400","표시 준수","유효 기록 확인","적합 기록 확인","완료","완료","60","60","52","1186","cP","합성 데이터; 물성 예측 아님; seed=20261002"
"PA-125","PA-125-M1","PA-125-S1","1","2026-09-06T05:01:00Z","POLY-A","DEMO-P1 (가상)","정제수 (가상 기록)","10","990","1","45","300","20","물 → 고분자, 가상 절차","육안 덩어리 미관찰","육안; 위치별 농도 분석 미실시","23","2","25","완료","육안 미관찰","추가 교반 없음","30","DEMO-V01","DEMO 회전식 점도계","DEMO-S1","DEMO-600","400","표시 준수","유효 기록 확인","적합 기록 확인","완료","완료","60","60","57","1221","mPa·s","합성 데이터; 물성 예측 아님; seed=20261002"
"PA-125","PA-125-M2","PA-125-S2","2","2026-09-06T05:02:00Z","POLY-A","DEMO-P1 (가상)","정제수 (가상 기록)","10","990","1","45","300","20","물 → 고분자, 가상 절차","육안 덩어리 미관찰","육안; 위치별 농도 분석 미실시","23","2","25","완료","육안 미관찰","추가 교반 없음","30","DEMO-V01","DEMO 회전식 점도계","DEMO-S1","DEMO-600","400","표시 준수","유효 기록 확인","적합 기록 확인","완료","완료","60","60","50","1214","mPa·s","합성 데이터; 물성 예측 아님; seed=20261002"
"PA-125","PA-125-M3","PA-125-S3","3","2026-09-06T05:03:00Z","POLY-A","DEMO-P1 (가상)","정제수 (가상 기록)","10","990","1","45","300","20","물 → 고분자, 가상 절차","육안 덩어리 미관찰","육안; 위치별 농도 분석 미실시","23","2","25","완료","육안 미관찰","추가 교반 없음","30","DEMO-V01","DEMO 회전식 점도계","DEMO-S1","DEMO-600","400","표시 준수","유효 기록 확인","적합 기록 확인","완료","완료","60","60","55","1248","mPa·s","합성 데이터; 물성 예측 아님; seed=20261002"
"PA-125","PA-125-M4","PA-125-S4","4","2026-09-06T05:04:00Z","POLY-A","DEMO-P1 (가상)","정제수 (가상 기록)","10","990","1","45","300","20","물 → 고분자, 가상 절차","육안 덩어리 미관찰","육안; 위치별 농도 분석 미실시","23","2","25","완료","육안 미관찰","추가 교반 없음","30","DEMO-V01","DEMO 회전식 점도계","DEMO-S1","DEMO-600","400","표시 준수","유효 기록 확인","적합 기록 확인","완료","완료","60","60","53","1217","cP","합성 데이터; 물성 예측 아님; seed=20261002"
"PA-126","PA-126-M1","PA-126-S1","1","2026-09-06T06:01:00Z","POLY-A","DEMO-P1 (가상)","정제수 (가상 기록)","10","990","1","40","300","20","물 → 고분자, 가상 절차","육안 덩어리 미관찰","육안; 위치별 농도 분석 미실시","23","2","28","완료","육안 미관찰","추가 교반 없음","30","DEMO-V01","DEMO 회전식 점도계","DEMO-S1","DEMO-600","400","표시 준수","유효 기록 확인","적합 기록 확인","완료","완료","60","60","65","1220","mPa·s","합성 데이터; 물성 예측 아님; seed=20261002"
"PA-126","PA-126-M2","PA-126-S2","2","2026-09-06T06:02:00Z","POLY-A","DEMO-P1 (가상)","정제수 (가상 기록)","10","990","1","40","300","20","물 → 고분자, 가상 절차","육안 덩어리 미관찰","육안; 위치별 농도 분석 미실시","23","2","25","완료","육안 미관찰","추가 교반 없음","30","DEMO-V01","DEMO 회전식 점도계","DEMO-S1","DEMO-600","400","표시 준수","유효 기록 확인","적합 기록 확인","완료","완료","30","60","49","1234","mPa·s","합성 데이터; 물성 예측 아님; seed=20261002"
"PA-126","PA-126-M3","PA-126-S3","3","2026-09-06T06:03:00Z","POLY-A","DEMO-P1 (가상)","정제수 (가상 기록)","10","990","1","40","300","20","물 → 고분자, 가상 절차","육안 덩어리 미관찰","육안; 위치별 농도 분석 미실시","23","2","25","완료","육안 미관찰","추가 교반 없음","30","DEMO-V01","DEMO 회전식 점도계","DEMO-S2","DEMO-600","400","표시 준수","유효 기록 확인","적합 기록 확인","완료","완료","60","60","49","1259","mPa·s","합성 데이터; 물성 예측 아님; seed=20261002"
"PA-126","PA-126-M4","PA-126-S4","4","2026-09-06T06:04:00Z","POLY-A","DEMO-P1 (가상)","정제수 (가상 기록)","10","990","1","40","300","20","물 → 고분자, 가상 절차","육안 덩어리 미관찰","육안; 위치별 농도 분석 미실시","23","2","25","완료","육안 미관찰","추가 교반 없음","30","DEMO-V01","DEMO 회전식 점도계","DEMO-S1","DEMO-600","400","표시 준수","유효 기록 확인","적합 기록 확인","완료","완료","60","20","59","1258","cP","합성 데이터; 물성 예측 아님; seed=20261002"
"PA-127","PA-127-M1","PA-127-S1","1","2026-09-06T07:01:00Z","POLY-A","DEMO-P1 (가상)","정제수 (가상 기록)","10","990","1","40","300","20","물 → 고분자, 가상 절차","육안 덩어리 미관찰","육안; 위치별 농도 분석 미실시","23","2","","완료","육안 미관찰","추가 교반 없음","30","DEMO-V01","DEMO 회전식 점도계","DEMO-S1","DEMO-600","400","표시 준수","유효 기록 확인","적합 기록 확인","완료","완료","60","60","46","1134","mPa·s","합성 데이터; 물성 예측 아님; seed=20261002"
"PA-127","PA-127-M2","PA-127-S2","2","2026-09-06T07:02:00Z","POLY-A","DEMO-P1 (가상)","정제수 (가상 기록)","10","990","1","40","300","20","물 → 고분자, 가상 절차","육안 덩어리 미관찰","육안; 위치별 농도 분석 미실시","23","2","25","완료","육안 미관찰","추가 교반 없음","30","DEMO-V01","DEMO 회전식 점도계","DEMO-S1","DEMO-600","400","표시 준수","유효 기록 확인","적합 기록 확인","완료","완료","","60","53","1141","mPa·s","합성 데이터; 물성 예측 아님; seed=20261002"
"PA-127","PA-127-M3","PA-127-S3","3","2026-09-06T07:03:00Z","POLY-A","DEMO-P1 (가상)","정제수 (가상 기록)","10","990","1","40","300","20","물 → 고분자, 가상 절차","육안 덩어리 미관찰","육안; 위치별 농도 분석 미실시","23","2","25","완료","육안 미관찰","추가 교반 없음","30","DEMO-V01","DEMO 회전식 점도계","DEMO-S1","DEMO-600","400","표시 준수","유효 기록 확인","적합 기록 확인","완료","완료","60","60","46","","mPa·s","합성 데이터; 물성 예측 아님; seed=20261002"
"PA-127","PA-127-M4","PA-127-S4","4","2026-09-06T07:04:00Z","POLY-A","DEMO-P1 (가상)","정제수 (가상 기록)","10","990","1","40","300","20","물 → 고분자, 가상 절차","육안 덩어리 미관찰","육안; 위치별 농도 분석 미실시","23","2","25","","육안 미관찰","추가 교반 없음","30","DEMO-V01","DEMO 회전식 점도계","DEMO-S1","DEMO-600","400","표시 준수","유효 기록 확인","적합 기록 확인","완료","완료","60","60","59","1151","cP","합성 데이터; 물성 예측 아님; seed=20261002"
"PA-128","PA-128-M1","PA-128-S1","1","2026-09-06T08:01:00Z","POLY-A","DEMO-P1 (가상)","정제수 (가상 기록)","10","990","1","40","300","20","물 → 고분자, 가상 절차","육안 덩어리 미관찰","육안; 위치별 농도 분석 미실시","23","2","25","완료","육안 미관찰","추가 교반 없음","30","DEMO-V01","DEMO 회전식 점도계","DEMO-S1","DEMO-600","400","표시 준수","유효 기록 확인","적합 기록 확인","완료","완료","60","60","50","850","mPa·s","합성 데이터; 물성 예측 아님; seed=20261002"
"PA-128","PA-128-M2","PA-128-S2","2","2026-09-06T08:02:00Z","POLY-A","DEMO-P1 (가상)","정제수 (가상 기록)","10","990","1","40","300","20","물 → 고분자, 가상 절차","육안 덩어리 미관찰","육안; 위치별 농도 분석 미실시","23","2","25","완료","육안 미관찰","추가 교반 없음","30","DEMO-V01","DEMO 회전식 점도계","DEMO-S1","DEMO-600","400","표시 준수","유효 기록 확인","적합 기록 확인","완료","완료","60","60","51","1680","mPa·s","합성 데이터; 물성 예측 아님; seed=20261002"
"PA-128","PA-128-M3","PA-128-S3","3","2026-09-06T08:03:00Z","POLY-A","DEMO-P1 (가상)","정제수 (가상 기록)","10","990","1","40","300","20","물 → 고분자, 가상 절차","육안 덩어리 미관찰","육안; 위치별 농도 분석 미실시","23","2","25","완료","육안 미관찰","추가 교반 없음","30","DEMO-V01","DEMO 회전식 점도계","DEMO-S1","DEMO-600","400","표시 준수","유효 기록 확인","적합 기록 확인","완료","완료","60","60","55","850","mPa·s","합성 데이터; 물성 예측 아님; seed=20261002"
"PA-128","PA-128-M4","PA-128-S4","4","2026-09-06T08:04:00Z","POLY-A","DEMO-P1 (가상)","정제수 (가상 기록)","10","990","1","40","300","20","물 → 고분자, 가상 절차","육안 덩어리 미관찰","육안; 위치별 농도 분석 미실시","23","2","25","완료","육안 미관찰","추가 교반 없음","30","DEMO-V01","DEMO 회전식 점도계","DEMO-S1","DEMO-600","400","표시 준수","유효 기록 확인","적합 기록 확인","완료","완료","60","60","47","1680","cP","합성 데이터; 물성 예측 아님; seed=20261002"
"PA-129","PA-129-M1","PA-129-S1","1","2026-09-06T09:01:00Z","POLY-A","DEMO-P1 (가상)","정제수 (가상 기록)","10","990","1","40","300","20","물 → 고분자, 가상 절차","육안 덩어리 미관찰","육안; 위치별 농도 분석 미실시","23","2","25","완료","관찰됨","추가 교반 없음","30","DEMO-V01","DEMO 회전식 점도계","DEMO-S1","DEMO-600","400","표시 준수","유효 기록 확인","적합 기록 확인","완료","완료","60","60","63","1196","mPa·s","합성 데이터; 물성 예측 아님; seed=20261002"
"PA-129","PA-129-M2","PA-129-S2","2","2026-09-06T09:02:00Z","POLY-A","DEMO-P1 (가상)","정제수 (가상 기록)","10","990","1","40","300","20","물 → 고분자, 가상 절차","육안 덩어리 미관찰","육안; 위치별 농도 분석 미실시","23","2","25","미확인","육안 미관찰","추가 교반 없음","30","DEMO-V01","DEMO 회전식 점도계","DEMO-S1","DEMO-600","400","표시 준수","유효 기록 확인","적합 기록 확인","완료","완료","60","60","52","1174","mPa·s","합성 데이터; 물성 예측 아님; seed=20261002"
"PA-129","PA-129-M3","PA-129-S3","3","2026-09-06T09:03:00Z","POLY-A","DEMO-P1 (가상)","정제수 (가상 기록)","10","990","1","40","300","20","물 → 고분자, 가상 절차","육안 덩어리 미관찰","육안; 위치별 농도 분석 미실시","23","2","25","완료","육안 미관찰","추가 교반 없음","30","DEMO-V01","DEMO 회전식 점도계","DEMO-S1","DEMO-600","400","미준수","유효 기록 확인","적합 기록 확인","완료","완료","60","60","48","1176","mPa·s","합성 데이터; 물성 예측 아님; seed=20261002"
"PA-129","PA-129-M4","PA-129-S4","4","2026-09-06T09:04:00Z","POLY-A","DEMO-P1 (가상)","정제수 (가상 기록)","10","990","1","40","300","20","물 → 고분자, 가상 절차","육안 덩어리 미관찰","육안; 위치별 농도 분석 미실시","23","2","25","완료","육안 미관찰","추가 교반 없음","30","DEMO-V01","DEMO 회전식 점도계","DEMO-S1","DEMO-600","400","표시 준수","유효 기록 확인","적합 기록 확인","완료","완료","60","60","5","1180","cP","합성 데이터; 물성 예측 아님; seed=20261002"
"PA-130","PA-130-M1","PA-130-S1","1","2026-09-06T10:01:00Z","POLY-A","DEMO-P1 (가상)","정제수 (가상 기록)","10","990","1","45","300","20","물 → 고분자, 가상 절차","육안 덩어리 미관찰","육안; 위치별 농도 분석 미실시","23","2","28","완료","육안 미관찰","추가 교반 없음","30","DEMO-V01","DEMO 회전식 점도계","DEMO-S1","DEMO-600","400","표시 준수","유효 기록 확인","적합 기록 확인","완료","완료","60","60","64","1750","mPa·s","합성 데이터; 물성 예측 아님; seed=20261002"
"PA-130","PA-130-M2","PA-130-S2","2","2026-09-06T10:02:00Z","POLY-A","DEMO-P1 (가상)","정제수 (가상 기록)","10","990","1","45","300","20","물 → 고분자, 가상 절차","육안 덩어리 미관찰","육안; 위치별 농도 분석 미실시","23","2","28","완료","육안 미관찰","추가 교반 없음","30","DEMO-V01","DEMO 회전식 점도계","DEMO-S1","DEMO-600","400","표시 준수","유효 기록 확인","적합 기록 확인","완료","완료","60","60","64","1750","mPa·s","합성 데이터; 물성 예측 아님; seed=20261002"
"PA-130","PA-130-M3","PA-130-S3","3","2026-09-06T10:03:00Z","POLY-A","DEMO-P1 (가상)","정제수 (가상 기록)","10","990","1","45","300","20","물 → 고분자, 가상 절차","육안 덩어리 미관찰","육안; 위치별 농도 분석 미실시","23","2","28","완료","육안 미관찰","추가 교반 없음","30","DEMO-V01","DEMO 회전식 점도계","DEMO-S1","DEMO-600","400","표시 준수","유효 기록 확인","적합 기록 확인","완료","완료","60","60","60","1750","mPa·s","합성 데이터; 물성 예측 아님; seed=20261002"
"PA-130","PA-130-M4","PA-130-S4","4","2026-09-06T10:04:00Z","POLY-A","DEMO-P1 (가상)","정제수 (가상 기록)","10","990","1","45","300","20","물 → 고분자, 가상 절차","육안 덩어리 미관찰","육안; 위치별 농도 분석 미실시","23","2","28","완료","육안 미관찰","추가 교반 없음","30","DEMO-V01","DEMO 회전식 점도계","DEMO-S1","DEMO-600","400","표시 준수","유효 기록 확인","적합 기록 확인","완료","완료","60","60","57","1750","cP","합성 데이터; 물성 예측 아님; seed=20261002"
"PA-131","PA-131-M1","PA-131-S1","1","2026-09-06T11:01:00Z","POLY-A","DEMO-P1 (가상)","정제수 (가상 기록)","10","990","1","40","300","20","물 → 고분자, 가상 절차","육안 덩어리 미관찰","육안; 위치별 농도 분석 미실시","23","2","25","완료","육안 미관찰","추가 교반 없음","30","DEMO-V01","DEMO 회전식 점도계","DEMO-S1","DEMO-600","400","표시 준수","유효 기록 확인","적합 기록 확인","완료","완료","60","60","48","1270","mPa·s","합성 데이터; 물성 예측 아님; seed=20261002"
"PA-131","PA-131-M2","PA-131-S2","2","2026-09-06T11:02:00Z","POLY-A","DEMO-P1 (가상)","정제수 (가상 기록)","10","990","1","40","300","20","물 → 고분자, 가상 절차","육안 덩어리 미관찰","육안; 위치별 농도 분석 미실시","23","2","25","완료","육안 미관찰","추가 교반 없음","30","DEMO-V01","DEMO 회전식 점도계","DEMO-S1","DEMO-600","400","표시 준수","유효 기록 확인","적합 기록 확인","완료","완료","60","60","48","1271","mPa·s","합성 데이터; 물성 예측 아님; seed=20261002"
"PA-131","PA-131-M3","PA-131-S3","3","2026-09-06T11:03:00Z","POLY-A","DEMO-P1 (가상)","정제수 (가상 기록)","10","990","1","40","300","20","물 → 고분자, 가상 절차","육안 덩어리 미관찰","육안; 위치별 농도 분석 미실시","23","2","25","완료","육안 미관찰","추가 교반 없음","30","DEMO-V01","DEMO 회전식 점도계","DEMO-S1","DEMO-600","400","표시 준수","유효 기록 확인","적합 기록 확인","완료","완료","60","60","59","1249","mPa·s","합성 데이터; 물성 예측 아님; seed=20261002"
"PA-131","PA-131-M4","PA-131-S4","4","2026-09-06T11:04:00Z","POLY-A","DEMO-P1 (가상)","정제수 (가상 기록)","10","990","1","40","300","20","물 → 고분자, 가상 절차","육안 덩어리 미관찰","육안; 위치별 농도 분석 미실시","23","2","25","완료","육안 미관찰","추가 교반 없음","30","DEMO-V01","DEMO 회전식 점도계","DEMO-S1","DEMO-600","400","표시 준수","유효 기록 확인","적합 기록 확인","완료","완료","60","60","59","1264","cP","합성 데이터; 물성 예측 아님; seed=20261002"
"PA-132","PA-132-M1","PA-132-S1","1","2026-09-06T12:01:00Z","POLY-A","DEMO-P1 (가상)","정제수 (가상 기록)","10","990","1","40","300","20","물 → 고분자, 가상 절차","육안 덩어리 미관찰","육안; 위치별 농도 분석 미실시","23","2","25","완료","육안 미관찰","추가 교반 없음","30","DEMO-V01","DEMO 회전식 점도계","DEMO-S1","DEMO-600","400","표시 준수","유효 기록 확인","적합 기록 확인","완료","완료","60","60","56","1213","mPa·s","합성 데이터; 물성 예측 아님; seed=20261002"
"PA-132","PA-132-M2","PA-132-S2","2","2026-09-06T12:02:00Z","POLY-A","DEMO-P1 (가상)","정제수 (가상 기록)","10","990","1","40","300","20","물 → 고분자, 가상 절차","육안 덩어리 미관찰","육안; 위치별 농도 분석 미실시","23","2","25","완료","육안 미관찰","추가 교반 없음","30","DEMO-V01","DEMO 회전식 점도계","DEMO-S1","DEMO-600","400","표시 준수","유효 기록 확인","적합 기록 확인","완료","완료","60","60","58","1215","mPa·s","합성 데이터; 물성 예측 아님; seed=20261002"
"PA-132","PA-132-M3","PA-132-S3","3","2026-09-06T12:03:00Z","POLY-A","DEMO-P1 (가상)","정제수 (가상 기록)","10","990","1","40","300","20","물 → 고분자, 가상 절차","육안 덩어리 미관찰","육안; 위치별 농도 분석 미실시","23","2","25","완료","육안 미관찰","추가 교반 없음","30","DEMO-V01","DEMO 회전식 점도계","DEMO-S1","DEMO-600","400","표시 준수","유효 기록 확인","적합 기록 확인","완료","완료","60","60","52","1208","mPa·s","합성 데이터; 물성 예측 아님; seed=20261002"
"PA-132","PA-132-M4","PA-132-S4","4","2026-09-06T12:04:00Z","POLY-A","DEMO-P1 (가상)","정제수 (가상 기록)","10","990","1","40","300","20","물 → 고분자, 가상 절차","육안 덩어리 미관찰","육안; 위치별 농도 분석 미실시","23","2","25","완료","육안 미관찰","추가 교반 없음","30","DEMO-V01","DEMO 회전식 점도계","DEMO-S1","DEMO-600","400","표시 준수","유효 기록 확인","적합 기록 확인","완료","완료","60","60","54","1244","cP","합성 데이터; 물성 예측 아님; seed=20261002"
"PA-133","PA-133-M1","PA-133-S1","1","2026-09-06T13:01:00Z","POLY-A","DEMO-P1 (가상)","정제수 (가상 기록)","10","990","1","40","300","20","물 → 고분자, 가상 절차","육안 덩어리 미관찰","육안; 위치별 농도 분석 미실시","23","2","25","완료","육안 미관찰","추가 교반 없음","30","DEMO-V01","DEMO 회전식 점도계","DEMO-S1","DEMO-600","400","표시 준수","유효 기록 확인","적합 기록 확인","완료","완료","60","60","63","1231","mPa·s","합성 데이터; 물성 예측 아님; seed=20261002"
"PA-133","PA-133-M2","PA-133-S2","2","2026-09-06T13:02:00Z","POLY-A","DEMO-P1 (가상)","정제수 (가상 기록)","10","990","1","40","300","20","물 → 고분자, 가상 절차","육안 덩어리 미관찰","육안; 위치별 농도 분석 미실시","23","2","25","완료","육안 미관찰","추가 교반 없음","30","DEMO-V01","DEMO 회전식 점도계","DEMO-S1","DEMO-600","400","표시 준수","유효 기록 확인","적합 기록 확인","완료","완료","60","60","64","1232","mPa·s","합성 데이터; 물성 예측 아님; seed=20261002"
"PA-133","PA-133-M3","PA-133-S3","3","2026-09-06T13:03:00Z","POLY-A","DEMO-P1 (가상)","정제수 (가상 기록)","10","990","1","40","300","20","물 → 고분자, 가상 절차","육안 덩어리 미관찰","육안; 위치별 농도 분석 미실시","23","2","25","완료","육안 미관찰","추가 교반 없음","30","DEMO-V01","DEMO 회전식 점도계","DEMO-S1","DEMO-600","400","표시 준수","유효 기록 확인","적합 기록 확인","완료","완료","60","60","64","1236","mPa·s","합성 데이터; 물성 예측 아님; seed=20261002"
"PA-133","PA-133-M4","PA-133-S4","4","2026-09-06T13:04:00Z","POLY-A","DEMO-P1 (가상)","정제수 (가상 기록)","10","990","1","40","300","20","물 → 고분자, 가상 절차","육안 덩어리 미관찰","육안; 위치별 농도 분석 미실시","23","2","25","완료","육안 미관찰","추가 교반 없음","30","DEMO-V01","DEMO 회전식 점도계","DEMO-S1","DEMO-600","400","표시 준수","유효 기록 확인","적합 기록 확인","완료","완료","60","60","61","1229","cP","합성 데이터; 물성 예측 아님; seed=20261002"
"PA-134","PA-134-M1","PA-134-S1","1","2026-09-06T14:01:00Z","POLY-A","DEMO-P1 (가상)","정제수 (가상 기록)","10","990","1","40","300","20","물 → 고분자, 가상 절차","육안 덩어리 미관찰","육안; 위치별 농도 분석 미실시","23","2","25","완료","육안 미관찰","추가 교반 없음","30","DEMO-V01","DEMO 회전식 점도계","DEMO-S1","DEMO-600","400","표시 준수","유효 기록 확인","적합 기록 확인","완료","완료","60","60","54","1316","mPa·s","합성 데이터; 물성 예측 아님; seed=20261002"
"PA-134","PA-134-M2","PA-134-S2","2","2026-09-06T14:02:00Z","POLY-A","DEMO-P1 (가상)","정제수 (가상 기록)","10","990","1","40","300","20","물 → 고분자, 가상 절차","육안 덩어리 미관찰","육안; 위치별 농도 분석 미실시","23","2","25","완료","육안 미관찰","추가 교반 없음","30","DEMO-V01","DEMO 회전식 점도계","DEMO-S1","DEMO-600","400","표시 준수","유효 기록 확인","적합 기록 확인","완료","완료","60","60","47","1326","mPa·s","합성 데이터; 물성 예측 아님; seed=20261002"
"PA-134","PA-134-M3","PA-134-S3","3","2026-09-06T14:03:00Z","POLY-A","DEMO-P1 (가상)","정제수 (가상 기록)","10","990","1","40","300","20","물 → 고분자, 가상 절차","육안 덩어리 미관찰","육안; 위치별 농도 분석 미실시","23","2","25","완료","육안 미관찰","추가 교반 없음","30","DEMO-V01","DEMO 회전식 점도계","DEMO-S1","DEMO-600","400","표시 준수","유효 기록 확인","적합 기록 확인","완료","완료","60","60","57","1315","mPa·s","합성 데이터; 물성 예측 아님; seed=20261002"
"PA-134","PA-134-M4","PA-134-S4","4","2026-09-06T14:04:00Z","POLY-A","DEMO-P1 (가상)","정제수 (가상 기록)","10","990","1","40","300","20","물 → 고분자, 가상 절차","육안 덩어리 미관찰","육안; 위치별 농도 분석 미실시","23","2","25","완료","육안 미관찰","추가 교반 없음","30","DEMO-V01","DEMO 회전식 점도계","DEMO-S1","DEMO-600","400","표시 준수","유효 기록 확인","적합 기록 확인","완료","완료","60","60","56","1331","cP","합성 데이터; 물성 예측 아님; seed=20261002"
"PA-135","PA-135-M1","PA-135-S1","1","2026-09-06T15:01:00Z","POLY-A","DEMO-P1 (가상)","정제수 (가상 기록)","10","990","1","45","300","20","물 → 고분자, 가상 절차","육안 덩어리 미관찰","육안; 위치별 농도 분석 미실시","23","2","25","완료","육안 미관찰","추가 교반 없음","30","DEMO-V01","DEMO 회전식 점도계","DEMO-S1","DEMO-600","400","표시 준수","유효 기록 확인","적합 기록 확인","완료","완료","60","60","58","1178","mPa·s","합성 데이터; 물성 예측 아님; seed=20261002"
"PA-135","PA-135-M2","PA-135-S2","2","2026-09-06T15:02:00Z","POLY-A","DEMO-P1 (가상)","정제수 (가상 기록)","10","990","1","45","300","20","물 → 고분자, 가상 절차","육안 덩어리 미관찰","육안; 위치별 농도 분석 미실시","23","2","25","완료","육안 미관찰","추가 교반 없음","30","DEMO-V01","DEMO 회전식 점도계","DEMO-S1","DEMO-600","400","표시 준수","유효 기록 확인","적합 기록 확인","완료","완료","60","60","64","1173","mPa·s","합성 데이터; 물성 예측 아님; seed=20261002"
"PA-135","PA-135-M3","PA-135-S3","3","2026-09-06T15:03:00Z","POLY-A","DEMO-P1 (가상)","정제수 (가상 기록)","10","990","1","45","300","20","물 → 고분자, 가상 절차","육안 덩어리 미관찰","육안; 위치별 농도 분석 미실시","23","2","25","완료","육안 미관찰","추가 교반 없음","30","DEMO-V01","DEMO 회전식 점도계","DEMO-S1","DEMO-600","400","표시 준수","유효 기록 확인","적합 기록 확인","완료","완료","60","60","51","1182","mPa·s","합성 데이터; 물성 예측 아님; seed=20261002"
"PA-135","PA-135-M4","PA-135-S4","4","2026-09-06T15:04:00Z","POLY-A","DEMO-P1 (가상)","정제수 (가상 기록)","10","990","1","45","300","20","물 → 고분자, 가상 절차","육안 덩어리 미관찰","육안; 위치별 농도 분석 미실시","23","2","25","완료","육안 미관찰","추가 교반 없음","30","DEMO-V01","DEMO 회전식 점도계","DEMO-S1","DEMO-600","400","표시 준수","유효 기록 확인","적합 기록 확인","완료","완료","60","60","52","1208","cP","합성 데이터; 물성 예측 아님; seed=20261002"
"PA-136","PA-136-M1","PA-136-S1","1","2026-09-06T16:01:00Z","POLY-A","DEMO-P1 (가상)","정제수 (가상 기록)","10","990","1","40","300","20","물 → 고분자, 가상 절차","육안 덩어리 미관찰","육안; 위치별 농도 분석 미실시","23","2","28","완료","육안 미관찰","추가 교반 없음","30","DEMO-V01","DEMO 회전식 점도계","DEMO-S1","DEMO-600","400","표시 준수","유효 기록 확인","적합 기록 확인","완료","완료","60","60","54","1190","mPa·s","합성 데이터; 물성 예측 아님; seed=20261002"
"PA-136","PA-136-M2","PA-136-S2","2","2026-09-06T16:02:00Z","POLY-A","DEMO-P1 (가상)","정제수 (가상 기록)","10","990","1","40","300","20","물 → 고분자, 가상 절차","육안 덩어리 미관찰","육안; 위치별 농도 분석 미실시","23","2","25","완료","육안 미관찰","추가 교반 없음","30","DEMO-V01","DEMO 회전식 점도계","DEMO-S1","DEMO-600","400","표시 준수","유효 기록 확인","적합 기록 확인","완료","완료","30","60","53","1192","mPa·s","합성 데이터; 물성 예측 아님; seed=20261002"
"PA-136","PA-136-M3","PA-136-S3","3","2026-09-06T16:03:00Z","POLY-A","DEMO-P1 (가상)","정제수 (가상 기록)","10","990","1","40","300","20","물 → 고분자, 가상 절차","육안 덩어리 미관찰","육안; 위치별 농도 분석 미실시","23","2","25","완료","육안 미관찰","추가 교반 없음","30","DEMO-V01","DEMO 회전식 점도계","DEMO-S2","DEMO-600","400","표시 준수","유효 기록 확인","적합 기록 확인","완료","완료","60","60","47","1208","mPa·s","합성 데이터; 물성 예측 아님; seed=20261002"
"PA-136","PA-136-M4","PA-136-S4","4","2026-09-06T16:04:00Z","POLY-A","DEMO-P1 (가상)","정제수 (가상 기록)","10","990","1","40","300","20","물 → 고분자, 가상 절차","육안 덩어리 미관찰","육안; 위치별 농도 분석 미실시","23","2","25","완료","육안 미관찰","추가 교반 없음","30","DEMO-V01","DEMO 회전식 점도계","DEMO-S1","DEMO-600","400","표시 준수","유효 기록 확인","적합 기록 확인","완료","완료","60","20","57","1197","cP","합성 데이터; 물성 예측 아님; seed=20261002"
"PA-137","PA-137-M1","PA-137-S1","1","2026-09-06T17:01:00Z","POLY-A","DEMO-P1 (가상)","정제수 (가상 기록)","10","990","1","40","300","20","물 → 고분자, 가상 절차","육안 덩어리 미관찰","육안; 위치별 농도 분석 미실시","23","2","","완료","육안 미관찰","추가 교반 없음","30","DEMO-V01","DEMO 회전식 점도계","DEMO-S1","DEMO-600","400","표시 준수","유효 기록 확인","적합 기록 확인","완료","완료","60","60","51","1228","mPa·s","합성 데이터; 물성 예측 아님; seed=20261002"
"PA-137","PA-137-M2","PA-137-S2","2","2026-09-06T17:02:00Z","POLY-A","DEMO-P1 (가상)","정제수 (가상 기록)","10","990","1","40","300","20","물 → 고분자, 가상 절차","육안 덩어리 미관찰","육안; 위치별 농도 분석 미실시","23","2","25","완료","육안 미관찰","추가 교반 없음","30","DEMO-V01","DEMO 회전식 점도계","DEMO-S1","DEMO-600","400","표시 준수","유효 기록 확인","적합 기록 확인","완료","완료","","60","49","1253","mPa·s","합성 데이터; 물성 예측 아님; seed=20261002"
"PA-137","PA-137-M3","PA-137-S3","3","2026-09-06T17:03:00Z","POLY-A","DEMO-P1 (가상)","정제수 (가상 기록)","10","990","1","40","300","20","물 → 고분자, 가상 절차","육안 덩어리 미관찰","육안; 위치별 농도 분석 미실시","23","2","25","완료","육안 미관찰","추가 교반 없음","30","DEMO-V01","DEMO 회전식 점도계","DEMO-S1","DEMO-600","400","표시 준수","유효 기록 확인","적합 기록 확인","완료","완료","60","60","52","","mPa·s","합성 데이터; 물성 예측 아님; seed=20261002"
"PA-137","PA-137-M4","PA-137-S4","4","2026-09-06T17:04:00Z","POLY-A","DEMO-P1 (가상)","정제수 (가상 기록)","10","990","1","40","300","20","물 → 고분자, 가상 절차","육안 덩어리 미관찰","육안; 위치별 농도 분석 미실시","23","2","25","","육안 미관찰","추가 교반 없음","30","DEMO-V01","DEMO 회전식 점도계","DEMO-S1","DEMO-600","400","표시 준수","유효 기록 확인","적합 기록 확인","완료","완료","60","60","55","1237","cP","합성 데이터; 물성 예측 아님; seed=20261002"
"PA-138","PA-138-M1","PA-138-S1","1","2026-09-06T18:01:00Z","POLY-A","DEMO-P1 (가상)","정제수 (가상 기록)","10","990","1","40","300","20","물 → 고분자, 가상 절차","육안 덩어리 미관찰","육안; 위치별 농도 분석 미실시","23","2","25","완료","육안 미관찰","추가 교반 없음","30","DEMO-V01","DEMO 회전식 점도계","DEMO-S1","DEMO-600","400","표시 준수","유효 기록 확인","적합 기록 확인","완료","완료","60","60","50","850","mPa·s","합성 데이터; 물성 예측 아님; seed=20261002"
"PA-138","PA-138-M2","PA-138-S2","2","2026-09-06T18:02:00Z","POLY-A","DEMO-P1 (가상)","정제수 (가상 기록)","10","990","1","40","300","20","물 → 고분자, 가상 절차","육안 덩어리 미관찰","육안; 위치별 농도 분석 미실시","23","2","25","완료","육안 미관찰","추가 교반 없음","30","DEMO-V01","DEMO 회전식 점도계","DEMO-S1","DEMO-600","400","표시 준수","유효 기록 확인","적합 기록 확인","완료","완료","60","60","63","1680","mPa·s","합성 데이터; 물성 예측 아님; seed=20261002"
"PA-138","PA-138-M3","PA-138-S3","3","2026-09-06T18:03:00Z","POLY-A","DEMO-P1 (가상)","정제수 (가상 기록)","10","990","1","40","300","20","물 → 고분자, 가상 절차","육안 덩어리 미관찰","육안; 위치별 농도 분석 미실시","23","2","25","완료","육안 미관찰","추가 교반 없음","30","DEMO-V01","DEMO 회전식 점도계","DEMO-S1","DEMO-600","400","표시 준수","유효 기록 확인","적합 기록 확인","완료","완료","60","60","52","850","mPa·s","합성 데이터; 물성 예측 아님; seed=20261002"
"PA-138","PA-138-M4","PA-138-S4","4","2026-09-06T18:04:00Z","POLY-A","DEMO-P1 (가상)","정제수 (가상 기록)","10","990","1","40","300","20","물 → 고분자, 가상 절차","육안 덩어리 미관찰","육안; 위치별 농도 분석 미실시","23","2","25","완료","육안 미관찰","추가 교반 없음","30","DEMO-V01","DEMO 회전식 점도계","DEMO-S1","DEMO-600","400","표시 준수","유효 기록 확인","적합 기록 확인","완료","완료","60","60","54","1680","cP","합성 데이터; 물성 예측 아님; seed=20261002"
"PA-139","PA-139-M1","PA-139-S1","1","2026-09-06T19:01:00Z","POLY-A","DEMO-P1 (가상)","정제수 (가상 기록)","10","990","1","40","300","20","물 → 고분자, 가상 절차","육안 덩어리 미관찰","육안; 위치별 농도 분석 미실시","23","2","25","완료","관찰됨","추가 교반 없음","30","DEMO-V01","DEMO 회전식 점도계","DEMO-S1","DEMO-600","400","표시 준수","유효 기록 확인","적합 기록 확인","완료","완료","60","60","46","1167","mPa·s","합성 데이터; 물성 예측 아님; seed=20261002"
"PA-139","PA-139-M2","PA-139-S2","2","2026-09-06T19:02:00Z","POLY-A","DEMO-P1 (가상)","정제수 (가상 기록)","10","990","1","40","300","20","물 → 고분자, 가상 절차","육안 덩어리 미관찰","육안; 위치별 농도 분석 미실시","23","2","25","미확인","육안 미관찰","추가 교반 없음","30","DEMO-V01","DEMO 회전식 점도계","DEMO-S1","DEMO-600","400","표시 준수","유효 기록 확인","적합 기록 확인","완료","완료","60","60","59","1183","mPa·s","합성 데이터; 물성 예측 아님; seed=20261002"
"PA-139","PA-139-M3","PA-139-S3","3","2026-09-06T19:03:00Z","POLY-A","DEMO-P1 (가상)","정제수 (가상 기록)","10","990","1","40","300","20","물 → 고분자, 가상 절차","육안 덩어리 미관찰","육안; 위치별 농도 분석 미실시","23","2","25","완료","육안 미관찰","추가 교반 없음","30","DEMO-V01","DEMO 회전식 점도계","DEMO-S1","DEMO-600","400","미준수","유효 기록 확인","적합 기록 확인","완료","완료","60","60","50","1165","mPa·s","합성 데이터; 물성 예측 아님; seed=20261002"
"PA-139","PA-139-M4","PA-139-S4","4","2026-09-06T19:04:00Z","POLY-A","DEMO-P1 (가상)","정제수 (가상 기록)","10","990","1","40","300","20","물 → 고분자, 가상 절차","육안 덩어리 미관찰","육안; 위치별 농도 분석 미실시","23","2","25","완료","육안 미관찰","추가 교반 없음","30","DEMO-V01","DEMO 회전식 점도계","DEMO-S1","DEMO-600","400","표시 준수","유효 기록 확인","적합 기록 확인","완료","완료","60","60","5","1204","cP","합성 데이터; 물성 예측 아님; seed=20261002"
"PA-140","PA-140-M1","PA-140-S1","1","2026-09-06T20:01:00Z","POLY-A","DEMO-P1 (가상)","정제수 (가상 기록)","10","990","1","45","300","20","물 → 고분자, 가상 절차","육안 덩어리 미관찰","육안; 위치별 농도 분석 미실시","23","2","28","완료","육안 미관찰","추가 교반 없음","30","DEMO-V01","DEMO 회전식 점도계","DEMO-S1","DEMO-600","400","표시 준수","유효 기록 확인","적합 기록 확인","완료","완료","60","60","54","1750","mPa·s","합성 데이터; 물성 예측 아님; seed=20261002"
"PA-140","PA-140-M2","PA-140-S2","2","2026-09-06T20:02:00Z","POLY-A","DEMO-P1 (가상)","정제수 (가상 기록)","10","990","1","45","300","20","물 → 고분자, 가상 절차","육안 덩어리 미관찰","육안; 위치별 농도 분석 미실시","23","2","28","완료","육안 미관찰","추가 교반 없음","30","DEMO-V01","DEMO 회전식 점도계","DEMO-S1","DEMO-600","400","표시 준수","유효 기록 확인","적합 기록 확인","완료","완료","60","60","57","1750","mPa·s","합성 데이터; 물성 예측 아님; seed=20261002"
"PA-140","PA-140-M3","PA-140-S3","3","2026-09-06T20:03:00Z","POLY-A","DEMO-P1 (가상)","정제수 (가상 기록)","10","990","1","45","300","20","물 → 고분자, 가상 절차","육안 덩어리 미관찰","육안; 위치별 농도 분석 미실시","23","2","28","완료","육안 미관찰","추가 교반 없음","30","DEMO-V01","DEMO 회전식 점도계","DEMO-S1","DEMO-600","400","표시 준수","유효 기록 확인","적합 기록 확인","완료","완료","60","60","51","1750","mPa·s","합성 데이터; 물성 예측 아님; seed=20261002"
"PA-140","PA-140-M4","PA-140-S4","4","2026-09-06T20:04:00Z","POLY-A","DEMO-P1 (가상)","정제수 (가상 기록)","10","990","1","45","300","20","물 → 고분자, 가상 절차","육안 덩어리 미관찰","육안; 위치별 농도 분석 미실시","23","2","28","완료","육안 미관찰","추가 교반 없음","30","DEMO-V01","DEMO 회전식 점도계","DEMO-S1","DEMO-600","400","표시 준수","유효 기록 확인","적합 기록 확인","완료","완료","60","60","56","1750","cP","합성 데이터; 물성 예측 아님; seed=20261002"
"PA-141","PA-141-M1","PA-141-S1","1","2026-09-06T21:01:00Z","POLY-A","DEMO-P1 (가상)","정제수 (가상 기록)","10","990","1","40","300","20","물 → 고분자, 가상 절차","육안 덩어리 미관찰","육안; 위치별 농도 분석 미실시","23","2","25","완료","육안 미관찰","추가 교반 없음","30","DEMO-V01","DEMO 회전식 점도계","DEMO-S1","DEMO-600","400","표시 준수","유효 기록 확인","적합 기록 확인","완료","완료","60","60","60","1186","mPa·s","합성 데이터; 물성 예측 아님; seed=20261002"
"PA-141","PA-141-M2","PA-141-S2","2","2026-09-06T21:02:00Z","POLY-A","DEMO-P1 (가상)","정제수 (가상 기록)","10","990","1","40","300","20","물 → 고분자, 가상 절차","육안 덩어리 미관찰","육안; 위치별 농도 분석 미실시","23","2","25","완료","육안 미관찰","추가 교반 없음","30","DEMO-V01","DEMO 회전식 점도계","DEMO-S1","DEMO-600","400","표시 준수","유효 기록 확인","적합 기록 확인","완료","완료","60","60","61","1175","mPa·s","합성 데이터; 물성 예측 아님; seed=20261002"
"PA-141","PA-141-M3","PA-141-S3","3","2026-09-06T21:03:00Z","POLY-A","DEMO-P1 (가상)","정제수 (가상 기록)","10","990","1","40","300","20","물 → 고분자, 가상 절차","육안 덩어리 미관찰","육안; 위치별 농도 분석 미실시","23","2","25","완료","육안 미관찰","추가 교반 없음","30","DEMO-V01","DEMO 회전식 점도계","DEMO-S1","DEMO-600","400","표시 준수","유효 기록 확인","적합 기록 확인","완료","완료","60","60","63","1176","mPa·s","합성 데이터; 물성 예측 아님; seed=20261002"
"PA-141","PA-141-M4","PA-141-S4","4","2026-09-06T21:04:00Z","POLY-A","DEMO-P1 (가상)","정제수 (가상 기록)","10","990","1","40","300","20","물 → 고분자, 가상 절차","육안 덩어리 미관찰","육안; 위치별 농도 분석 미실시","23","2","25","완료","육안 미관찰","추가 교반 없음","30","DEMO-V01","DEMO 회전식 점도계","DEMO-S1","DEMO-600","400","표시 준수","유효 기록 확인","적합 기록 확인","완료","완료","60","60","63","1201","cP","합성 데이터; 물성 예측 아님; seed=20261002"
"PA-142","PA-142-M1","PA-142-S1","1","2026-09-06T22:01:00Z","POLY-A","DEMO-P1 (가상)","정제수 (가상 기록)","10","990","1","40","300","20","물 → 고분자, 가상 절차","육안 덩어리 미관찰","육안; 위치별 농도 분석 미실시","23","2","25","완료","육안 미관찰","추가 교반 없음","30","DEMO-V01","DEMO 회전식 점도계","DEMO-S1","DEMO-600","400","표시 준수","유효 기록 확인","적합 기록 확인","완료","완료","60","60","47","1205","mPa·s","합성 데이터; 물성 예측 아님; seed=20261002"
"PA-142","PA-142-M2","PA-142-S2","2","2026-09-06T22:02:00Z","POLY-A","DEMO-P1 (가상)","정제수 (가상 기록)","10","990","1","40","300","20","물 → 고분자, 가상 절차","육안 덩어리 미관찰","육안; 위치별 농도 분석 미실시","23","2","25","완료","육안 미관찰","추가 교반 없음","30","DEMO-V01","DEMO 회전식 점도계","DEMO-S1","DEMO-600","400","표시 준수","유효 기록 확인","적합 기록 확인","완료","완료","60","60","47","1198","mPa·s","합성 데이터; 물성 예측 아님; seed=20261002"
"PA-142","PA-142-M3","PA-142-S3","3","2026-09-06T22:03:00Z","POLY-A","DEMO-P1 (가상)","정제수 (가상 기록)","10","990","1","40","300","20","물 → 고분자, 가상 절차","육안 덩어리 미관찰","육안; 위치별 농도 분석 미실시","23","2","25","완료","육안 미관찰","추가 교반 없음","30","DEMO-V01","DEMO 회전식 점도계","DEMO-S1","DEMO-600","400","표시 준수","유효 기록 확인","적합 기록 확인","완료","완료","60","60","52","1220","mPa·s","합성 데이터; 물성 예측 아님; seed=20261002"
"PA-142","PA-142-M4","PA-142-S4","4","2026-09-06T22:04:00Z","POLY-A","DEMO-P1 (가상)","정제수 (가상 기록)","10","990","1","40","300","20","물 → 고분자, 가상 절차","육안 덩어리 미관찰","육안; 위치별 농도 분석 미실시","23","2","25","완료","육안 미관찰","추가 교반 없음","30","DEMO-V01","DEMO 회전식 점도계","DEMO-S1","DEMO-600","400","표시 준수","유효 기록 확인","적합 기록 확인","완료","완료","60","60","58","1197","cP","합성 데이터; 물성 예측 아님; seed=20261002"
"PA-143","PA-143-M1","PA-143-S1","1","2026-09-06T23:01:00Z","POLY-A","DEMO-P1 (가상)","정제수 (가상 기록)","10","990","1","40","300","20","물 → 고분자, 가상 절차","육안 덩어리 미관찰","육안; 위치별 농도 분석 미실시","23","2","25","완료","육안 미관찰","추가 교반 없음","30","DEMO-V01","DEMO 회전식 점도계","DEMO-S1","DEMO-600","400","표시 준수","유효 기록 확인","적합 기록 확인","완료","완료","60","60","64","1249","mPa·s","합성 데이터; 물성 예측 아님; seed=20261002"
"PA-143","PA-143-M2","PA-143-S2","2","2026-09-06T23:02:00Z","POLY-A","DEMO-P1 (가상)","정제수 (가상 기록)","10","990","1","40","300","20","물 → 고분자, 가상 절차","육안 덩어리 미관찰","육안; 위치별 농도 분석 미실시","23","2","25","완료","육안 미관찰","추가 교반 없음","30","DEMO-V01","DEMO 회전식 점도계","DEMO-S1","DEMO-600","400","표시 준수","유효 기록 확인","적합 기록 확인","완료","완료","60","60","47","1248","mPa·s","합성 데이터; 물성 예측 아님; seed=20261002"
"PA-143","PA-143-M3","PA-143-S3","3","2026-09-06T23:03:00Z","POLY-A","DEMO-P1 (가상)","정제수 (가상 기록)","10","990","1","40","300","20","물 → 고분자, 가상 절차","육안 덩어리 미관찰","육안; 위치별 농도 분석 미실시","23","2","25","완료","육안 미관찰","추가 교반 없음","30","DEMO-V01","DEMO 회전식 점도계","DEMO-S1","DEMO-600","400","표시 준수","유효 기록 확인","적합 기록 확인","완료","완료","60","60","51","1254","mPa·s","합성 데이터; 물성 예측 아님; seed=20261002"
"PA-143","PA-143-M4","PA-143-S4","4","2026-09-06T23:04:00Z","POLY-A","DEMO-P1 (가상)","정제수 (가상 기록)","10","990","1","40","300","20","물 → 고분자, 가상 절차","육안 덩어리 미관찰","육안; 위치별 농도 분석 미실시","23","2","25","완료","육안 미관찰","추가 교반 없음","30","DEMO-V01","DEMO 회전식 점도계","DEMO-S1","DEMO-600","400","표시 준수","유효 기록 확인","적합 기록 확인","완료","완료","60","60","61","1259","cP","합성 데이터; 물성 예측 아님; seed=20261002"
"PA-144","PA-144-M1","PA-144-S1","1","2026-09-07T00:01:00Z","POLY-A","DEMO-P1 (가상)","정제수 (가상 기록)","10","990","1","40","300","20","물 → 고분자, 가상 절차","육안 덩어리 미관찰","육안; 위치별 농도 분석 미실시","23","2","25","완료","육안 미관찰","추가 교반 없음","30","DEMO-V01","DEMO 회전식 점도계","DEMO-S1","DEMO-600","400","표시 준수","유효 기록 확인","적합 기록 확인","완료","완료","60","60","62","1213","mPa·s","합성 데이터; 물성 예측 아님; seed=20261002"
"PA-144","PA-144-M2","PA-144-S2","2","2026-09-07T00:02:00Z","POLY-A","DEMO-P1 (가상)","정제수 (가상 기록)","10","990","1","40","300","20","물 → 고분자, 가상 절차","육안 덩어리 미관찰","육안; 위치별 농도 분석 미실시","23","2","25","완료","육안 미관찰","추가 교반 없음","30","DEMO-V01","DEMO 회전식 점도계","DEMO-S1","DEMO-600","400","표시 준수","유효 기록 확인","적합 기록 확인","완료","완료","60","60","60","1215","mPa·s","합성 데이터; 물성 예측 아님; seed=20261002"
"PA-144","PA-144-M3","PA-144-S3","3","2026-09-07T00:03:00Z","POLY-A","DEMO-P1 (가상)","정제수 (가상 기록)","10","990","1","40","300","20","물 → 고분자, 가상 절차","육안 덩어리 미관찰","육안; 위치별 농도 분석 미실시","23","2","25","완료","육안 미관찰","추가 교반 없음","30","DEMO-V01","DEMO 회전식 점도계","DEMO-S1","DEMO-600","400","표시 준수","유효 기록 확인","적합 기록 확인","완료","완료","60","60","46","1180","mPa·s","합성 데이터; 물성 예측 아님; seed=20261002"
"PA-144","PA-144-M4","PA-144-S4","4","2026-09-07T00:04:00Z","POLY-A","DEMO-P1 (가상)","정제수 (가상 기록)","10","990","1","40","300","20","물 → 고분자, 가상 절차","육안 덩어리 미관찰","육안; 위치별 농도 분석 미실시","23","2","25","완료","육안 미관찰","추가 교반 없음","30","DEMO-V01","DEMO 회전식 점도계","DEMO-S1","DEMO-600","400","표시 준수","유효 기록 확인","적합 기록 확인","완료","완료","60","60","47","1213","cP","합성 데이터; 물성 예측 아님; seed=20261002"
"PA-145","PA-145-M1","PA-145-S1","1","2026-09-07T01:01:00Z","POLY-A","DEMO-P1 (가상)","정제수 (가상 기록)","10","990","1","45","300","20","물 → 고분자, 가상 절차","육안 덩어리 미관찰","육안; 위치별 농도 분석 미실시","23","2","25","완료","육안 미관찰","추가 교반 없음","30","DEMO-V01","DEMO 회전식 점도계","DEMO-S1","DEMO-600","400","표시 준수","유효 기록 확인","적합 기록 확인","완료","완료","60","60","63","1193","mPa·s","합성 데이터; 물성 예측 아님; seed=20261002"
"PA-145","PA-145-M2","PA-145-S2","2","2026-09-07T01:02:00Z","POLY-A","DEMO-P1 (가상)","정제수 (가상 기록)","10","990","1","45","300","20","물 → 고분자, 가상 절차","육안 덩어리 미관찰","육안; 위치별 농도 분석 미실시","23","2","25","완료","육안 미관찰","추가 교반 없음","30","DEMO-V01","DEMO 회전식 점도계","DEMO-S1","DEMO-600","400","표시 준수","유효 기록 확인","적합 기록 확인","완료","완료","60","60","61","1191","mPa·s","합성 데이터; 물성 예측 아님; seed=20261002"
"PA-145","PA-145-M3","PA-145-S3","3","2026-09-07T01:03:00Z","POLY-A","DEMO-P1 (가상)","정제수 (가상 기록)","10","990","1","45","300","20","물 → 고분자, 가상 절차","육안 덩어리 미관찰","육안; 위치별 농도 분석 미실시","23","2","25","완료","육안 미관찰","추가 교반 없음","30","DEMO-V01","DEMO 회전식 점도계","DEMO-S1","DEMO-600","400","표시 준수","유효 기록 확인","적합 기록 확인","완료","완료","60","60","52","1214","mPa·s","합성 데이터; 물성 예측 아님; seed=20261002"
"PA-145","PA-145-M4","PA-145-S4","4","2026-09-07T01:04:00Z","POLY-A","DEMO-P1 (가상)","정제수 (가상 기록)","10","990","1","45","300","20","물 → 고분자, 가상 절차","육안 덩어리 미관찰","육안; 위치별 농도 분석 미실시","23","2","25","완료","육안 미관찰","추가 교반 없음","30","DEMO-V01","DEMO 회전식 점도계","DEMO-S1","DEMO-600","400","표시 준수","유효 기록 확인","적합 기록 확인","완료","완료","60","60","58","1225","cP","합성 데이터; 물성 예측 아님; seed=20261002"
"PA-146","PA-146-M1","PA-146-S1","1","2026-09-07T02:01:00Z","POLY-A","DEMO-P1 (가상)","정제수 (가상 기록)","10","990","1","40","300","20","물 → 고분자, 가상 절차","육안 덩어리 미관찰","육안; 위치별 농도 분석 미실시","23","2","28","완료","육안 미관찰","추가 교반 없음","30","DEMO-V01","DEMO 회전식 점도계","DEMO-S1","DEMO-600","400","표시 준수","유효 기록 확인","적합 기록 확인","완료","완료","60","60","54","1260","mPa·s","합성 데이터; 물성 예측 아님; seed=20261002"
"PA-146","PA-146-M2","PA-146-S2","2","2026-09-07T02:02:00Z","POLY-A","DEMO-P1 (가상)","정제수 (가상 기록)","10","990","1","40","300","20","물 → 고분자, 가상 절차","육안 덩어리 미관찰","육안; 위치별 농도 분석 미실시","23","2","25","완료","육안 미관찰","추가 교반 없음","30","DEMO-V01","DEMO 회전식 점도계","DEMO-S1","DEMO-600","400","표시 준수","유효 기록 확인","적합 기록 확인","완료","완료","30","60","57","1249","mPa·s","합성 데이터; 물성 예측 아님; seed=20261002"
"PA-146","PA-146-M3","PA-146-S3","3","2026-09-07T02:03:00Z","POLY-A","DEMO-P1 (가상)","정제수 (가상 기록)","10","990","1","40","300","20","물 → 고분자, 가상 절차","육안 덩어리 미관찰","육안; 위치별 농도 분석 미실시","23","2","25","완료","육안 미관찰","추가 교반 없음","30","DEMO-V01","DEMO 회전식 점도계","DEMO-S2","DEMO-600","400","표시 준수","유효 기록 확인","적합 기록 확인","완료","완료","60","60","55","1279","mPa·s","합성 데이터; 물성 예측 아님; seed=20261002"
"PA-146","PA-146-M4","PA-146-S4","4","2026-09-07T02:04:00Z","POLY-A","DEMO-P1 (가상)","정제수 (가상 기록)","10","990","1","40","300","20","물 → 고분자, 가상 절차","육안 덩어리 미관찰","육안; 위치별 농도 분석 미실시","23","2","25","완료","육안 미관찰","추가 교반 없음","30","DEMO-V01","DEMO 회전식 점도계","DEMO-S1","DEMO-600","400","표시 준수","유효 기록 확인","적합 기록 확인","완료","완료","60","20","53","1245","cP","합성 데이터; 물성 예측 아님; seed=20261002"
"PA-147","PA-147-M1","PA-147-S1","1","2026-09-07T03:01:00Z","POLY-A","DEMO-P1 (가상)","정제수 (가상 기록)","10","990","1","40","300","20","물 → 고분자, 가상 절차","육안 덩어리 미관찰","육안; 위치별 농도 분석 미실시","23","2","","완료","육안 미관찰","추가 교반 없음","30","DEMO-V01","DEMO 회전식 점도계","DEMO-S1","DEMO-600","400","표시 준수","유효 기록 확인","적합 기록 확인","완료","완료","60","60","54","1254","mPa·s","합성 데이터; 물성 예측 아님; seed=20261002"
"PA-147","PA-147-M2","PA-147-S2","2","2026-09-07T03:02:00Z","POLY-A","DEMO-P1 (가상)","정제수 (가상 기록)","10","990","1","40","300","20","물 → 고분자, 가상 절차","육안 덩어리 미관찰","육안; 위치별 농도 분석 미실시","23","2","25","완료","육안 미관찰","추가 교반 없음","30","DEMO-V01","DEMO 회전식 점도계","DEMO-S1","DEMO-600","400","표시 준수","유효 기록 확인","적합 기록 확인","완료","완료","","60","64","1258","mPa·s","합성 데이터; 물성 예측 아님; seed=20261002"
"PA-147","PA-147-M3","PA-147-S3","3","2026-09-07T03:03:00Z","POLY-A","DEMO-P1 (가상)","정제수 (가상 기록)","10","990","1","40","300","20","물 → 고분자, 가상 절차","육안 덩어리 미관찰","육안; 위치별 농도 분석 미실시","23","2","25","완료","육안 미관찰","추가 교반 없음","30","DEMO-V01","DEMO 회전식 점도계","DEMO-S1","DEMO-600","400","표시 준수","유효 기록 확인","적합 기록 확인","완료","완료","60","60","55","","mPa·s","합성 데이터; 물성 예측 아님; seed=20261002"
"PA-147","PA-147-M4","PA-147-S4","4","2026-09-07T03:04:00Z","POLY-A","DEMO-P1 (가상)","정제수 (가상 기록)","10","990","1","40","300","20","물 → 고분자, 가상 절차","육안 덩어리 미관찰","육안; 위치별 농도 분석 미실시","23","2","25","","육안 미관찰","추가 교반 없음","30","DEMO-V01","DEMO 회전식 점도계","DEMO-S1","DEMO-600","400","표시 준수","유효 기록 확인","적합 기록 확인","완료","완료","60","60","49","1282","cP","합성 데이터; 물성 예측 아님; seed=20261002"
"PA-148","PA-148-M1","PA-148-S1","1","2026-09-07T04:01:00Z","POLY-A","DEMO-P1 (가상)","정제수 (가상 기록)","10","990","1","40","300","20","물 → 고분자, 가상 절차","육안 덩어리 미관찰","육안; 위치별 농도 분석 미실시","23","2","25","완료","육안 미관찰","추가 교반 없음","30","DEMO-V01","DEMO 회전식 점도계","DEMO-S1","DEMO-600","400","표시 준수","유효 기록 확인","적합 기록 확인","완료","완료","60","60","55","850","mPa·s","합성 데이터; 물성 예측 아님; seed=20261002"
"PA-148","PA-148-M2","PA-148-S2","2","2026-09-07T04:02:00Z","POLY-A","DEMO-P1 (가상)","정제수 (가상 기록)","10","990","1","40","300","20","물 → 고분자, 가상 절차","육안 덩어리 미관찰","육안; 위치별 농도 분석 미실시","23","2","25","완료","육안 미관찰","추가 교반 없음","30","DEMO-V01","DEMO 회전식 점도계","DEMO-S1","DEMO-600","400","표시 준수","유효 기록 확인","적합 기록 확인","완료","완료","60","60","54","1680","mPa·s","합성 데이터; 물성 예측 아님; seed=20261002"
"PA-148","PA-148-M3","PA-148-S3","3","2026-09-07T04:03:00Z","POLY-A","DEMO-P1 (가상)","정제수 (가상 기록)","10","990","1","40","300","20","물 → 고분자, 가상 절차","육안 덩어리 미관찰","육안; 위치별 농도 분석 미실시","23","2","25","완료","육안 미관찰","추가 교반 없음","30","DEMO-V01","DEMO 회전식 점도계","DEMO-S1","DEMO-600","400","표시 준수","유효 기록 확인","적합 기록 확인","완료","완료","60","60","63","850","mPa·s","합성 데이터; 물성 예측 아님; seed=20261002"
"PA-148","PA-148-M4","PA-148-S4","4","2026-09-07T04:04:00Z","POLY-A","DEMO-P1 (가상)","정제수 (가상 기록)","10","990","1","40","300","20","물 → 고분자, 가상 절차","육안 덩어리 미관찰","육안; 위치별 농도 분석 미실시","23","2","25","완료","육안 미관찰","추가 교반 없음","30","DEMO-V01","DEMO 회전식 점도계","DEMO-S1","DEMO-600","400","표시 준수","유효 기록 확인","적합 기록 확인","완료","완료","60","60","45","1680","cP","합성 데이터; 물성 예측 아님; seed=20261002"
"PA-149","PA-149-M1","PA-149-S1","1","2026-09-07T05:01:00Z","POLY-A","DEMO-P1 (가상)","정제수 (가상 기록)","10","990","1","40","300","20","물 → 고분자, 가상 절차","육안 덩어리 미관찰","육안; 위치별 농도 분석 미실시","23","2","25","완료","관찰됨","추가 교반 없음","30","DEMO-V01","DEMO 회전식 점도계","DEMO-S1","DEMO-600","400","표시 준수","유효 기록 확인","적합 기록 확인","완료","완료","60","60","50","1216","mPa·s","합성 데이터; 물성 예측 아님; seed=20261002"
"PA-149","PA-149-M2","PA-149-S2","2","2026-09-07T05:02:00Z","POLY-A","DEMO-P1 (가상)","정제수 (가상 기록)","10","990","1","40","300","20","물 → 고분자, 가상 절차","육안 덩어리 미관찰","육안; 위치별 농도 분석 미실시","23","2","25","미확인","육안 미관찰","추가 교반 없음","30","DEMO-V01","DEMO 회전식 점도계","DEMO-S1","DEMO-600","400","표시 준수","유효 기록 확인","적합 기록 확인","완료","완료","60","60","47","1219","mPa·s","합성 데이터; 물성 예측 아님; seed=20261002"
"PA-149","PA-149-M3","PA-149-S3","3","2026-09-07T05:03:00Z","POLY-A","DEMO-P1 (가상)","정제수 (가상 기록)","10","990","1","40","300","20","물 → 고분자, 가상 절차","육안 덩어리 미관찰","육안; 위치별 농도 분석 미실시","23","2","25","완료","육안 미관찰","추가 교반 없음","30","DEMO-V01","DEMO 회전식 점도계","DEMO-S1","DEMO-600","400","미준수","유효 기록 확인","적합 기록 확인","완료","완료","60","60","63","1212","mPa·s","합성 데이터; 물성 예측 아님; seed=20261002"
"PA-149","PA-149-M4","PA-149-S4","4","2026-09-07T05:04:00Z","POLY-A","DEMO-P1 (가상)","정제수 (가상 기록)","10","990","1","40","300","20","물 → 고분자, 가상 절차","육안 덩어리 미관찰","육안; 위치별 농도 분석 미실시","23","2","25","완료","육안 미관찰","추가 교반 없음","30","DEMO-V01","DEMO 회전식 점도계","DEMO-S1","DEMO-600","400","표시 준수","유효 기록 확인","적합 기록 확인","완료","완료","60","60","5","1181","cP","합성 데이터; 물성 예측 아님; seed=20261002"
"PA-150","PA-150-M1","PA-150-S1","1","2026-09-07T06:01:00Z","POLY-A","DEMO-P1 (가상)","정제수 (가상 기록)","10","990","1","45","300","20","물 → 고분자, 가상 절차","육안 덩어리 미관찰","육안; 위치별 농도 분석 미실시","23","2","28","완료","육안 미관찰","추가 교반 없음","30","DEMO-V01","DEMO 회전식 점도계","DEMO-S1","DEMO-600","400","표시 준수","유효 기록 확인","적합 기록 확인","완료","완료","60","60","47","1750","mPa·s","합성 데이터; 물성 예측 아님; seed=20261002"
"PA-150","PA-150-M2","PA-150-S2","2","2026-09-07T06:02:00Z","POLY-A","DEMO-P1 (가상)","정제수 (가상 기록)","10","990","1","45","300","20","물 → 고분자, 가상 절차","육안 덩어리 미관찰","육안; 위치별 농도 분석 미실시","23","2","28","완료","육안 미관찰","추가 교반 없음","30","DEMO-V01","DEMO 회전식 점도계","DEMO-S1","DEMO-600","400","표시 준수","유효 기록 확인","적합 기록 확인","완료","완료","60","60","50","1750","mPa·s","합성 데이터; 물성 예측 아님; seed=20261002"
"PA-150","PA-150-M3","PA-150-S3","3","2026-09-07T06:03:00Z","POLY-A","DEMO-P1 (가상)","정제수 (가상 기록)","10","990","1","45","300","20","물 → 고분자, 가상 절차","육안 덩어리 미관찰","육안; 위치별 농도 분석 미실시","23","2","28","완료","육안 미관찰","추가 교반 없음","30","DEMO-V01","DEMO 회전식 점도계","DEMO-S1","DEMO-600","400","표시 준수","유효 기록 확인","적합 기록 확인","완료","완료","60","60","56","1750","mPa·s","합성 데이터; 물성 예측 아님; seed=20261002"
"PA-150","PA-150-M4","PA-150-S4","4","2026-09-07T06:04:00Z","POLY-A","DEMO-P1 (가상)","정제수 (가상 기록)","10","990","1","45","300","20","물 → 고분자, 가상 절차","육안 덩어리 미관찰","육안; 위치별 농도 분석 미실시","23","2","28","완료","육안 미관찰","추가 교반 없음","30","DEMO-V01","DEMO 회전식 점도계","DEMO-S1","DEMO-600","400","표시 준수","유효 기록 확인","적합 기록 확인","완료","완료","60","60","53","1750","cP","합성 데이터; 물성 예측 아님; seed=20261002"
"PA-151","PA-151-M1","PA-151-S1","1","2026-09-07T07:01:00Z","POLY-A","DEMO-P1 (가상)","정제수 (가상 기록)","10","990","1","40","300","20","물 → 고분자, 가상 절차","육안 덩어리 미관찰","육안; 위치별 농도 분석 미실시","23","2","25","완료","육안 미관찰","추가 교반 없음","30","DEMO-V01","DEMO 회전식 점도계","DEMO-S1","DEMO-600","400","표시 준수","유효 기록 확인","적합 기록 확인","완료","완료","60","60","56","1310","mPa·s","합성 데이터; 물성 예측 아님; seed=20261002"
"PA-151","PA-151-M2","PA-151-S2","2","2026-09-07T07:02:00Z","POLY-A","DEMO-P1 (가상)","정제수 (가상 기록)","10","990","1","40","300","20","물 → 고분자, 가상 절차","육안 덩어리 미관찰","육안; 위치별 농도 분석 미실시","23","2","25","완료","육안 미관찰","추가 교반 없음","30","DEMO-V01","DEMO 회전식 점도계","DEMO-S1","DEMO-600","400","표시 준수","유효 기록 확인","적합 기록 확인","완료","완료","60","60","58","1310","mPa·s","합성 데이터; 물성 예측 아님; seed=20261002"
"PA-151","PA-151-M3","PA-151-S3","3","2026-09-07T07:03:00Z","POLY-A","DEMO-P1 (가상)","정제수 (가상 기록)","10","990","1","40","300","20","물 → 고분자, 가상 절차","육안 덩어리 미관찰","육안; 위치별 농도 분석 미실시","23","2","25","완료","육안 미관찰","추가 교반 없음","30","DEMO-V01","DEMO 회전식 점도계","DEMO-S1","DEMO-600","400","표시 준수","유효 기록 확인","적합 기록 확인","완료","완료","60","60","54","1324","mPa·s","합성 데이터; 물성 예측 아님; seed=20261002"
"PA-151","PA-151-M4","PA-151-S4","4","2026-09-07T07:04:00Z","POLY-A","DEMO-P1 (가상)","정제수 (가상 기록)","10","990","1","40","300","20","물 → 고분자, 가상 절차","육안 덩어리 미관찰","육안; 위치별 농도 분석 미실시","23","2","25","완료","육안 미관찰","추가 교반 없음","30","DEMO-V01","DEMO 회전식 점도계","DEMO-S1","DEMO-600","400","표시 준수","유효 기록 확인","적합 기록 확인","완료","완료","60","60","47","1302","cP","합성 데이터; 물성 예측 아님; seed=20261002"
"PA-152","PA-152-M1","PA-152-S1","1","2026-09-07T08:01:00Z","POLY-A","DEMO-P1 (가상)","정제수 (가상 기록)","10","990","1","40","300","20","물 → 고분자, 가상 절차","육안 덩어리 미관찰","육안; 위치별 농도 분석 미실시","23","2","25","완료","육안 미관찰","추가 교반 없음","30","DEMO-V01","DEMO 회전식 점도계","DEMO-S1","DEMO-600","400","표시 준수","유효 기록 확인","적합 기록 확인","완료","완료","60","60","58","1286","mPa·s","합성 데이터; 물성 예측 아님; seed=20261002"
"PA-152","PA-152-M2","PA-152-S2","2","2026-09-07T08:02:00Z","POLY-A","DEMO-P1 (가상)","정제수 (가상 기록)","10","990","1","40","300","20","물 → 고분자, 가상 절차","육안 덩어리 미관찰","육안; 위치별 농도 분석 미실시","23","2","25","완료","육안 미관찰","추가 교반 없음","30","DEMO-V01","DEMO 회전식 점도계","DEMO-S1","DEMO-600","400","표시 준수","유효 기록 확인","적합 기록 확인","완료","완료","60","60","61","1280","mPa·s","합성 데이터; 물성 예측 아님; seed=20261002"
"PA-152","PA-152-M3","PA-152-S3","3","2026-09-07T08:03:00Z","POLY-A","DEMO-P1 (가상)","정제수 (가상 기록)","10","990","1","40","300","20","물 → 고분자, 가상 절차","육안 덩어리 미관찰","육안; 위치별 농도 분석 미실시","23","2","25","완료","육안 미관찰","추가 교반 없음","30","DEMO-V01","DEMO 회전식 점도계","DEMO-S1","DEMO-600","400","표시 준수","유효 기록 확인","적합 기록 확인","완료","완료","60","60","47","1274","mPa·s","합성 데이터; 물성 예측 아님; seed=20261002"
"PA-152","PA-152-M4","PA-152-S4","4","2026-09-07T08:04:00Z","POLY-A","DEMO-P1 (가상)","정제수 (가상 기록)","10","990","1","40","300","20","물 → 고분자, 가상 절차","육안 덩어리 미관찰","육안; 위치별 농도 분석 미실시","23","2","25","완료","육안 미관찰","추가 교반 없음","30","DEMO-V01","DEMO 회전식 점도계","DEMO-S1","DEMO-600","400","표시 준수","유효 기록 확인","적합 기록 확인","완료","완료","60","60","55","1263","cP","합성 데이터; 물성 예측 아님; seed=20261002"
"PA-153","PA-153-M1","PA-153-S1","1","2026-09-07T09:01:00Z","POLY-A","DEMO-P1 (가상)","정제수 (가상 기록)","10","990","1","40","300","20","물 → 고분자, 가상 절차","육안 덩어리 미관찰","육안; 위치별 농도 분석 미실시","23","2","25","완료","육안 미관찰","추가 교반 없음","30","DEMO-V01","DEMO 회전식 점도계","DEMO-S1","DEMO-600","400","표시 준수","유효 기록 확인","적합 기록 확인","완료","완료","60","60","61","1276","mPa·s","합성 데이터; 물성 예측 아님; seed=20261002"
"PA-153","PA-153-M2","PA-153-S2","2","2026-09-07T09:02:00Z","POLY-A","DEMO-P1 (가상)","정제수 (가상 기록)","10","990","1","40","300","20","물 → 고분자, 가상 절차","육안 덩어리 미관찰","육안; 위치별 농도 분석 미실시","23","2","25","완료","육안 미관찰","추가 교반 없음","30","DEMO-V01","DEMO 회전식 점도계","DEMO-S1","DEMO-600","400","표시 준수","유효 기록 확인","적합 기록 확인","완료","완료","60","60","46","1278","mPa·s","합성 데이터; 물성 예측 아님; seed=20261002"
"PA-153","PA-153-M3","PA-153-S3","3","2026-09-07T09:03:00Z","POLY-A","DEMO-P1 (가상)","정제수 (가상 기록)","10","990","1","40","300","20","물 → 고분자, 가상 절차","육안 덩어리 미관찰","육안; 위치별 농도 분석 미실시","23","2","25","완료","육안 미관찰","추가 교반 없음","30","DEMO-V01","DEMO 회전식 점도계","DEMO-S1","DEMO-600","400","표시 준수","유효 기록 확인","적합 기록 확인","완료","완료","60","60","49","1280","mPa·s","합성 데이터; 물성 예측 아님; seed=20261002"
"PA-153","PA-153-M4","PA-153-S4","4","2026-09-07T09:04:00Z","POLY-A","DEMO-P1 (가상)","정제수 (가상 기록)","10","990","1","40","300","20","물 → 고분자, 가상 절차","육안 덩어리 미관찰","육안; 위치별 농도 분석 미실시","23","2","25","완료","육안 미관찰","추가 교반 없음","30","DEMO-V01","DEMO 회전식 점도계","DEMO-S1","DEMO-600","400","표시 준수","유효 기록 확인","적합 기록 확인","완료","완료","60","60","52","1280","cP","합성 데이터; 물성 예측 아님; seed=20261002"
"PA-154","PA-154-M1","PA-154-S1","1","2026-09-07T10:01:00Z","POLY-A","DEMO-P1 (가상)","정제수 (가상 기록)","10","990","1","40","300","20","물 → 고분자, 가상 절차","육안 덩어리 미관찰","육안; 위치별 농도 분석 미실시","23","2","25","완료","육안 미관찰","추가 교반 없음","30","DEMO-V01","DEMO 회전식 점도계","DEMO-S1","DEMO-600","400","표시 준수","유효 기록 확인","적합 기록 확인","완료","완료","60","60","48","1124","mPa·s","합성 데이터; 물성 예측 아님; seed=20261002"
"PA-154","PA-154-M2","PA-154-S2","2","2026-09-07T10:02:00Z","POLY-A","DEMO-P1 (가상)","정제수 (가상 기록)","10","990","1","40","300","20","물 → 고분자, 가상 절차","육안 덩어리 미관찰","육안; 위치별 농도 분석 미실시","23","2","25","완료","육안 미관찰","추가 교반 없음","30","DEMO-V01","DEMO 회전식 점도계","DEMO-S1","DEMO-600","400","표시 준수","유효 기록 확인","적합 기록 확인","완료","완료","60","60","61","1137","mPa·s","합성 데이터; 물성 예측 아님; seed=20261002"
"PA-154","PA-154-M3","PA-154-S3","3","2026-09-07T10:03:00Z","POLY-A","DEMO-P1 (가상)","정제수 (가상 기록)","10","990","1","40","300","20","물 → 고분자, 가상 절차","육안 덩어리 미관찰","육안; 위치별 농도 분석 미실시","23","2","25","완료","육안 미관찰","추가 교반 없음","30","DEMO-V01","DEMO 회전식 점도계","DEMO-S1","DEMO-600","400","표시 준수","유효 기록 확인","적합 기록 확인","완료","완료","60","60","49","1137","mPa·s","합성 데이터; 물성 예측 아님; seed=20261002"
"PA-154","PA-154-M4","PA-154-S4","4","2026-09-07T10:04:00Z","POLY-A","DEMO-P1 (가상)","정제수 (가상 기록)","10","990","1","40","300","20","물 → 고분자, 가상 절차","육안 덩어리 미관찰","육안; 위치별 농도 분석 미실시","23","2","25","완료","육안 미관찰","추가 교반 없음","30","DEMO-V01","DEMO 회전식 점도계","DEMO-S1","DEMO-600","400","표시 준수","유효 기록 확인","적합 기록 확인","완료","완료","60","60","47","1139","cP","합성 데이터; 물성 예측 아님; seed=20261002"
"PA-155","PA-155-M1","PA-155-S1","1","2026-09-07T11:01:00Z","POLY-A","DEMO-P1 (가상)","정제수 (가상 기록)","10","990","1","45","300","20","물 → 고분자, 가상 절차","육안 덩어리 미관찰","육안; 위치별 농도 분석 미실시","23","2","25","완료","육안 미관찰","추가 교반 없음","30","DEMO-V01","DEMO 회전식 점도계","DEMO-S1","DEMO-600","400","표시 준수","유효 기록 확인","적합 기록 확인","완료","완료","60","60","50","1129","mPa·s","합성 데이터; 물성 예측 아님; seed=20261002"
"PA-155","PA-155-M2","PA-155-S2","2","2026-09-07T11:02:00Z","POLY-A","DEMO-P1 (가상)","정제수 (가상 기록)","10","990","1","45","300","20","물 → 고분자, 가상 절차","육안 덩어리 미관찰","육안; 위치별 농도 분석 미실시","23","2","25","완료","육안 미관찰","추가 교반 없음","30","DEMO-V01","DEMO 회전식 점도계","DEMO-S1","DEMO-600","400","표시 준수","유효 기록 확인","적합 기록 확인","완료","완료","60","60","52","1128","mPa·s","합성 데이터; 물성 예측 아님; seed=20261002"
"PA-155","PA-155-M3","PA-155-S3","3","2026-09-07T11:03:00Z","POLY-A","DEMO-P1 (가상)","정제수 (가상 기록)","10","990","1","45","300","20","물 → 고분자, 가상 절차","육안 덩어리 미관찰","육안; 위치별 농도 분석 미실시","23","2","25","완료","육안 미관찰","추가 교반 없음","30","DEMO-V01","DEMO 회전식 점도계","DEMO-S1","DEMO-600","400","표시 준수","유효 기록 확인","적합 기록 확인","완료","완료","60","60","62","1156","mPa·s","합성 데이터; 물성 예측 아님; seed=20261002"
"PA-155","PA-155-M4","PA-155-S4","4","2026-09-07T11:04:00Z","POLY-A","DEMO-P1 (가상)","정제수 (가상 기록)","10","990","1","45","300","20","물 → 고분자, 가상 절차","육안 덩어리 미관찰","육안; 위치별 농도 분석 미실시","23","2","25","완료","육안 미관찰","추가 교반 없음","30","DEMO-V01","DEMO 회전식 점도계","DEMO-S1","DEMO-600","400","표시 준수","유효 기록 확인","적합 기록 확인","완료","완료","60","60","46","1127","cP","합성 데이터; 물성 예측 아님; seed=20261002"
"PA-156","PA-156-M1","PA-156-S1","1","2026-09-07T12:01:00Z","POLY-A","DEMO-P1 (가상)","정제수 (가상 기록)","10","990","1","40","300","20","물 → 고분자, 가상 절차","육안 덩어리 미관찰","육안; 위치별 농도 분석 미실시","23","2","28","완료","육안 미관찰","추가 교반 없음","30","DEMO-V01","DEMO 회전식 점도계","DEMO-S1","DEMO-600","400","표시 준수","유효 기록 확인","적합 기록 확인","완료","완료","60","60","60","1285","mPa·s","합성 데이터; 물성 예측 아님; seed=20261002"
"PA-156","PA-156-M2","PA-156-S2","2","2026-09-07T12:02:00Z","POLY-A","DEMO-P1 (가상)","정제수 (가상 기록)","10","990","1","40","300","20","물 → 고분자, 가상 절차","육안 덩어리 미관찰","육안; 위치별 농도 분석 미실시","23","2","25","완료","육안 미관찰","추가 교반 없음","30","DEMO-V01","DEMO 회전식 점도계","DEMO-S1","DEMO-600","400","표시 준수","유효 기록 확인","적합 기록 확인","완료","완료","30","60","63","1247","mPa·s","합성 데이터; 물성 예측 아님; seed=20261002"
"PA-156","PA-156-M3","PA-156-S3","3","2026-09-07T12:03:00Z","POLY-A","DEMO-P1 (가상)","정제수 (가상 기록)","10","990","1","40","300","20","물 → 고분자, 가상 절차","육안 덩어리 미관찰","육안; 위치별 농도 분석 미실시","23","2","25","완료","육안 미관찰","추가 교반 없음","30","DEMO-V01","DEMO 회전식 점도계","DEMO-S2","DEMO-600","400","표시 준수","유효 기록 확인","적합 기록 확인","완료","완료","60","60","47","1261","mPa·s","합성 데이터; 물성 예측 아님; seed=20261002"
"PA-156","PA-156-M4","PA-156-S4","4","2026-09-07T12:04:00Z","POLY-A","DEMO-P1 (가상)","정제수 (가상 기록)","10","990","1","40","300","20","물 → 고분자, 가상 절차","육안 덩어리 미관찰","육안; 위치별 농도 분석 미실시","23","2","25","완료","육안 미관찰","추가 교반 없음","30","DEMO-V01","DEMO 회전식 점도계","DEMO-S1","DEMO-600","400","표시 준수","유효 기록 확인","적합 기록 확인","완료","완료","60","20","55","1253","cP","합성 데이터; 물성 예측 아님; seed=20261002"
"PA-157","PA-157-M1","PA-157-S1","1","2026-09-07T13:01:00Z","POLY-A","DEMO-P1 (가상)","정제수 (가상 기록)","10","990","1","40","300","20","물 → 고분자, 가상 절차","육안 덩어리 미관찰","육안; 위치별 농도 분석 미실시","23","2","","완료","육안 미관찰","추가 교반 없음","30","DEMO-V01","DEMO 회전식 점도계","DEMO-S1","DEMO-600","400","표시 준수","유효 기록 확인","적합 기록 확인","완료","완료","60","60","55","1163","mPa·s","합성 데이터; 물성 예측 아님; seed=20261002"
"PA-157","PA-157-M2","PA-157-S2","2","2026-09-07T13:02:00Z","POLY-A","DEMO-P1 (가상)","정제수 (가상 기록)","10","990","1","40","300","20","물 → 고분자, 가상 절차","육안 덩어리 미관찰","육안; 위치별 농도 분석 미실시","23","2","25","완료","육안 미관찰","추가 교반 없음","30","DEMO-V01","DEMO 회전식 점도계","DEMO-S1","DEMO-600","400","표시 준수","유효 기록 확인","적합 기록 확인","완료","완료","","60","65","1184","mPa·s","합성 데이터; 물성 예측 아님; seed=20261002"
"PA-157","PA-157-M3","PA-157-S3","3","2026-09-07T13:03:00Z","POLY-A","DEMO-P1 (가상)","정제수 (가상 기록)","10","990","1","40","300","20","물 → 고분자, 가상 절차","육안 덩어리 미관찰","육안; 위치별 농도 분석 미실시","23","2","25","완료","육안 미관찰","추가 교반 없음","30","DEMO-V01","DEMO 회전식 점도계","DEMO-S1","DEMO-600","400","표시 준수","유효 기록 확인","적합 기록 확인","완료","완료","60","60","47","","mPa·s","합성 데이터; 물성 예측 아님; seed=20261002"
"PA-157","PA-157-M4","PA-157-S4","4","2026-09-07T13:04:00Z","POLY-A","DEMO-P1 (가상)","정제수 (가상 기록)","10","990","1","40","300","20","물 → 고분자, 가상 절차","육안 덩어리 미관찰","육안; 위치별 농도 분석 미실시","23","2","25","","육안 미관찰","추가 교반 없음","30","DEMO-V01","DEMO 회전식 점도계","DEMO-S1","DEMO-600","400","표시 준수","유효 기록 확인","적합 기록 확인","완료","완료","60","60","61","1174","cP","합성 데이터; 물성 예측 아님; seed=20261002"
"PA-158","PA-158-M1","PA-158-S1","1","2026-09-07T14:01:00Z","POLY-A","DEMO-P1 (가상)","정제수 (가상 기록)","10","990","1","40","300","20","물 → 고분자, 가상 절차","육안 덩어리 미관찰","육안; 위치별 농도 분석 미실시","23","2","25","완료","육안 미관찰","추가 교반 없음","30","DEMO-V01","DEMO 회전식 점도계","DEMO-S1","DEMO-600","400","표시 준수","유효 기록 확인","적합 기록 확인","완료","완료","60","60","64","850","mPa·s","합성 데이터; 물성 예측 아님; seed=20261002"
"PA-158","PA-158-M2","PA-158-S2","2","2026-09-07T14:02:00Z","POLY-A","DEMO-P1 (가상)","정제수 (가상 기록)","10","990","1","40","300","20","물 → 고분자, 가상 절차","육안 덩어리 미관찰","육안; 위치별 농도 분석 미실시","23","2","25","완료","육안 미관찰","추가 교반 없음","30","DEMO-V01","DEMO 회전식 점도계","DEMO-S1","DEMO-600","400","표시 준수","유효 기록 확인","적합 기록 확인","완료","완료","60","60","55","1680","mPa·s","합성 데이터; 물성 예측 아님; seed=20261002"
"PA-158","PA-158-M3","PA-158-S3","3","2026-09-07T14:03:00Z","POLY-A","DEMO-P1 (가상)","정제수 (가상 기록)","10","990","1","40","300","20","물 → 고분자, 가상 절차","육안 덩어리 미관찰","육안; 위치별 농도 분석 미실시","23","2","25","완료","육안 미관찰","추가 교반 없음","30","DEMO-V01","DEMO 회전식 점도계","DEMO-S1","DEMO-600","400","표시 준수","유효 기록 확인","적합 기록 확인","완료","완료","60","60","57","850","mPa·s","합성 데이터; 물성 예측 아님; seed=20261002"
"PA-158","PA-158-M4","PA-158-S4","4","2026-09-07T14:04:00Z","POLY-A","DEMO-P1 (가상)","정제수 (가상 기록)","10","990","1","40","300","20","물 → 고분자, 가상 절차","육안 덩어리 미관찰","육안; 위치별 농도 분석 미실시","23","2","25","완료","육안 미관찰","추가 교반 없음","30","DEMO-V01","DEMO 회전식 점도계","DEMO-S1","DEMO-600","400","표시 준수","유효 기록 확인","적합 기록 확인","완료","완료","60","60","56","1680","cP","합성 데이터; 물성 예측 아님; seed=20261002"
"PA-159","PA-159-M1","PA-159-S1","1","2026-09-07T15:01:00Z","POLY-A","DEMO-P1 (가상)","정제수 (가상 기록)","10","990","1","40","300","20","물 → 고분자, 가상 절차","육안 덩어리 미관찰","육안; 위치별 농도 분석 미실시","23","2","25","완료","관찰됨","추가 교반 없음","30","DEMO-V01","DEMO 회전식 점도계","DEMO-S1","DEMO-600","400","표시 준수","유효 기록 확인","적합 기록 확인","완료","완료","60","60","53","1127","mPa·s","합성 데이터; 물성 예측 아님; seed=20261002"
"PA-159","PA-159-M2","PA-159-S2","2","2026-09-07T15:02:00Z","POLY-A","DEMO-P1 (가상)","정제수 (가상 기록)","10","990","1","40","300","20","물 → 고분자, 가상 절차","육안 덩어리 미관찰","육안; 위치별 농도 분석 미실시","23","2","25","미확인","육안 미관찰","추가 교반 없음","30","DEMO-V01","DEMO 회전식 점도계","DEMO-S1","DEMO-600","400","표시 준수","유효 기록 확인","적합 기록 확인","완료","완료","60","60","49","1154","mPa·s","합성 데이터; 물성 예측 아님; seed=20261002"
"PA-159","PA-159-M3","PA-159-S3","3","2026-09-07T15:03:00Z","POLY-A","DEMO-P1 (가상)","정제수 (가상 기록)","10","990","1","40","300","20","물 → 고분자, 가상 절차","육안 덩어리 미관찰","육안; 위치별 농도 분석 미실시","23","2","25","완료","육안 미관찰","추가 교반 없음","30","DEMO-V01","DEMO 회전식 점도계","DEMO-S1","DEMO-600","400","미준수","유효 기록 확인","적합 기록 확인","완료","완료","60","60","53","1125","mPa·s","합성 데이터; 물성 예측 아님; seed=20261002"
"PA-159","PA-159-M4","PA-159-S4","4","2026-09-07T15:04:00Z","POLY-A","DEMO-P1 (가상)","정제수 (가상 기록)","10","990","1","40","300","20","물 → 고분자, 가상 절차","육안 덩어리 미관찰","육안; 위치별 농도 분석 미실시","23","2","25","완료","육안 미관찰","추가 교반 없음","30","DEMO-V01","DEMO 회전식 점도계","DEMO-S1","DEMO-600","400","표시 준수","유효 기록 확인","적합 기록 확인","완료","완료","60","60","5","1130","cP","합성 데이터; 물성 예측 아님; seed=20261002"
"PA-160","PA-160-M1","PA-160-S1","1","2026-09-07T16:01:00Z","POLY-A","DEMO-P1 (가상)","정제수 (가상 기록)","10","990","1","45","300","20","물 → 고분자, 가상 절차","육안 덩어리 미관찰","육안; 위치별 농도 분석 미실시","23","2","28","완료","육안 미관찰","추가 교반 없음","30","DEMO-V01","DEMO 회전식 점도계","DEMO-S1","DEMO-600","400","표시 준수","유효 기록 확인","적합 기록 확인","완료","완료","60","60","51","1750","mPa·s","합성 데이터; 물성 예측 아님; seed=20261002"
"PA-160","PA-160-M2","PA-160-S2","2","2026-09-07T16:02:00Z","POLY-A","DEMO-P1 (가상)","정제수 (가상 기록)","10","990","1","45","300","20","물 → 고분자, 가상 절차","육안 덩어리 미관찰","육안; 위치별 농도 분석 미실시","23","2","28","완료","육안 미관찰","추가 교반 없음","30","DEMO-V01","DEMO 회전식 점도계","DEMO-S1","DEMO-600","400","표시 준수","유효 기록 확인","적합 기록 확인","완료","완료","60","60","52","1750","mPa·s","합성 데이터; 물성 예측 아님; seed=20261002"
"PA-160","PA-160-M3","PA-160-S3","3","2026-09-07T16:03:00Z","POLY-A","DEMO-P1 (가상)","정제수 (가상 기록)","10","990","1","45","300","20","물 → 고분자, 가상 절차","육안 덩어리 미관찰","육안; 위치별 농도 분석 미실시","23","2","28","완료","육안 미관찰","추가 교반 없음","30","DEMO-V01","DEMO 회전식 점도계","DEMO-S1","DEMO-600","400","표시 준수","유효 기록 확인","적합 기록 확인","완료","완료","60","60","56","1750","mPa·s","합성 데이터; 물성 예측 아님; seed=20261002"
"PA-160","PA-160-M4","PA-160-S4","4","2026-09-07T16:04:00Z","POLY-A","DEMO-P1 (가상)","정제수 (가상 기록)","10","990","1","45","300","20","물 → 고분자, 가상 절차","육안 덩어리 미관찰","육안; 위치별 농도 분석 미실시","23","2","28","완료","육안 미관찰","추가 교반 없음","30","DEMO-V01","DEMO 회전식 점도계","DEMO-S1","DEMO-600","400","표시 준수","유효 기록 확인","적합 기록 확인","완료","완료","60","60","58","1750","cP","합성 데이터; 물성 예측 아님; seed=20261002"
"PA-161","PA-161-M1","PA-161-S1","1","2026-09-07T17:01:00Z","POLY-A","DEMO-P1 (가상)","정제수 (가상 기록)","10","990","1","40","300","20","물 → 고분자, 가상 절차","육안 덩어리 미관찰","육안; 위치별 농도 분석 미실시","23","2","25","완료","육안 미관찰","추가 교반 없음","30","DEMO-V01","DEMO 회전식 점도계","DEMO-S1","DEMO-600","400","표시 준수","유효 기록 확인","적합 기록 확인","완료","완료","60","60","50","1153","mPa·s","합성 데이터; 물성 예측 아님; seed=20261002"
"PA-161","PA-161-M2","PA-161-S2","2","2026-09-07T17:02:00Z","POLY-A","DEMO-P1 (가상)","정제수 (가상 기록)","10","990","1","40","300","20","물 → 고분자, 가상 절차","육안 덩어리 미관찰","육안; 위치별 농도 분석 미실시","23","2","25","완료","육안 미관찰","추가 교반 없음","30","DEMO-V01","DEMO 회전식 점도계","DEMO-S1","DEMO-600","400","표시 준수","유효 기록 확인","적합 기록 확인","완료","완료","60","60","47","1135","mPa·s","합성 데이터; 물성 예측 아님; seed=20261002"
"PA-161","PA-161-M3","PA-161-S3","3","2026-09-07T17:03:00Z","POLY-A","DEMO-P1 (가상)","정제수 (가상 기록)","10","990","1","40","300","20","물 → 고분자, 가상 절차","육안 덩어리 미관찰","육안; 위치별 농도 분석 미실시","23","2","25","완료","육안 미관찰","추가 교반 없음","30","DEMO-V01","DEMO 회전식 점도계","DEMO-S1","DEMO-600","400","표시 준수","유효 기록 확인","적합 기록 확인","완료","완료","60","60","51","1119","mPa·s","합성 데이터; 물성 예측 아님; seed=20261002"
"PA-161","PA-161-M4","PA-161-S4","4","2026-09-07T17:04:00Z","POLY-A","DEMO-P1 (가상)","정제수 (가상 기록)","10","990","1","40","300","20","물 → 고분자, 가상 절차","육안 덩어리 미관찰","육안; 위치별 농도 분석 미실시","23","2","25","완료","육안 미관찰","추가 교반 없음","30","DEMO-V01","DEMO 회전식 점도계","DEMO-S1","DEMO-600","400","표시 준수","유효 기록 확인","적합 기록 확인","완료","완료","60","60","45","1154","cP","합성 데이터; 물성 예측 아님; seed=20261002"
"PA-162","PA-162-M1","PA-162-S1","1","2026-09-07T18:01:00Z","POLY-A","DEMO-P1 (가상)","정제수 (가상 기록)","10","990","1","40","300","20","물 → 고분자, 가상 절차","육안 덩어리 미관찰","육안; 위치별 농도 분석 미실시","23","2","25","완료","육안 미관찰","추가 교반 없음","30","DEMO-V01","DEMO 회전식 점도계","DEMO-S1","DEMO-600","400","표시 준수","유효 기록 확인","적합 기록 확인","완료","완료","60","60","64","1288","mPa·s","합성 데이터; 물성 예측 아님; seed=20261002"
"PA-162","PA-162-M2","PA-162-S2","2","2026-09-07T18:02:00Z","POLY-A","DEMO-P1 (가상)","정제수 (가상 기록)","10","990","1","40","300","20","물 → 고분자, 가상 절차","육안 덩어리 미관찰","육안; 위치별 농도 분석 미실시","23","2","25","완료","육안 미관찰","추가 교반 없음","30","DEMO-V01","DEMO 회전식 점도계","DEMO-S1","DEMO-600","400","표시 준수","유효 기록 확인","적합 기록 확인","완료","완료","60","60","56","1315","mPa·s","합성 데이터; 물성 예측 아님; seed=20261002"
"PA-162","PA-162-M3","PA-162-S3","3","2026-09-07T18:03:00Z","POLY-A","DEMO-P1 (가상)","정제수 (가상 기록)","10","990","1","40","300","20","물 → 고분자, 가상 절차","육안 덩어리 미관찰","육안; 위치별 농도 분석 미실시","23","2","25","완료","육안 미관찰","추가 교반 없음","30","DEMO-V01","DEMO 회전식 점도계","DEMO-S1","DEMO-600","400","표시 준수","유효 기록 확인","적합 기록 확인","완료","완료","60","60","53","1292","mPa·s","합성 데이터; 물성 예측 아님; seed=20261002"
"PA-162","PA-162-M4","PA-162-S4","4","2026-09-07T18:04:00Z","POLY-A","DEMO-P1 (가상)","정제수 (가상 기록)","10","990","1","40","300","20","물 → 고분자, 가상 절차","육안 덩어리 미관찰","육안; 위치별 농도 분석 미실시","23","2","25","완료","육안 미관찰","추가 교반 없음","30","DEMO-V01","DEMO 회전식 점도계","DEMO-S1","DEMO-600","400","표시 준수","유효 기록 확인","적합 기록 확인","완료","완료","60","60","60","1300","cP","합성 데이터; 물성 예측 아님; seed=20261002"
"PA-163","PA-163-M1","PA-163-S1","1","2026-09-07T19:01:00Z","POLY-A","DEMO-P1 (가상)","정제수 (가상 기록)","10","990","1","40","300","20","물 → 고분자, 가상 절차","육안 덩어리 미관찰","육안; 위치별 농도 분석 미실시","23","2","25","완료","육안 미관찰","추가 교반 없음","30","DEMO-V01","DEMO 회전식 점도계","DEMO-S1","DEMO-600","400","표시 준수","유효 기록 확인","적합 기록 확인","완료","완료","60","60","64","1294","mPa·s","합성 데이터; 물성 예측 아님; seed=20261002"
"PA-163","PA-163-M2","PA-163-S2","2","2026-09-07T19:02:00Z","POLY-A","DEMO-P1 (가상)","정제수 (가상 기록)","10","990","1","40","300","20","물 → 고분자, 가상 절차","육안 덩어리 미관찰","육안; 위치별 농도 분석 미실시","23","2","25","완료","육안 미관찰","추가 교반 없음","30","DEMO-V01","DEMO 회전식 점도계","DEMO-S1","DEMO-600","400","표시 준수","유효 기록 확인","적합 기록 확인","완료","완료","60","60","59","1271","mPa·s","합성 데이터; 물성 예측 아님; seed=20261002"
"PA-163","PA-163-M3","PA-163-S3","3","2026-09-07T19:03:00Z","POLY-A","DEMO-P1 (가상)","정제수 (가상 기록)","10","990","1","40","300","20","물 → 고분자, 가상 절차","육안 덩어리 미관찰","육안; 위치별 농도 분석 미실시","23","2","25","완료","육안 미관찰","추가 교반 없음","30","DEMO-V01","DEMO 회전식 점도계","DEMO-S1","DEMO-600","400","표시 준수","유효 기록 확인","적합 기록 확인","완료","완료","60","60","54","1255","mPa·s","합성 데이터; 물성 예측 아님; seed=20261002"
"PA-163","PA-163-M4","PA-163-S4","4","2026-09-07T19:04:00Z","POLY-A","DEMO-P1 (가상)","정제수 (가상 기록)","10","990","1","40","300","20","물 → 고분자, 가상 절차","육안 덩어리 미관찰","육안; 위치별 농도 분석 미실시","23","2","25","완료","육안 미관찰","추가 교반 없음","30","DEMO-V01","DEMO 회전식 점도계","DEMO-S1","DEMO-600","400","표시 준수","유효 기록 확인","적합 기록 확인","완료","완료","60","60","47","1282","cP","합성 데이터; 물성 예측 아님; seed=20261002"
"PA-164","PA-164-M1","PA-164-S1","1","2026-09-07T20:01:00Z","POLY-A","DEMO-P1 (가상)","정제수 (가상 기록)","10","990","1","40","300","20","물 → 고분자, 가상 절차","육안 덩어리 미관찰","육안; 위치별 농도 분석 미실시","23","2","25","완료","육안 미관찰","추가 교반 없음","30","DEMO-V01","DEMO 회전식 점도계","DEMO-S1","DEMO-600","400","표시 준수","유효 기록 확인","적합 기록 확인","완료","완료","60","60","52","1267","mPa·s","합성 데이터; 물성 예측 아님; seed=20261002"
"PA-164","PA-164-M2","PA-164-S2","2","2026-09-07T20:02:00Z","POLY-A","DEMO-P1 (가상)","정제수 (가상 기록)","10","990","1","40","300","20","물 → 고분자, 가상 절차","육안 덩어리 미관찰","육안; 위치별 농도 분석 미실시","23","2","25","완료","육안 미관찰","추가 교반 없음","30","DEMO-V01","DEMO 회전식 점도계","DEMO-S1","DEMO-600","400","표시 준수","유효 기록 확인","적합 기록 확인","완료","완료","60","60","63","1288","mPa·s","합성 데이터; 물성 예측 아님; seed=20261002"
"PA-164","PA-164-M3","PA-164-S3","3","2026-09-07T20:03:00Z","POLY-A","DEMO-P1 (가상)","정제수 (가상 기록)","10","990","1","40","300","20","물 → 고분자, 가상 절차","육안 덩어리 미관찰","육안; 위치별 농도 분석 미실시","23","2","25","완료","육안 미관찰","추가 교반 없음","30","DEMO-V01","DEMO 회전식 점도계","DEMO-S1","DEMO-600","400","표시 준수","유효 기록 확인","적합 기록 확인","완료","완료","60","60","45","1278","mPa·s","합성 데이터; 물성 예측 아님; seed=20261002"
"PA-164","PA-164-M4","PA-164-S4","4","2026-09-07T20:04:00Z","POLY-A","DEMO-P1 (가상)","정제수 (가상 기록)","10","990","1","40","300","20","물 → 고분자, 가상 절차","육안 덩어리 미관찰","육안; 위치별 농도 분석 미실시","23","2","25","완료","육안 미관찰","추가 교반 없음","30","DEMO-V01","DEMO 회전식 점도계","DEMO-S1","DEMO-600","400","표시 준수","유효 기록 확인","적합 기록 확인","완료","완료","60","60","58","1296","cP","합성 데이터; 물성 예측 아님; seed=20261002"
"PA-165","PA-165-M1","PA-165-S1","1","2026-09-07T21:01:00Z","POLY-A","DEMO-P1 (가상)","정제수 (가상 기록)","10","990","1","45","300","20","물 → 고분자, 가상 절차","육안 덩어리 미관찰","육안; 위치별 농도 분석 미실시","23","2","25","완료","육안 미관찰","추가 교반 없음","30","DEMO-V01","DEMO 회전식 점도계","DEMO-S1","DEMO-600","400","표시 준수","유효 기록 확인","적합 기록 확인","완료","완료","60","60","63","1277","mPa·s","합성 데이터; 물성 예측 아님; seed=20261002"
"PA-165","PA-165-M2","PA-165-S2","2","2026-09-07T21:02:00Z","POLY-A","DEMO-P1 (가상)","정제수 (가상 기록)","10","990","1","45","300","20","물 → 고분자, 가상 절차","육안 덩어리 미관찰","육안; 위치별 농도 분석 미실시","23","2","25","완료","육안 미관찰","추가 교반 없음","30","DEMO-V01","DEMO 회전식 점도계","DEMO-S1","DEMO-600","400","표시 준수","유효 기록 확인","적합 기록 확인","완료","완료","60","60","46","1313","mPa·s","합성 데이터; 물성 예측 아님; seed=20261002"
"PA-165","PA-165-M3","PA-165-S3","3","2026-09-07T21:03:00Z","POLY-A","DEMO-P1 (가상)","정제수 (가상 기록)","10","990","1","45","300","20","물 → 고분자, 가상 절차","육안 덩어리 미관찰","육안; 위치별 농도 분석 미실시","23","2","25","완료","육안 미관찰","추가 교반 없음","30","DEMO-V01","DEMO 회전식 점도계","DEMO-S1","DEMO-600","400","표시 준수","유효 기록 확인","적합 기록 확인","완료","완료","60","60","50","1287","mPa·s","합성 데이터; 물성 예측 아님; seed=20261002"
"PA-165","PA-165-M4","PA-165-S4","4","2026-09-07T21:04:00Z","POLY-A","DEMO-P1 (가상)","정제수 (가상 기록)","10","990","1","45","300","20","물 → 고분자, 가상 절차","육안 덩어리 미관찰","육안; 위치별 농도 분석 미실시","23","2","25","완료","육안 미관찰","추가 교반 없음","30","DEMO-V01","DEMO 회전식 점도계","DEMO-S1","DEMO-600","400","표시 준수","유효 기록 확인","적합 기록 확인","완료","완료","60","60","64","1308","cP","합성 데이터; 물성 예측 아님; seed=20261002"
"PA-166","PA-166-M1","PA-166-S1","1","2026-09-07T22:01:00Z","POLY-A","DEMO-P1 (가상)","정제수 (가상 기록)","10","990","1","40","300","20","물 → 고분자, 가상 절차","육안 덩어리 미관찰","육안; 위치별 농도 분석 미실시","23","2","28","완료","육안 미관찰","추가 교반 없음","30","DEMO-V01","DEMO 회전식 점도계","DEMO-S1","DEMO-600","400","표시 준수","유효 기록 확인","적합 기록 확인","완료","완료","60","60","63","1215","mPa·s","합성 데이터; 물성 예측 아님; seed=20261002"
"PA-166","PA-166-M2","PA-166-S2","2","2026-09-07T22:02:00Z","POLY-A","DEMO-P1 (가상)","정제수 (가상 기록)","10","990","1","40","300","20","물 → 고분자, 가상 절차","육안 덩어리 미관찰","육안; 위치별 농도 분석 미실시","23","2","25","완료","육안 미관찰","추가 교반 없음","30","DEMO-V01","DEMO 회전식 점도계","DEMO-S1","DEMO-600","400","표시 준수","유효 기록 확인","적합 기록 확인","완료","완료","30","60","51","1202","mPa·s","합성 데이터; 물성 예측 아님; seed=20261002"
"PA-166","PA-166-M3","PA-166-S3","3","2026-09-07T22:03:00Z","POLY-A","DEMO-P1 (가상)","정제수 (가상 기록)","10","990","1","40","300","20","물 → 고분자, 가상 절차","육안 덩어리 미관찰","육안; 위치별 농도 분석 미실시","23","2","25","완료","육안 미관찰","추가 교반 없음","30","DEMO-V01","DEMO 회전식 점도계","DEMO-S2","DEMO-600","400","표시 준수","유효 기록 확인","적합 기록 확인","완료","완료","60","60","46","1205","mPa·s","합성 데이터; 물성 예측 아님; seed=20261002"
"PA-166","PA-166-M4","PA-166-S4","4","2026-09-07T22:04:00Z","POLY-A","DEMO-P1 (가상)","정제수 (가상 기록)","10","990","1","40","300","20","물 → 고분자, 가상 절차","육안 덩어리 미관찰","육안; 위치별 농도 분석 미실시","23","2","25","완료","육안 미관찰","추가 교반 없음","30","DEMO-V01","DEMO 회전식 점도계","DEMO-S1","DEMO-600","400","표시 준수","유효 기록 확인","적합 기록 확인","완료","완료","60","20","54","1233","cP","합성 데이터; 물성 예측 아님; seed=20261002"
"PA-167","PA-167-M1","PA-167-S1","1","2026-09-07T23:01:00Z","POLY-A","DEMO-P1 (가상)","정제수 (가상 기록)","10","990","1","40","300","20","물 → 고분자, 가상 절차","육안 덩어리 미관찰","육안; 위치별 농도 분석 미실시","23","2","","완료","육안 미관찰","추가 교반 없음","30","DEMO-V01","DEMO 회전식 점도계","DEMO-S1","DEMO-600","400","표시 준수","유효 기록 확인","적합 기록 확인","완료","완료","60","60","48","1154","mPa·s","합성 데이터; 물성 예측 아님; seed=20261002"
"PA-167","PA-167-M2","PA-167-S2","2","2026-09-07T23:02:00Z","POLY-A","DEMO-P1 (가상)","정제수 (가상 기록)","10","990","1","40","300","20","물 → 고분자, 가상 절차","육안 덩어리 미관찰","육안; 위치별 농도 분석 미실시","23","2","25","완료","육안 미관찰","추가 교반 없음","30","DEMO-V01","DEMO 회전식 점도계","DEMO-S1","DEMO-600","400","표시 준수","유효 기록 확인","적합 기록 확인","완료","완료","","60","58","1173","mPa·s","합성 데이터; 물성 예측 아님; seed=20261002"
"PA-167","PA-167-M3","PA-167-S3","3","2026-09-07T23:03:00Z","POLY-A","DEMO-P1 (가상)","정제수 (가상 기록)","10","990","1","40","300","20","물 → 고분자, 가상 절차","육안 덩어리 미관찰","육안; 위치별 농도 분석 미실시","23","2","25","완료","육안 미관찰","추가 교반 없음","30","DEMO-V01","DEMO 회전식 점도계","DEMO-S1","DEMO-600","400","표시 준수","유효 기록 확인","적합 기록 확인","완료","완료","60","60","63","","mPa·s","합성 데이터; 물성 예측 아님; seed=20261002"
"PA-167","PA-167-M4","PA-167-S4","4","2026-09-07T23:04:00Z","POLY-A","DEMO-P1 (가상)","정제수 (가상 기록)","10","990","1","40","300","20","물 → 고분자, 가상 절차","육안 덩어리 미관찰","육안; 위치별 농도 분석 미실시","23","2","25","","육안 미관찰","추가 교반 없음","30","DEMO-V01","DEMO 회전식 점도계","DEMO-S1","DEMO-600","400","표시 준수","유효 기록 확인","적합 기록 확인","완료","완료","60","60","65","1166","cP","합성 데이터; 물성 예측 아님; seed=20261002"
"PA-168","PA-168-M1","PA-168-S1","1","2026-09-08T00:01:00Z","POLY-A","DEMO-P1 (가상)","정제수 (가상 기록)","10","990","1","40","300","20","물 → 고분자, 가상 절차","육안 덩어리 미관찰","육안; 위치별 농도 분석 미실시","23","2","25","완료","육안 미관찰","추가 교반 없음","30","DEMO-V01","DEMO 회전식 점도계","DEMO-S1","DEMO-600","400","표시 준수","유효 기록 확인","적합 기록 확인","완료","완료","60","60","47","850","mPa·s","합성 데이터; 물성 예측 아님; seed=20261002"
"PA-168","PA-168-M2","PA-168-S2","2","2026-09-08T00:02:00Z","POLY-A","DEMO-P1 (가상)","정제수 (가상 기록)","10","990","1","40","300","20","물 → 고분자, 가상 절차","육안 덩어리 미관찰","육안; 위치별 농도 분석 미실시","23","2","25","완료","육안 미관찰","추가 교반 없음","30","DEMO-V01","DEMO 회전식 점도계","DEMO-S1","DEMO-600","400","표시 준수","유효 기록 확인","적합 기록 확인","완료","완료","60","60","61","1680","mPa·s","합성 데이터; 물성 예측 아님; seed=20261002"
"PA-168","PA-168-M3","PA-168-S3","3","2026-09-08T00:03:00Z","POLY-A","DEMO-P1 (가상)","정제수 (가상 기록)","10","990","1","40","300","20","물 → 고분자, 가상 절차","육안 덩어리 미관찰","육안; 위치별 농도 분석 미실시","23","2","25","완료","육안 미관찰","추가 교반 없음","30","DEMO-V01","DEMO 회전식 점도계","DEMO-S1","DEMO-600","400","표시 준수","유효 기록 확인","적합 기록 확인","완료","완료","60","60","62","850","mPa·s","합성 데이터; 물성 예측 아님; seed=20261002"
"PA-168","PA-168-M4","PA-168-S4","4","2026-09-08T00:04:00Z","POLY-A","DEMO-P1 (가상)","정제수 (가상 기록)","10","990","1","40","300","20","물 → 고분자, 가상 절차","육안 덩어리 미관찰","육안; 위치별 농도 분석 미실시","23","2","25","완료","육안 미관찰","추가 교반 없음","30","DEMO-V01","DEMO 회전식 점도계","DEMO-S1","DEMO-600","400","표시 준수","유효 기록 확인","적합 기록 확인","완료","완료","60","60","50","1680","cP","합성 데이터; 물성 예측 아님; seed=20261002"
"PA-169","PA-169-M1","PA-169-S1","1","2026-09-08T01:01:00Z","POLY-A","DEMO-P1 (가상)","정제수 (가상 기록)","10","990","1","40","300","20","물 → 고분자, 가상 절차","육안 덩어리 미관찰","육안; 위치별 농도 분석 미실시","23","2","25","완료","관찰됨","추가 교반 없음","30","DEMO-V01","DEMO 회전식 점도계","DEMO-S1","DEMO-600","400","표시 준수","유효 기록 확인","적합 기록 확인","완료","완료","60","60","60","1224","mPa·s","합성 데이터; 물성 예측 아님; seed=20261002"
"PA-169","PA-169-M2","PA-169-S2","2","2026-09-08T01:02:00Z","POLY-A","DEMO-P1 (가상)","정제수 (가상 기록)","10","990","1","40","300","20","물 → 고분자, 가상 절차","육안 덩어리 미관찰","육안; 위치별 농도 분석 미실시","23","2","25","미확인","육안 미관찰","추가 교반 없음","30","DEMO-V01","DEMO 회전식 점도계","DEMO-S1","DEMO-600","400","표시 준수","유효 기록 확인","적합 기록 확인","완료","완료","60","60","46","1228","mPa·s","합성 데이터; 물성 예측 아님; seed=20261002"
"PA-169","PA-169-M3","PA-169-S3","3","2026-09-08T01:03:00Z","POLY-A","DEMO-P1 (가상)","정제수 (가상 기록)","10","990","1","40","300","20","물 → 고분자, 가상 절차","육안 덩어리 미관찰","육안; 위치별 농도 분석 미실시","23","2","25","완료","육안 미관찰","추가 교반 없음","30","DEMO-V01","DEMO 회전식 점도계","DEMO-S1","DEMO-600","400","미준수","유효 기록 확인","적합 기록 확인","완료","완료","60","60","46","1204","mPa·s","합성 데이터; 물성 예측 아님; seed=20261002"
"PA-169","PA-169-M4","PA-169-S4","4","2026-09-08T01:04:00Z","POLY-A","DEMO-P1 (가상)","정제수 (가상 기록)","10","990","1","40","300","20","물 → 고분자, 가상 절차","육안 덩어리 미관찰","육안; 위치별 농도 분석 미실시","23","2","25","완료","육안 미관찰","추가 교반 없음","30","DEMO-V01","DEMO 회전식 점도계","DEMO-S1","DEMO-600","400","표시 준수","유효 기록 확인","적합 기록 확인","완료","완료","60","60","5","1218","cP","합성 데이터; 물성 예측 아님; seed=20261002"
"PA-170","PA-170-M1","PA-170-S1","1","2026-09-08T02:01:00Z","POLY-A","DEMO-P1 (가상)","정제수 (가상 기록)","10","990","1","45","300","20","물 → 고분자, 가상 절차","육안 덩어리 미관찰","육안; 위치별 농도 분석 미실시","23","2","28","완료","육안 미관찰","추가 교반 없음","30","DEMO-V01","DEMO 회전식 점도계","DEMO-S1","DEMO-600","400","표시 준수","유효 기록 확인","적합 기록 확인","완료","완료","60","60","51","1750","mPa·s","합성 데이터; 물성 예측 아님; seed=20261002"
"PA-170","PA-170-M2","PA-170-S2","2","2026-09-08T02:02:00Z","POLY-A","DEMO-P1 (가상)","정제수 (가상 기록)","10","990","1","45","300","20","물 → 고분자, 가상 절차","육안 덩어리 미관찰","육안; 위치별 농도 분석 미실시","23","2","28","완료","육안 미관찰","추가 교반 없음","30","DEMO-V01","DEMO 회전식 점도계","DEMO-S1","DEMO-600","400","표시 준수","유효 기록 확인","적합 기록 확인","완료","완료","60","60","58","1750","mPa·s","합성 데이터; 물성 예측 아님; seed=20261002"
"PA-170","PA-170-M3","PA-170-S3","3","2026-09-08T02:03:00Z","POLY-A","DEMO-P1 (가상)","정제수 (가상 기록)","10","990","1","45","300","20","물 → 고분자, 가상 절차","육안 덩어리 미관찰","육안; 위치별 농도 분석 미실시","23","2","28","완료","육안 미관찰","추가 교반 없음","30","DEMO-V01","DEMO 회전식 점도계","DEMO-S1","DEMO-600","400","표시 준수","유효 기록 확인","적합 기록 확인","완료","완료","60","60","47","1750","mPa·s","합성 데이터; 물성 예측 아님; seed=20261002"
"PA-170","PA-170-M4","PA-170-S4","4","2026-09-08T02:04:00Z","POLY-A","DEMO-P1 (가상)","정제수 (가상 기록)","10","990","1","45","300","20","물 → 고분자, 가상 절차","육안 덩어리 미관찰","육안; 위치별 농도 분석 미실시","23","2","28","완료","육안 미관찰","추가 교반 없음","30","DEMO-V01","DEMO 회전식 점도계","DEMO-S1","DEMO-600","400","표시 준수","유효 기록 확인","적합 기록 확인","완료","완료","60","60","55","1750","cP","합성 데이터; 물성 예측 아님; seed=20261002"
"PA-171","PA-171-M1","PA-171-S1","1","2026-09-08T03:01:00Z","POLY-A","DEMO-P1 (가상)","정제수 (가상 기록)","10","990","1","40","300","20","물 → 고분자, 가상 절차","육안 덩어리 미관찰","육안; 위치별 농도 분석 미실시","23","2","25","완료","육안 미관찰","추가 교반 없음","30","DEMO-V01","DEMO 회전식 점도계","DEMO-S1","DEMO-600","400","표시 준수","유효 기록 확인","적합 기록 확인","완료","완료","60","60","64","1303","mPa·s","합성 데이터; 물성 예측 아님; seed=20261002"
"PA-171","PA-171-M2","PA-171-S2","2","2026-09-08T03:02:00Z","POLY-A","DEMO-P1 (가상)","정제수 (가상 기록)","10","990","1","40","300","20","물 → 고분자, 가상 절차","육안 덩어리 미관찰","육안; 위치별 농도 분석 미실시","23","2","25","완료","육안 미관찰","추가 교반 없음","30","DEMO-V01","DEMO 회전식 점도계","DEMO-S1","DEMO-600","400","표시 준수","유효 기록 확인","적합 기록 확인","완료","완료","60","60","48","1288","mPa·s","합성 데이터; 물성 예측 아님; seed=20261002"
"PA-171","PA-171-M3","PA-171-S3","3","2026-09-08T03:03:00Z","POLY-A","DEMO-P1 (가상)","정제수 (가상 기록)","10","990","1","40","300","20","물 → 고분자, 가상 절차","육안 덩어리 미관찰","육안; 위치별 농도 분석 미실시","23","2","25","완료","육안 미관찰","추가 교반 없음","30","DEMO-V01","DEMO 회전식 점도계","DEMO-S1","DEMO-600","400","표시 준수","유효 기록 확인","적합 기록 확인","완료","완료","60","60","58","1302","mPa·s","합성 데이터; 물성 예측 아님; seed=20261002"
"PA-171","PA-171-M4","PA-171-S4","4","2026-09-08T03:04:00Z","POLY-A","DEMO-P1 (가상)","정제수 (가상 기록)","10","990","1","40","300","20","물 → 고분자, 가상 절차","육안 덩어리 미관찰","육안; 위치별 농도 분석 미실시","23","2","25","완료","육안 미관찰","추가 교반 없음","30","DEMO-V01","DEMO 회전식 점도계","DEMO-S1","DEMO-600","400","표시 준수","유효 기록 확인","적합 기록 확인","완료","완료","60","60","51","1291","cP","합성 데이터; 물성 예측 아님; seed=20261002"
"PA-172","PA-172-M1","PA-172-S1","1","2026-09-08T04:01:00Z","POLY-A","DEMO-P1 (가상)","정제수 (가상 기록)","10","990","1","40","300","20","물 → 고분자, 가상 절차","육안 덩어리 미관찰","육안; 위치별 농도 분석 미실시","23","2","25","완료","육안 미관찰","추가 교반 없음","30","DEMO-V01","DEMO 회전식 점도계","DEMO-S1","DEMO-600","400","표시 준수","유효 기록 확인","적합 기록 확인","완료","완료","60","60","51","1303","mPa·s","합성 데이터; 물성 예측 아님; seed=20261002"
"PA-172","PA-172-M2","PA-172-S2","2","2026-09-08T04:02:00Z","POLY-A","DEMO-P1 (가상)","정제수 (가상 기록)","10","990","1","40","300","20","물 → 고분자, 가상 절차","육안 덩어리 미관찰","육안; 위치별 농도 분석 미실시","23","2","25","완료","육안 미관찰","추가 교반 없음","30","DEMO-V01","DEMO 회전식 점도계","DEMO-S1","DEMO-600","400","표시 준수","유효 기록 확인","적합 기록 확인","완료","완료","60","60","61","1267","mPa·s","합성 데이터; 물성 예측 아님; seed=20261002"
"PA-172","PA-172-M3","PA-172-S3","3","2026-09-08T04:03:00Z","POLY-A","DEMO-P1 (가상)","정제수 (가상 기록)","10","990","1","40","300","20","물 → 고분자, 가상 절차","육안 덩어리 미관찰","육안; 위치별 농도 분석 미실시","23","2","25","완료","육안 미관찰","추가 교반 없음","30","DEMO-V01","DEMO 회전식 점도계","DEMO-S1","DEMO-600","400","표시 준수","유효 기록 확인","적합 기록 확인","완료","완료","60","60","46","1267","mPa·s","합성 데이터; 물성 예측 아님; seed=20261002"
"PA-172","PA-172-M4","PA-172-S4","4","2026-09-08T04:04:00Z","POLY-A","DEMO-P1 (가상)","정제수 (가상 기록)","10","990","1","40","300","20","물 → 고분자, 가상 절차","육안 덩어리 미관찰","육안; 위치별 농도 분석 미실시","23","2","25","완료","육안 미관찰","추가 교반 없음","30","DEMO-V01","DEMO 회전식 점도계","DEMO-S1","DEMO-600","400","표시 준수","유효 기록 확인","적합 기록 확인","완료","완료","60","60","47","1297","cP","합성 데이터; 물성 예측 아님; seed=20261002"
"PA-173","PA-173-M1","PA-173-S1","1","2026-09-08T05:01:00Z","POLY-A","DEMO-P1 (가상)","정제수 (가상 기록)","10","990","1","40","300","20","물 → 고분자, 가상 절차","육안 덩어리 미관찰","육안; 위치별 농도 분석 미실시","23","2","25","완료","육안 미관찰","추가 교반 없음","30","DEMO-V01","DEMO 회전식 점도계","DEMO-S1","DEMO-600","400","표시 준수","유효 기록 확인","적합 기록 확인","완료","완료","60","60","48","1198","mPa·s","합성 데이터; 물성 예측 아님; seed=20261002"
"PA-173","PA-173-M2","PA-173-S2","2","2026-09-08T05:02:00Z","POLY-A","DEMO-P1 (가상)","정제수 (가상 기록)","10","990","1","40","300","20","물 → 고분자, 가상 절차","육안 덩어리 미관찰","육안; 위치별 농도 분석 미실시","23","2","25","완료","육안 미관찰","추가 교반 없음","30","DEMO-V01","DEMO 회전식 점도계","DEMO-S1","DEMO-600","400","표시 준수","유효 기록 확인","적합 기록 확인","완료","완료","60","60","63","1209","mPa·s","합성 데이터; 물성 예측 아님; seed=20261002"
"PA-173","PA-173-M3","PA-173-S3","3","2026-09-08T05:03:00Z","POLY-A","DEMO-P1 (가상)","정제수 (가상 기록)","10","990","1","40","300","20","물 → 고분자, 가상 절차","육안 덩어리 미관찰","육안; 위치별 농도 분석 미실시","23","2","25","완료","육안 미관찰","추가 교반 없음","30","DEMO-V01","DEMO 회전식 점도계","DEMO-S1","DEMO-600","400","표시 준수","유효 기록 확인","적합 기록 확인","완료","완료","60","60","58","1204","mPa·s","합성 데이터; 물성 예측 아님; seed=20261002"
"PA-173","PA-173-M4","PA-173-S4","4","2026-09-08T05:04:00Z","POLY-A","DEMO-P1 (가상)","정제수 (가상 기록)","10","990","1","40","300","20","물 → 고분자, 가상 절차","육안 덩어리 미관찰","육안; 위치별 농도 분석 미실시","23","2","25","완료","육안 미관찰","추가 교반 없음","30","DEMO-V01","DEMO 회전식 점도계","DEMO-S1","DEMO-600","400","표시 준수","유효 기록 확인","적합 기록 확인","완료","완료","60","60","53","1212","cP","합성 데이터; 물성 예측 아님; seed=20261002"
"PA-174","PA-174-M1","PA-174-S1","1","2026-09-08T06:01:00Z","POLY-A","DEMO-P1 (가상)","정제수 (가상 기록)","10","990","1","40","300","20","물 → 고분자, 가상 절차","육안 덩어리 미관찰","육안; 위치별 농도 분석 미실시","23","2","25","완료","육안 미관찰","추가 교반 없음","30","DEMO-V01","DEMO 회전식 점도계","DEMO-S1","DEMO-600","400","표시 준수","유효 기록 확인","적합 기록 확인","완료","완료","60","60","51","1241","mPa·s","합성 데이터; 물성 예측 아님; seed=20261002"
"PA-174","PA-174-M2","PA-174-S2","2","2026-09-08T06:02:00Z","POLY-A","DEMO-P1 (가상)","정제수 (가상 기록)","10","990","1","40","300","20","물 → 고분자, 가상 절차","육안 덩어리 미관찰","육안; 위치별 농도 분석 미실시","23","2","25","완료","육안 미관찰","추가 교반 없음","30","DEMO-V01","DEMO 회전식 점도계","DEMO-S1","DEMO-600","400","표시 준수","유효 기록 확인","적합 기록 확인","완료","완료","60","60","56","1261","mPa·s","합성 데이터; 물성 예측 아님; seed=20261002"
"PA-174","PA-174-M3","PA-174-S3","3","2026-09-08T06:03:00Z","POLY-A","DEMO-P1 (가상)","정제수 (가상 기록)","10","990","1","40","300","20","물 → 고분자, 가상 절차","육안 덩어리 미관찰","육안; 위치별 농도 분석 미실시","23","2","25","완료","육안 미관찰","추가 교반 없음","30","DEMO-V01","DEMO 회전식 점도계","DEMO-S1","DEMO-600","400","표시 준수","유효 기록 확인","적합 기록 확인","완료","완료","60","60","54","1247","mPa·s","합성 데이터; 물성 예측 아님; seed=20261002"
"PA-174","PA-174-M4","PA-174-S4","4","2026-09-08T06:04:00Z","POLY-A","DEMO-P1 (가상)","정제수 (가상 기록)","10","990","1","40","300","20","물 → 고분자, 가상 절차","육안 덩어리 미관찰","육안; 위치별 농도 분석 미실시","23","2","25","완료","육안 미관찰","추가 교반 없음","30","DEMO-V01","DEMO 회전식 점도계","DEMO-S1","DEMO-600","400","표시 준수","유효 기록 확인","적합 기록 확인","완료","완료","60","60","62","1251","cP","합성 데이터; 물성 예측 아님; seed=20261002"
"PA-175","PA-175-M1","PA-175-S1","1","2026-09-08T07:01:00Z","POLY-A","DEMO-P1 (가상)","정제수 (가상 기록)","10","990","1","45","300","20","물 → 고분자, 가상 절차","육안 덩어리 미관찰","육안; 위치별 농도 분석 미실시","23","2","25","완료","육안 미관찰","추가 교반 없음","30","DEMO-V01","DEMO 회전식 점도계","DEMO-S1","DEMO-600","400","표시 준수","유효 기록 확인","적합 기록 확인","완료","완료","60","60","48","1157","mPa·s","합성 데이터; 물성 예측 아님; seed=20261002"
"PA-175","PA-175-M2","PA-175-S2","2","2026-09-08T07:02:00Z","POLY-A","DEMO-P1 (가상)","정제수 (가상 기록)","10","990","1","45","300","20","물 → 고분자, 가상 절차","육안 덩어리 미관찰","육안; 위치별 농도 분석 미실시","23","2","25","완료","육안 미관찰","추가 교반 없음","30","DEMO-V01","DEMO 회전식 점도계","DEMO-S1","DEMO-600","400","표시 준수","유효 기록 확인","적합 기록 확인","완료","완료","60","60","60","1162","mPa·s","합성 데이터; 물성 예측 아님; seed=20261002"
"PA-175","PA-175-M3","PA-175-S3","3","2026-09-08T07:03:00Z","POLY-A","DEMO-P1 (가상)","정제수 (가상 기록)","10","990","1","45","300","20","물 → 고분자, 가상 절차","육안 덩어리 미관찰","육안; 위치별 농도 분석 미실시","23","2","25","완료","육안 미관찰","추가 교반 없음","30","DEMO-V01","DEMO 회전식 점도계","DEMO-S1","DEMO-600","400","표시 준수","유효 기록 확인","적합 기록 확인","완료","완료","60","60","64","1170","mPa·s","합성 데이터; 물성 예측 아님; seed=20261002"
"PA-175","PA-175-M4","PA-175-S4","4","2026-09-08T07:04:00Z","POLY-A","DEMO-P1 (가상)","정제수 (가상 기록)","10","990","1","45","300","20","물 → 고분자, 가상 절차","육안 덩어리 미관찰","육안; 위치별 농도 분석 미실시","23","2","25","완료","육안 미관찰","추가 교반 없음","30","DEMO-V01","DEMO 회전식 점도계","DEMO-S1","DEMO-600","400","표시 준수","유효 기록 확인","적합 기록 확인","완료","완료","60","60","63","1181","cP","합성 데이터; 물성 예측 아님; seed=20261002"
"PA-176","PA-176-M1","PA-176-S1","1","2026-09-08T08:01:00Z","POLY-A","DEMO-P1 (가상)","정제수 (가상 기록)","10","990","1","40","300","20","물 → 고분자, 가상 절차","육안 덩어리 미관찰","육안; 위치별 농도 분석 미실시","23","2","28","완료","육안 미관찰","추가 교반 없음","30","DEMO-V01","DEMO 회전식 점도계","DEMO-S1","DEMO-600","400","표시 준수","유효 기록 확인","적합 기록 확인","완료","완료","60","60","52","1165","mPa·s","합성 데이터; 물성 예측 아님; seed=20261002"
"PA-176","PA-176-M2","PA-176-S2","2","2026-09-08T08:02:00Z","POLY-A","DEMO-P1 (가상)","정제수 (가상 기록)","10","990","1","40","300","20","물 → 고분자, 가상 절차","육안 덩어리 미관찰","육안; 위치별 농도 분석 미실시","23","2","25","완료","육안 미관찰","추가 교반 없음","30","DEMO-V01","DEMO 회전식 점도계","DEMO-S1","DEMO-600","400","표시 준수","유효 기록 확인","적합 기록 확인","완료","완료","30","60","62","1166","mPa·s","합성 데이터; 물성 예측 아님; seed=20261002"
"PA-176","PA-176-M3","PA-176-S3","3","2026-09-08T08:03:00Z","POLY-A","DEMO-P1 (가상)","정제수 (가상 기록)","10","990","1","40","300","20","물 → 고분자, 가상 절차","육안 덩어리 미관찰","육안; 위치별 농도 분석 미실시","23","2","25","완료","육안 미관찰","추가 교반 없음","30","DEMO-V01","DEMO 회전식 점도계","DEMO-S2","DEMO-600","400","표시 준수","유효 기록 확인","적합 기록 확인","완료","완료","60","60","56","1160","mPa·s","합성 데이터; 물성 예측 아님; seed=20261002"
"PA-176","PA-176-M4","PA-176-S4","4","2026-09-08T08:04:00Z","POLY-A","DEMO-P1 (가상)","정제수 (가상 기록)","10","990","1","40","300","20","물 → 고분자, 가상 절차","육안 덩어리 미관찰","육안; 위치별 농도 분석 미실시","23","2","25","완료","육안 미관찰","추가 교반 없음","30","DEMO-V01","DEMO 회전식 점도계","DEMO-S1","DEMO-600","400","표시 준수","유효 기록 확인","적합 기록 확인","완료","완료","60","20","45","1164","cP","합성 데이터; 물성 예측 아님; seed=20261002"
"PA-177","PA-177-M1","PA-177-S1","1","2026-09-08T09:01:00Z","POLY-A","DEMO-P1 (가상)","정제수 (가상 기록)","10","990","1","40","300","20","물 → 고분자, 가상 절차","육안 덩어리 미관찰","육안; 위치별 농도 분석 미실시","23","2","","완료","육안 미관찰","추가 교반 없음","30","DEMO-V01","DEMO 회전식 점도계","DEMO-S1","DEMO-600","400","표시 준수","유효 기록 확인","적합 기록 확인","완료","완료","60","60","51","1260","mPa·s","합성 데이터; 물성 예측 아님; seed=20261002"
"PA-177","PA-177-M2","PA-177-S2","2","2026-09-08T09:02:00Z","POLY-A","DEMO-P1 (가상)","정제수 (가상 기록)","10","990","1","40","300","20","물 → 고분자, 가상 절차","육안 덩어리 미관찰","육안; 위치별 농도 분석 미실시","23","2","25","완료","육안 미관찰","추가 교반 없음","30","DEMO-V01","DEMO 회전식 점도계","DEMO-S1","DEMO-600","400","표시 준수","유효 기록 확인","적합 기록 확인","완료","완료","","60","55","1250","mPa·s","합성 데이터; 물성 예측 아님; seed=20261002"
"PA-177","PA-177-M3","PA-177-S3","3","2026-09-08T09:03:00Z","POLY-A","DEMO-P1 (가상)","정제수 (가상 기록)","10","990","1","40","300","20","물 → 고분자, 가상 절차","육안 덩어리 미관찰","육안; 위치별 농도 분석 미실시","23","2","25","완료","육안 미관찰","추가 교반 없음","30","DEMO-V01","DEMO 회전식 점도계","DEMO-S1","DEMO-600","400","표시 준수","유효 기록 확인","적합 기록 확인","완료","완료","60","60","60","","mPa·s","합성 데이터; 물성 예측 아님; seed=20261002"
"PA-177","PA-177-M4","PA-177-S4","4","2026-09-08T09:04:00Z","POLY-A","DEMO-P1 (가상)","정제수 (가상 기록)","10","990","1","40","300","20","물 → 고분자, 가상 절차","육안 덩어리 미관찰","육안; 위치별 농도 분석 미실시","23","2","25","","육안 미관찰","추가 교반 없음","30","DEMO-V01","DEMO 회전식 점도계","DEMO-S1","DEMO-600","400","표시 준수","유효 기록 확인","적합 기록 확인","완료","완료","60","60","60","1254","cP","합성 데이터; 물성 예측 아님; seed=20261002"
"PA-178","PA-178-M1","PA-178-S1","1","2026-09-08T10:01:00Z","POLY-A","DEMO-P1 (가상)","정제수 (가상 기록)","10","990","1","40","300","20","물 → 고분자, 가상 절차","육안 덩어리 미관찰","육안; 위치별 농도 분석 미실시","23","2","25","완료","육안 미관찰","추가 교반 없음","30","DEMO-V01","DEMO 회전식 점도계","DEMO-S1","DEMO-600","400","표시 준수","유효 기록 확인","적합 기록 확인","완료","완료","60","60","62","850","mPa·s","합성 데이터; 물성 예측 아님; seed=20261002"
"PA-178","PA-178-M2","PA-178-S2","2","2026-09-08T10:02:00Z","POLY-A","DEMO-P1 (가상)","정제수 (가상 기록)","10","990","1","40","300","20","물 → 고분자, 가상 절차","육안 덩어리 미관찰","육안; 위치별 농도 분석 미실시","23","2","25","완료","육안 미관찰","추가 교반 없음","30","DEMO-V01","DEMO 회전식 점도계","DEMO-S1","DEMO-600","400","표시 준수","유효 기록 확인","적합 기록 확인","완료","완료","60","60","61","1680","mPa·s","합성 데이터; 물성 예측 아님; seed=20261002"
"PA-178","PA-178-M3","PA-178-S3","3","2026-09-08T10:03:00Z","POLY-A","DEMO-P1 (가상)","정제수 (가상 기록)","10","990","1","40","300","20","물 → 고분자, 가상 절차","육안 덩어리 미관찰","육안; 위치별 농도 분석 미실시","23","2","25","완료","육안 미관찰","추가 교반 없음","30","DEMO-V01","DEMO 회전식 점도계","DEMO-S1","DEMO-600","400","표시 준수","유효 기록 확인","적합 기록 확인","완료","완료","60","60","57","850","mPa·s","합성 데이터; 물성 예측 아님; seed=20261002"
"PA-178","PA-178-M4","PA-178-S4","4","2026-09-08T10:04:00Z","POLY-A","DEMO-P1 (가상)","정제수 (가상 기록)","10","990","1","40","300","20","물 → 고분자, 가상 절차","육안 덩어리 미관찰","육안; 위치별 농도 분석 미실시","23","2","25","완료","육안 미관찰","추가 교반 없음","30","DEMO-V01","DEMO 회전식 점도계","DEMO-S1","DEMO-600","400","표시 준수","유효 기록 확인","적합 기록 확인","완료","완료","60","60","50","1680","cP","합성 데이터; 물성 예측 아님; seed=20261002"
"PA-179","PA-179-M1","PA-179-S1","1","2026-09-08T11:01:00Z","POLY-A","DEMO-P1 (가상)","정제수 (가상 기록)","10","990","1","40","300","20","물 → 고분자, 가상 절차","육안 덩어리 미관찰","육안; 위치별 농도 분석 미실시","23","2","25","완료","관찰됨","추가 교반 없음","30","DEMO-V01","DEMO 회전식 점도계","DEMO-S1","DEMO-600","400","표시 준수","유효 기록 확인","적합 기록 확인","완료","완료","60","60","60","1153","mPa·s","합성 데이터; 물성 예측 아님; seed=20261002"
"PA-179","PA-179-M2","PA-179-S2","2","2026-09-08T11:02:00Z","POLY-A","DEMO-P1 (가상)","정제수 (가상 기록)","10","990","1","40","300","20","물 → 고분자, 가상 절차","육안 덩어리 미관찰","육안; 위치별 농도 분석 미실시","23","2","25","미확인","육안 미관찰","추가 교반 없음","30","DEMO-V01","DEMO 회전식 점도계","DEMO-S1","DEMO-600","400","표시 준수","유효 기록 확인","적합 기록 확인","완료","완료","60","60","48","1155","mPa·s","합성 데이터; 물성 예측 아님; seed=20261002"
"PA-179","PA-179-M3","PA-179-S3","3","2026-09-08T11:03:00Z","POLY-A","DEMO-P1 (가상)","정제수 (가상 기록)","10","990","1","40","300","20","물 → 고분자, 가상 절차","육안 덩어리 미관찰","육안; 위치별 농도 분석 미실시","23","2","25","완료","육안 미관찰","추가 교반 없음","30","DEMO-V01","DEMO 회전식 점도계","DEMO-S1","DEMO-600","400","미준수","유효 기록 확인","적합 기록 확인","완료","완료","60","60","59","1166","mPa·s","합성 데이터; 물성 예측 아님; seed=20261002"
"PA-179","PA-179-M4","PA-179-S4","4","2026-09-08T11:04:00Z","POLY-A","DEMO-P1 (가상)","정제수 (가상 기록)","10","990","1","40","300","20","물 → 고분자, 가상 절차","육안 덩어리 미관찰","육안; 위치별 농도 분석 미실시","23","2","25","완료","육안 미관찰","추가 교반 없음","30","DEMO-V01","DEMO 회전식 점도계","DEMO-S1","DEMO-600","400","표시 준수","유효 기록 확인","적합 기록 확인","완료","완료","60","60","5","1181","cP","합성 데이터; 물성 예측 아님; seed=20261002"
"PA-180","PA-180-M1","PA-180-S1","1","2026-09-08T12:01:00Z","POLY-A","DEMO-P1 (가상)","정제수 (가상 기록)","10","990","1","45","300","20","물 → 고분자, 가상 절차","육안 덩어리 미관찰","육안; 위치별 농도 분석 미실시","23","2","28","완료","육안 미관찰","추가 교반 없음","30","DEMO-V01","DEMO 회전식 점도계","DEMO-S1","DEMO-600","400","표시 준수","유효 기록 확인","적합 기록 확인","완료","완료","60","60","55","1750","mPa·s","합성 데이터; 물성 예측 아님; seed=20261002"
"PA-180","PA-180-M2","PA-180-S2","2","2026-09-08T12:02:00Z","POLY-A","DEMO-P1 (가상)","정제수 (가상 기록)","10","990","1","45","300","20","물 → 고분자, 가상 절차","육안 덩어리 미관찰","육안; 위치별 농도 분석 미실시","23","2","28","완료","육안 미관찰","추가 교반 없음","30","DEMO-V01","DEMO 회전식 점도계","DEMO-S1","DEMO-600","400","표시 준수","유효 기록 확인","적합 기록 확인","완료","완료","60","60","61","1750","mPa·s","합성 데이터; 물성 예측 아님; seed=20261002"
"PA-180","PA-180-M3","PA-180-S3","3","2026-09-08T12:03:00Z","POLY-A","DEMO-P1 (가상)","정제수 (가상 기록)","10","990","1","45","300","20","물 → 고분자, 가상 절차","육안 덩어리 미관찰","육안; 위치별 농도 분석 미실시","23","2","28","완료","육안 미관찰","추가 교반 없음","30","DEMO-V01","DEMO 회전식 점도계","DEMO-S1","DEMO-600","400","표시 준수","유효 기록 확인","적합 기록 확인","완료","완료","60","60","53","1750","mPa·s","합성 데이터; 물성 예측 아님; seed=20261002"
"PA-180","PA-180-M4","PA-180-S4","4","2026-09-08T12:04:00Z","POLY-A","DEMO-P1 (가상)","정제수 (가상 기록)","10","990","1","45","300","20","물 → 고분자, 가상 절차","육안 덩어리 미관찰","육안; 위치별 농도 분석 미실시","23","2","28","완료","육안 미관찰","추가 교반 없음","30","DEMO-V01","DEMO 회전식 점도계","DEMO-S1","DEMO-600","400","표시 준수","유효 기록 확인","적합 기록 확인","완료","완료","60","60","63","1750","cP","합성 데이터; 물성 예측 아님; seed=20261002"
"PA-181","PA-181-M1","PA-181-S1","1","2026-09-08T13:01:00Z","POLY-A","DEMO-P1 (가상)","정제수 (가상 기록)","10","990","1","40","300","20","물 → 고분자, 가상 절차","육안 덩어리 미관찰","육안; 위치별 농도 분석 미실시","23","2","25","완료","육안 미관찰","추가 교반 없음","30","DEMO-V01","DEMO 회전식 점도계","DEMO-S1","DEMO-600","400","표시 준수","유효 기록 확인","적합 기록 확인","완료","완료","60","60","53","1157","mPa·s","합성 데이터; 물성 예측 아님; seed=20261002"
"PA-181","PA-181-M2","PA-181-S2","2","2026-09-08T13:02:00Z","POLY-A","DEMO-P1 (가상)","정제수 (가상 기록)","10","990","1","40","300","20","물 → 고분자, 가상 절차","육안 덩어리 미관찰","육안; 위치별 농도 분석 미실시","23","2","25","완료","육안 미관찰","추가 교반 없음","30","DEMO-V01","DEMO 회전식 점도계","DEMO-S1","DEMO-600","400","표시 준수","유효 기록 확인","적합 기록 확인","완료","완료","60","60","46","1151","mPa·s","합성 데이터; 물성 예측 아님; seed=20261002"
"PA-181","PA-181-M3","PA-181-S3","3","2026-09-08T13:03:00Z","POLY-A","DEMO-P1 (가상)","정제수 (가상 기록)","10","990","1","40","300","20","물 → 고분자, 가상 절차","육안 덩어리 미관찰","육안; 위치별 농도 분석 미실시","23","2","25","완료","육안 미관찰","추가 교반 없음","30","DEMO-V01","DEMO 회전식 점도계","DEMO-S1","DEMO-600","400","표시 준수","유효 기록 확인","적합 기록 확인","완료","완료","60","60","52","1156","mPa·s","합성 데이터; 물성 예측 아님; seed=20261002"
"PA-181","PA-181-M4","PA-181-S4","4","2026-09-08T13:04:00Z","POLY-A","DEMO-P1 (가상)","정제수 (가상 기록)","10","990","1","40","300","20","물 → 고분자, 가상 절차","육안 덩어리 미관찰","육안; 위치별 농도 분석 미실시","23","2","25","완료","육안 미관찰","추가 교반 없음","30","DEMO-V01","DEMO 회전식 점도계","DEMO-S1","DEMO-600","400","표시 준수","유효 기록 확인","적합 기록 확인","완료","완료","60","60","51","1158","cP","합성 데이터; 물성 예측 아님; seed=20261002"
"PA-182","PA-182-M1","PA-182-S1","1","2026-09-08T14:01:00Z","POLY-A","DEMO-P1 (가상)","정제수 (가상 기록)","10","990","1","40","300","20","물 → 고분자, 가상 절차","육안 덩어리 미관찰","육안; 위치별 농도 분석 미실시","23","2","25","완료","육안 미관찰","추가 교반 없음","30","DEMO-V01","DEMO 회전식 점도계","DEMO-S1","DEMO-600","400","표시 준수","유효 기록 확인","적합 기록 확인","완료","완료","60","60","63","1270","mPa·s","합성 데이터; 물성 예측 아님; seed=20261002"
"PA-182","PA-182-M2","PA-182-S2","2","2026-09-08T14:02:00Z","POLY-A","DEMO-P1 (가상)","정제수 (가상 기록)","10","990","1","40","300","20","물 → 고분자, 가상 절차","육안 덩어리 미관찰","육안; 위치별 농도 분석 미실시","23","2","25","완료","육안 미관찰","추가 교반 없음","30","DEMO-V01","DEMO 회전식 점도계","DEMO-S1","DEMO-600","400","표시 준수","유효 기록 확인","적합 기록 확인","완료","완료","60","60","52","1279","mPa·s","합성 데이터; 물성 예측 아님; seed=20261002"
"PA-182","PA-182-M3","PA-182-S3","3","2026-09-08T14:03:00Z","POLY-A","DEMO-P1 (가상)","정제수 (가상 기록)","10","990","1","40","300","20","물 → 고분자, 가상 절차","육안 덩어리 미관찰","육안; 위치별 농도 분석 미실시","23","2","25","완료","육안 미관찰","추가 교반 없음","30","DEMO-V01","DEMO 회전식 점도계","DEMO-S1","DEMO-600","400","표시 준수","유효 기록 확인","적합 기록 확인","완료","완료","60","60","51","1284","mPa·s","합성 데이터; 물성 예측 아님; seed=20261002"
"PA-182","PA-182-M4","PA-182-S4","4","2026-09-08T14:04:00Z","POLY-A","DEMO-P1 (가상)","정제수 (가상 기록)","10","990","1","40","300","20","물 → 고분자, 가상 절차","육안 덩어리 미관찰","육안; 위치별 농도 분석 미실시","23","2","25","완료","육안 미관찰","추가 교반 없음","30","DEMO-V01","DEMO 회전식 점도계","DEMO-S1","DEMO-600","400","표시 준수","유효 기록 확인","적합 기록 확인","완료","완료","60","60","52","1282","cP","합성 데이터; 물성 예측 아님; seed=20261002"
"PA-183","PA-183-M1","PA-183-S1","1","2026-09-08T15:01:00Z","POLY-A","DEMO-P1 (가상)","정제수 (가상 기록)","10","990","1","40","300","20","물 → 고분자, 가상 절차","육안 덩어리 미관찰","육안; 위치별 농도 분석 미실시","23","2","25","완료","육안 미관찰","추가 교반 없음","30","DEMO-V01","DEMO 회전식 점도계","DEMO-S1","DEMO-600","400","표시 준수","유효 기록 확인","적합 기록 확인","완료","완료","60","60","49","1159","mPa·s","합성 데이터; 물성 예측 아님; seed=20261002"
"PA-183","PA-183-M2","PA-183-S2","2","2026-09-08T15:02:00Z","POLY-A","DEMO-P1 (가상)","정제수 (가상 기록)","10","990","1","40","300","20","물 → 고분자, 가상 절차","육안 덩어리 미관찰","육안; 위치별 농도 분석 미실시","23","2","25","완료","육안 미관찰","추가 교반 없음","30","DEMO-V01","DEMO 회전식 점도계","DEMO-S1","DEMO-600","400","표시 준수","유효 기록 확인","적합 기록 확인","완료","완료","60","60","65","1173","mPa·s","합성 데이터; 물성 예측 아님; seed=20261002"
"PA-183","PA-183-M3","PA-183-S3","3","2026-09-08T15:03:00Z","POLY-A","DEMO-P1 (가상)","정제수 (가상 기록)","10","990","1","40","300","20","물 → 고분자, 가상 절차","육안 덩어리 미관찰","육안; 위치별 농도 분석 미실시","23","2","25","완료","육안 미관찰","추가 교반 없음","30","DEMO-V01","DEMO 회전식 점도계","DEMO-S1","DEMO-600","400","표시 준수","유효 기록 확인","적합 기록 확인","완료","완료","60","60","51","1160","mPa·s","합성 데이터; 물성 예측 아님; seed=20261002"
"PA-183","PA-183-M4","PA-183-S4","4","2026-09-08T15:04:00Z","POLY-A","DEMO-P1 (가상)","정제수 (가상 기록)","10","990","1","40","300","20","물 → 고분자, 가상 절차","육안 덩어리 미관찰","육안; 위치별 농도 분석 미실시","23","2","25","완료","육안 미관찰","추가 교반 없음","30","DEMO-V01","DEMO 회전식 점도계","DEMO-S1","DEMO-600","400","표시 준수","유효 기록 확인","적합 기록 확인","완료","완료","60","60","49","1158","cP","합성 데이터; 물성 예측 아님; seed=20261002"
"PA-184","PA-184-M1","PA-184-S1","1","2026-09-08T16:01:00Z","POLY-A","DEMO-P1 (가상)","정제수 (가상 기록)","10","990","1","40","300","20","물 → 고분자, 가상 절차","육안 덩어리 미관찰","육안; 위치별 농도 분석 미실시","23","2","25","완료","육안 미관찰","추가 교반 없음","30","DEMO-V01","DEMO 회전식 점도계","DEMO-S1","DEMO-600","400","표시 준수","유효 기록 확인","적합 기록 확인","완료","완료","60","60","51","1167","mPa·s","합성 데이터; 물성 예측 아님; seed=20261002"
"PA-184","PA-184-M2","PA-184-S2","2","2026-09-08T16:02:00Z","POLY-A","DEMO-P1 (가상)","정제수 (가상 기록)","10","990","1","40","300","20","물 → 고분자, 가상 절차","육안 덩어리 미관찰","육안; 위치별 농도 분석 미실시","23","2","25","완료","육안 미관찰","추가 교반 없음","30","DEMO-V01","DEMO 회전식 점도계","DEMO-S1","DEMO-600","400","표시 준수","유효 기록 확인","적합 기록 확인","완료","완료","60","60","60","1142","mPa·s","합성 데이터; 물성 예측 아님; seed=20261002"
"PA-184","PA-184-M3","PA-184-S3","3","2026-09-08T16:03:00Z","POLY-A","DEMO-P1 (가상)","정제수 (가상 기록)","10","990","1","40","300","20","물 → 고분자, 가상 절차","육안 덩어리 미관찰","육안; 위치별 농도 분석 미실시","23","2","25","완료","육안 미관찰","추가 교반 없음","30","DEMO-V01","DEMO 회전식 점도계","DEMO-S1","DEMO-600","400","표시 준수","유효 기록 확인","적합 기록 확인","완료","완료","60","60","57","1153","mPa·s","합성 데이터; 물성 예측 아님; seed=20261002"
"PA-184","PA-184-M4","PA-184-S4","4","2026-09-08T16:04:00Z","POLY-A","DEMO-P1 (가상)","정제수 (가상 기록)","10","990","1","40","300","20","물 → 고분자, 가상 절차","육안 덩어리 미관찰","육안; 위치별 농도 분석 미실시","23","2","25","완료","육안 미관찰","추가 교반 없음","30","DEMO-V01","DEMO 회전식 점도계","DEMO-S1","DEMO-600","400","표시 준수","유효 기록 확인","적합 기록 확인","완료","완료","60","60","60","1161","cP","합성 데이터; 물성 예측 아님; seed=20261002"
"PA-185","PA-185-M1","PA-185-S1","1","2026-09-08T17:01:00Z","POLY-A","DEMO-P1 (가상)","정제수 (가상 기록)","10","990","1","45","300","20","물 → 고분자, 가상 절차","육안 덩어리 미관찰","육안; 위치별 농도 분석 미실시","23","2","25","완료","육안 미관찰","추가 교반 없음","30","DEMO-V01","DEMO 회전식 점도계","DEMO-S1","DEMO-600","400","표시 준수","유효 기록 확인","적합 기록 확인","완료","완료","60","60","60","1258","mPa·s","합성 데이터; 물성 예측 아님; seed=20261002"
"PA-185","PA-185-M2","PA-185-S2","2","2026-09-08T17:02:00Z","POLY-A","DEMO-P1 (가상)","정제수 (가상 기록)","10","990","1","45","300","20","물 → 고분자, 가상 절차","육안 덩어리 미관찰","육안; 위치별 농도 분석 미실시","23","2","25","완료","육안 미관찰","추가 교반 없음","30","DEMO-V01","DEMO 회전식 점도계","DEMO-S1","DEMO-600","400","표시 준수","유효 기록 확인","적합 기록 확인","완료","완료","60","60","61","1251","mPa·s","합성 데이터; 물성 예측 아님; seed=20261002"
"PA-185","PA-185-M3","PA-185-S3","3","2026-09-08T17:03:00Z","POLY-A","DEMO-P1 (가상)","정제수 (가상 기록)","10","990","1","45","300","20","물 → 고분자, 가상 절차","육안 덩어리 미관찰","육안; 위치별 농도 분석 미실시","23","2","25","완료","육안 미관찰","추가 교반 없음","30","DEMO-V01","DEMO 회전식 점도계","DEMO-S1","DEMO-600","400","표시 준수","유효 기록 확인","적합 기록 확인","완료","완료","60","60","64","1268","mPa·s","합성 데이터; 물성 예측 아님; seed=20261002"
"PA-185","PA-185-M4","PA-185-S4","4","2026-09-08T17:04:00Z","POLY-A","DEMO-P1 (가상)","정제수 (가상 기록)","10","990","1","45","300","20","물 → 고분자, 가상 절차","육안 덩어리 미관찰","육안; 위치별 농도 분석 미실시","23","2","25","완료","육안 미관찰","추가 교반 없음","30","DEMO-V01","DEMO 회전식 점도계","DEMO-S1","DEMO-600","400","표시 준수","유효 기록 확인","적합 기록 확인","완료","완료","60","60","51","1242","cP","합성 데이터; 물성 예측 아님; seed=20261002"
"PA-186","PA-186-M1","PA-186-S1","1","2026-09-08T18:01:00Z","POLY-A","DEMO-P1 (가상)","정제수 (가상 기록)","10","990","1","40","300","20","물 → 고분자, 가상 절차","육안 덩어리 미관찰","육안; 위치별 농도 분석 미실시","23","2","28","완료","육안 미관찰","추가 교반 없음","30","DEMO-V01","DEMO 회전식 점도계","DEMO-S1","DEMO-600","400","표시 준수","유효 기록 확인","적합 기록 확인","완료","완료","60","60","58","1119","mPa·s","합성 데이터; 물성 예측 아님; seed=20261002"
"PA-186","PA-186-M2","PA-186-S2","2","2026-09-08T18:02:00Z","POLY-A","DEMO-P1 (가상)","정제수 (가상 기록)","10","990","1","40","300","20","물 → 고분자, 가상 절차","육안 덩어리 미관찰","육안; 위치별 농도 분석 미실시","23","2","25","완료","육안 미관찰","추가 교반 없음","30","DEMO-V01","DEMO 회전식 점도계","DEMO-S1","DEMO-600","400","표시 준수","유효 기록 확인","적합 기록 확인","완료","완료","30","60","50","1128","mPa·s","합성 데이터; 물성 예측 아님; seed=20261002"
"PA-186","PA-186-M3","PA-186-S3","3","2026-09-08T18:03:00Z","POLY-A","DEMO-P1 (가상)","정제수 (가상 기록)","10","990","1","40","300","20","물 → 고분자, 가상 절차","육안 덩어리 미관찰","육안; 위치별 농도 분석 미실시","23","2","25","완료","육안 미관찰","추가 교반 없음","30","DEMO-V01","DEMO 회전식 점도계","DEMO-S2","DEMO-600","400","표시 준수","유효 기록 확인","적합 기록 확인","완료","완료","60","60","58","1145","mPa·s","합성 데이터; 물성 예측 아님; seed=20261002"
"PA-186","PA-186-M4","PA-186-S4","4","2026-09-08T18:04:00Z","POLY-A","DEMO-P1 (가상)","정제수 (가상 기록)","10","990","1","40","300","20","물 → 고분자, 가상 절차","육안 덩어리 미관찰","육안; 위치별 농도 분석 미실시","23","2","25","완료","육안 미관찰","추가 교반 없음","30","DEMO-V01","DEMO 회전식 점도계","DEMO-S1","DEMO-600","400","표시 준수","유효 기록 확인","적합 기록 확인","완료","완료","60","20","51","1113","cP","합성 데이터; 물성 예측 아님; seed=20261002"
"PA-187","PA-187-M1","PA-187-S1","1","2026-09-08T19:01:00Z","POLY-A","DEMO-P1 (가상)","정제수 (가상 기록)","10","990","1","40","300","20","물 → 고분자, 가상 절차","육안 덩어리 미관찰","육안; 위치별 농도 분석 미실시","23","2","","완료","육안 미관찰","추가 교반 없음","30","DEMO-V01","DEMO 회전식 점도계","DEMO-S1","DEMO-600","400","표시 준수","유효 기록 확인","적합 기록 확인","완료","완료","60","60","45","1302","mPa·s","합성 데이터; 물성 예측 아님; seed=20261002"
"PA-187","PA-187-M2","PA-187-S2","2","2026-09-08T19:02:00Z","POLY-A","DEMO-P1 (가상)","정제수 (가상 기록)","10","990","1","40","300","20","물 → 고분자, 가상 절차","육안 덩어리 미관찰","육안; 위치별 농도 분석 미실시","23","2","25","완료","육안 미관찰","추가 교반 없음","30","DEMO-V01","DEMO 회전식 점도계","DEMO-S1","DEMO-600","400","표시 준수","유효 기록 확인","적합 기록 확인","완료","완료","","60","60","1283","mPa·s","합성 데이터; 물성 예측 아님; seed=20261002"
"PA-187","PA-187-M3","PA-187-S3","3","2026-09-08T19:03:00Z","POLY-A","DEMO-P1 (가상)","정제수 (가상 기록)","10","990","1","40","300","20","물 → 고분자, 가상 절차","육안 덩어리 미관찰","육안; 위치별 농도 분석 미실시","23","2","25","완료","육안 미관찰","추가 교반 없음","30","DEMO-V01","DEMO 회전식 점도계","DEMO-S1","DEMO-600","400","표시 준수","유효 기록 확인","적합 기록 확인","완료","완료","60","60","49","","mPa·s","합성 데이터; 물성 예측 아님; seed=20261002"
"PA-187","PA-187-M4","PA-187-S4","4","2026-09-08T19:04:00Z","POLY-A","DEMO-P1 (가상)","정제수 (가상 기록)","10","990","1","40","300","20","물 → 고분자, 가상 절차","육안 덩어리 미관찰","육안; 위치별 농도 분석 미실시","23","2","25","","육안 미관찰","추가 교반 없음","30","DEMO-V01","DEMO 회전식 점도계","DEMO-S1","DEMO-600","400","표시 준수","유효 기록 확인","적합 기록 확인","완료","완료","60","60","47","1304","cP","합성 데이터; 물성 예측 아님; seed=20261002"
"PA-188","PA-188-M1","PA-188-S1","1","2026-09-08T20:01:00Z","POLY-A","DEMO-P1 (가상)","정제수 (가상 기록)","10","990","1","40","300","20","물 → 고분자, 가상 절차","육안 덩어리 미관찰","육안; 위치별 농도 분석 미실시","23","2","25","완료","육안 미관찰","추가 교반 없음","30","DEMO-V01","DEMO 회전식 점도계","DEMO-S1","DEMO-600","400","표시 준수","유효 기록 확인","적합 기록 확인","완료","완료","60","60","57","850","mPa·s","합성 데이터; 물성 예측 아님; seed=20261002"
"PA-188","PA-188-M2","PA-188-S2","2","2026-09-08T20:02:00Z","POLY-A","DEMO-P1 (가상)","정제수 (가상 기록)","10","990","1","40","300","20","물 → 고분자, 가상 절차","육안 덩어리 미관찰","육안; 위치별 농도 분석 미실시","23","2","25","완료","육안 미관찰","추가 교반 없음","30","DEMO-V01","DEMO 회전식 점도계","DEMO-S1","DEMO-600","400","표시 준수","유효 기록 확인","적합 기록 확인","완료","완료","60","60","65","1680","mPa·s","합성 데이터; 물성 예측 아님; seed=20261002"
"PA-188","PA-188-M3","PA-188-S3","3","2026-09-08T20:03:00Z","POLY-A","DEMO-P1 (가상)","정제수 (가상 기록)","10","990","1","40","300","20","물 → 고분자, 가상 절차","육안 덩어리 미관찰","육안; 위치별 농도 분석 미실시","23","2","25","완료","육안 미관찰","추가 교반 없음","30","DEMO-V01","DEMO 회전식 점도계","DEMO-S1","DEMO-600","400","표시 준수","유효 기록 확인","적합 기록 확인","완료","완료","60","60","45","850","mPa·s","합성 데이터; 물성 예측 아님; seed=20261002"
"PA-188","PA-188-M4","PA-188-S4","4","2026-09-08T20:04:00Z","POLY-A","DEMO-P1 (가상)","정제수 (가상 기록)","10","990","1","40","300","20","물 → 고분자, 가상 절차","육안 덩어리 미관찰","육안; 위치별 농도 분석 미실시","23","2","25","완료","육안 미관찰","추가 교반 없음","30","DEMO-V01","DEMO 회전식 점도계","DEMO-S1","DEMO-600","400","표시 준수","유효 기록 확인","적합 기록 확인","완료","완료","60","60","62","1680","cP","합성 데이터; 물성 예측 아님; seed=20261002"
"PA-189","PA-189-M1","PA-189-S1","1","2026-09-08T21:01:00Z","POLY-A","DEMO-P1 (가상)","정제수 (가상 기록)","10","990","1","40","300","20","물 → 고분자, 가상 절차","육안 덩어리 미관찰","육안; 위치별 농도 분석 미실시","23","2","25","완료","관찰됨","추가 교반 없음","30","DEMO-V01","DEMO 회전식 점도계","DEMO-S1","DEMO-600","400","표시 준수","유효 기록 확인","적합 기록 확인","완료","완료","60","60","60","1317","mPa·s","합성 데이터; 물성 예측 아님; seed=20261002"
"PA-189","PA-189-M2","PA-189-S2","2","2026-09-08T21:02:00Z","POLY-A","DEMO-P1 (가상)","정제수 (가상 기록)","10","990","1","40","300","20","물 → 고분자, 가상 절차","육안 덩어리 미관찰","육안; 위치별 농도 분석 미실시","23","2","25","미확인","육안 미관찰","추가 교반 없음","30","DEMO-V01","DEMO 회전식 점도계","DEMO-S1","DEMO-600","400","표시 준수","유효 기록 확인","적합 기록 확인","완료","완료","60","60","50","1320","mPa·s","합성 데이터; 물성 예측 아님; seed=20261002"
"PA-189","PA-189-M3","PA-189-S3","3","2026-09-08T21:03:00Z","POLY-A","DEMO-P1 (가상)","정제수 (가상 기록)","10","990","1","40","300","20","물 → 고분자, 가상 절차","육안 덩어리 미관찰","육안; 위치별 농도 분석 미실시","23","2","25","완료","육안 미관찰","추가 교반 없음","30","DEMO-V01","DEMO 회전식 점도계","DEMO-S1","DEMO-600","400","미준수","유효 기록 확인","적합 기록 확인","완료","완료","60","60","46","1329","mPa·s","합성 데이터; 물성 예측 아님; seed=20261002"
"PA-189","PA-189-M4","PA-189-S4","4","2026-09-08T21:04:00Z","POLY-A","DEMO-P1 (가상)","정제수 (가상 기록)","10","990","1","40","300","20","물 → 고분자, 가상 절차","육안 덩어리 미관찰","육안; 위치별 농도 분석 미실시","23","2","25","완료","육안 미관찰","추가 교반 없음","30","DEMO-V01","DEMO 회전식 점도계","DEMO-S1","DEMO-600","400","표시 준수","유효 기록 확인","적합 기록 확인","완료","완료","60","60","5","1313","cP","합성 데이터; 물성 예측 아님; seed=20261002"
"PA-190","PA-190-M1","PA-190-S1","1","2026-09-08T22:01:00Z","POLY-A","DEMO-P1 (가상)","정제수 (가상 기록)","10","990","1","45","300","20","물 → 고분자, 가상 절차","육안 덩어리 미관찰","육안; 위치별 농도 분석 미실시","23","2","28","완료","육안 미관찰","추가 교반 없음","30","DEMO-V01","DEMO 회전식 점도계","DEMO-S1","DEMO-600","400","표시 준수","유효 기록 확인","적합 기록 확인","완료","완료","60","60","54","1750","mPa·s","합성 데이터; 물성 예측 아님; seed=20261002"
"PA-190","PA-190-M2","PA-190-S2","2","2026-09-08T22:02:00Z","POLY-A","DEMO-P1 (가상)","정제수 (가상 기록)","10","990","1","45","300","20","물 → 고분자, 가상 절차","육안 덩어리 미관찰","육안; 위치별 농도 분석 미실시","23","2","28","완료","육안 미관찰","추가 교반 없음","30","DEMO-V01","DEMO 회전식 점도계","DEMO-S1","DEMO-600","400","표시 준수","유효 기록 확인","적합 기록 확인","완료","완료","60","60","47","1750","mPa·s","합성 데이터; 물성 예측 아님; seed=20261002"
"PA-190","PA-190-M3","PA-190-S3","3","2026-09-08T22:03:00Z","POLY-A","DEMO-P1 (가상)","정제수 (가상 기록)","10","990","1","45","300","20","물 → 고분자, 가상 절차","육안 덩어리 미관찰","육안; 위치별 농도 분석 미실시","23","2","28","완료","육안 미관찰","추가 교반 없음","30","DEMO-V01","DEMO 회전식 점도계","DEMO-S1","DEMO-600","400","표시 준수","유효 기록 확인","적합 기록 확인","완료","완료","60","60","47","1750","mPa·s","합성 데이터; 물성 예측 아님; seed=20261002"
"PA-190","PA-190-M4","PA-190-S4","4","2026-09-08T22:04:00Z","POLY-A","DEMO-P1 (가상)","정제수 (가상 기록)","10","990","1","45","300","20","물 → 고분자, 가상 절차","육안 덩어리 미관찰","육안; 위치별 농도 분석 미실시","23","2","28","완료","육안 미관찰","추가 교반 없음","30","DEMO-V01","DEMO 회전식 점도계","DEMO-S1","DEMO-600","400","표시 준수","유효 기록 확인","적합 기록 확인","완료","완료","60","60","53","1750","cP","합성 데이터; 물성 예측 아님; seed=20261002"
"PA-191","PA-191-M1","PA-191-S1","1","2026-09-08T23:01:00Z","POLY-A","DEMO-P1 (가상)","정제수 (가상 기록)","10","990","1","40","300","20","물 → 고분자, 가상 절차","육안 덩어리 미관찰","육안; 위치별 농도 분석 미실시","23","2","25","완료","육안 미관찰","추가 교반 없음","30","DEMO-V01","DEMO 회전식 점도계","DEMO-S1","DEMO-600","400","표시 준수","유효 기록 확인","적합 기록 확인","완료","완료","60","60","50","1145","mPa·s","합성 데이터; 물성 예측 아님; seed=20261002"
"PA-191","PA-191-M2","PA-191-S2","2","2026-09-08T23:02:00Z","POLY-A","DEMO-P1 (가상)","정제수 (가상 기록)","10","990","1","40","300","20","물 → 고분자, 가상 절차","육안 덩어리 미관찰","육안; 위치별 농도 분석 미실시","23","2","25","완료","육안 미관찰","추가 교반 없음","30","DEMO-V01","DEMO 회전식 점도계","DEMO-S1","DEMO-600","400","표시 준수","유효 기록 확인","적합 기록 확인","완료","완료","60","60","47","1154","mPa·s","합성 데이터; 물성 예측 아님; seed=20261002"
"PA-191","PA-191-M3","PA-191-S3","3","2026-09-08T23:03:00Z","POLY-A","DEMO-P1 (가상)","정제수 (가상 기록)","10","990","1","40","300","20","물 → 고분자, 가상 절차","육안 덩어리 미관찰","육안; 위치별 농도 분석 미실시","23","2","25","완료","육안 미관찰","추가 교반 없음","30","DEMO-V01","DEMO 회전식 점도계","DEMO-S1","DEMO-600","400","표시 준수","유효 기록 확인","적합 기록 확인","완료","완료","60","60","48","1124","mPa·s","합성 데이터; 물성 예측 아님; seed=20261002"
"PA-191","PA-191-M4","PA-191-S4","4","2026-09-08T23:04:00Z","POLY-A","DEMO-P1 (가상)","정제수 (가상 기록)","10","990","1","40","300","20","물 → 고분자, 가상 절차","육안 덩어리 미관찰","육안; 위치별 농도 분석 미실시","23","2","25","완료","육안 미관찰","추가 교반 없음","30","DEMO-V01","DEMO 회전식 점도계","DEMO-S1","DEMO-600","400","표시 준수","유효 기록 확인","적합 기록 확인","완료","완료","60","60","64","1126","cP","합성 데이터; 물성 예측 아님; seed=20261002"
"PA-192","PA-192-M1","PA-192-S1","1","2026-09-09T00:01:00Z","POLY-A","DEMO-P1 (가상)","정제수 (가상 기록)","10","990","1","40","300","20","물 → 고분자, 가상 절차","육안 덩어리 미관찰","육안; 위치별 농도 분석 미실시","23","2","25","완료","육안 미관찰","추가 교반 없음","30","DEMO-V01","DEMO 회전식 점도계","DEMO-S1","DEMO-600","400","표시 준수","유효 기록 확인","적합 기록 확인","완료","완료","60","60","48","1154","mPa·s","합성 데이터; 물성 예측 아님; seed=20261002"
"PA-192","PA-192-M2","PA-192-S2","2","2026-09-09T00:02:00Z","POLY-A","DEMO-P1 (가상)","정제수 (가상 기록)","10","990","1","40","300","20","물 → 고분자, 가상 절차","육안 덩어리 미관찰","육안; 위치별 농도 분석 미실시","23","2","25","완료","육안 미관찰","추가 교반 없음","30","DEMO-V01","DEMO 회전식 점도계","DEMO-S1","DEMO-600","400","표시 준수","유효 기록 확인","적합 기록 확인","완료","완료","60","60","55","1134","mPa·s","합성 데이터; 물성 예측 아님; seed=20261002"
"PA-192","PA-192-M3","PA-192-S3","3","2026-09-09T00:03:00Z","POLY-A","DEMO-P1 (가상)","정제수 (가상 기록)","10","990","1","40","300","20","물 → 고분자, 가상 절차","육안 덩어리 미관찰","육안; 위치별 농도 분석 미실시","23","2","25","완료","육안 미관찰","추가 교반 없음","30","DEMO-V01","DEMO 회전식 점도계","DEMO-S1","DEMO-600","400","표시 준수","유효 기록 확인","적합 기록 확인","완료","완료","60","60","60","1162","mPa·s","합성 데이터; 물성 예측 아님; seed=20261002"
"PA-192","PA-192-M4","PA-192-S4","4","2026-09-09T00:04:00Z","POLY-A","DEMO-P1 (가상)","정제수 (가상 기록)","10","990","1","40","300","20","물 → 고분자, 가상 절차","육안 덩어리 미관찰","육안; 위치별 농도 분석 미실시","23","2","25","완료","육안 미관찰","추가 교반 없음","30","DEMO-V01","DEMO 회전식 점도계","DEMO-S1","DEMO-600","400","표시 준수","유효 기록 확인","적합 기록 확인","완료","완료","60","60","56","1140","cP","합성 데이터; 물성 예측 아님; seed=20261002"
"PA-193","PA-193-M1","PA-193-S1","1","2026-09-09T01:01:00Z","POLY-A","DEMO-P1 (가상)","정제수 (가상 기록)","10","990","1","40","300","20","물 → 고분자, 가상 절차","육안 덩어리 미관찰","육안; 위치별 농도 분석 미실시","23","2","25","완료","육안 미관찰","추가 교반 없음","30","DEMO-V01","DEMO 회전식 점도계","DEMO-S1","DEMO-600","400","표시 준수","유효 기록 확인","적합 기록 확인","완료","완료","60","60","47","1229","mPa·s","합성 데이터; 물성 예측 아님; seed=20261002"
"PA-193","PA-193-M2","PA-193-S2","2","2026-09-09T01:02:00Z","POLY-A","DEMO-P1 (가상)","정제수 (가상 기록)","10","990","1","40","300","20","물 → 고분자, 가상 절차","육안 덩어리 미관찰","육안; 위치별 농도 분석 미실시","23","2","25","완료","육안 미관찰","추가 교반 없음","30","DEMO-V01","DEMO 회전식 점도계","DEMO-S1","DEMO-600","400","표시 준수","유효 기록 확인","적합 기록 확인","완료","완료","60","60","56","1214","mPa·s","합성 데이터; 물성 예측 아님; seed=20261002"
"PA-193","PA-193-M3","PA-193-S3","3","2026-09-09T01:03:00Z","POLY-A","DEMO-P1 (가상)","정제수 (가상 기록)","10","990","1","40","300","20","물 → 고분자, 가상 절차","육안 덩어리 미관찰","육안; 위치별 농도 분석 미실시","23","2","25","완료","육안 미관찰","추가 교반 없음","30","DEMO-V01","DEMO 회전식 점도계","DEMO-S1","DEMO-600","400","표시 준수","유효 기록 확인","적합 기록 확인","완료","완료","60","60","58","1220","mPa·s","합성 데이터; 물성 예측 아님; seed=20261002"
"PA-193","PA-193-M4","PA-193-S4","4","2026-09-09T01:04:00Z","POLY-A","DEMO-P1 (가상)","정제수 (가상 기록)","10","990","1","40","300","20","물 → 고분자, 가상 절차","육안 덩어리 미관찰","육안; 위치별 농도 분석 미실시","23","2","25","완료","육안 미관찰","추가 교반 없음","30","DEMO-V01","DEMO 회전식 점도계","DEMO-S1","DEMO-600","400","표시 준수","유효 기록 확인","적합 기록 확인","완료","완료","60","60","47","1223","cP","합성 데이터; 물성 예측 아님; seed=20261002"
"PA-194","PA-194-M1","PA-194-S1","1","2026-09-09T02:01:00Z","POLY-A","DEMO-P1 (가상)","정제수 (가상 기록)","10","990","1","40","300","20","물 → 고분자, 가상 절차","육안 덩어리 미관찰","육안; 위치별 농도 분석 미실시","23","2","25","완료","육안 미관찰","추가 교반 없음","30","DEMO-V01","DEMO 회전식 점도계","DEMO-S1","DEMO-600","400","표시 준수","유효 기록 확인","적합 기록 확인","완료","완료","60","60","51","1129","mPa·s","합성 데이터; 물성 예측 아님; seed=20261002"
"PA-194","PA-194-M2","PA-194-S2","2","2026-09-09T02:02:00Z","POLY-A","DEMO-P1 (가상)","정제수 (가상 기록)","10","990","1","40","300","20","물 → 고분자, 가상 절차","육안 덩어리 미관찰","육안; 위치별 농도 분석 미실시","23","2","25","완료","육안 미관찰","추가 교반 없음","30","DEMO-V01","DEMO 회전식 점도계","DEMO-S1","DEMO-600","400","표시 준수","유효 기록 확인","적합 기록 확인","완료","완료","60","60","64","1119","mPa·s","합성 데이터; 물성 예측 아님; seed=20261002"
"PA-194","PA-194-M3","PA-194-S3","3","2026-09-09T02:03:00Z","POLY-A","DEMO-P1 (가상)","정제수 (가상 기록)","10","990","1","40","300","20","물 → 고분자, 가상 절차","육안 덩어리 미관찰","육안; 위치별 농도 분석 미실시","23","2","25","완료","육안 미관찰","추가 교반 없음","30","DEMO-V01","DEMO 회전식 점도계","DEMO-S1","DEMO-600","400","표시 준수","유효 기록 확인","적합 기록 확인","완료","완료","60","60","58","1105","mPa·s","합성 데이터; 물성 예측 아님; seed=20261002"
"PA-194","PA-194-M4","PA-194-S4","4","2026-09-09T02:04:00Z","POLY-A","DEMO-P1 (가상)","정제수 (가상 기록)","10","990","1","40","300","20","물 → 고분자, 가상 절차","육안 덩어리 미관찰","육안; 위치별 농도 분석 미실시","23","2","25","완료","육안 미관찰","추가 교반 없음","30","DEMO-V01","DEMO 회전식 점도계","DEMO-S1","DEMO-600","400","표시 준수","유효 기록 확인","적합 기록 확인","완료","완료","60","60","47","1136","cP","합성 데이터; 물성 예측 아님; seed=20261002"
"PA-195","PA-195-M1","PA-195-S1","1","2026-09-09T03:01:00Z","POLY-A","DEMO-P1 (가상)","정제수 (가상 기록)","10","990","1","45","300","20","물 → 고분자, 가상 절차","육안 덩어리 미관찰","육안; 위치별 농도 분석 미실시","23","2","25","완료","육안 미관찰","추가 교반 없음","30","DEMO-V01","DEMO 회전식 점도계","DEMO-S1","DEMO-600","400","표시 준수","유효 기록 확인","적합 기록 확인","완료","완료","60","60","50","1173","mPa·s","합성 데이터; 물성 예측 아님; seed=20261002"
"PA-195","PA-195-M2","PA-195-S2","2","2026-09-09T03:02:00Z","POLY-A","DEMO-P1 (가상)","정제수 (가상 기록)","10","990","1","45","300","20","물 → 고분자, 가상 절차","육안 덩어리 미관찰","육안; 위치별 농도 분석 미실시","23","2","25","완료","육안 미관찰","추가 교반 없음","30","DEMO-V01","DEMO 회전식 점도계","DEMO-S1","DEMO-600","400","표시 준수","유효 기록 확인","적합 기록 확인","완료","완료","60","60","54","1167","mPa·s","합성 데이터; 물성 예측 아님; seed=20261002"
"PA-195","PA-195-M3","PA-195-S3","3","2026-09-09T03:03:00Z","POLY-A","DEMO-P1 (가상)","정제수 (가상 기록)","10","990","1","45","300","20","물 → 고분자, 가상 절차","육안 덩어리 미관찰","육안; 위치별 농도 분석 미실시","23","2","25","완료","육안 미관찰","추가 교반 없음","30","DEMO-V01","DEMO 회전식 점도계","DEMO-S1","DEMO-600","400","표시 준수","유효 기록 확인","적합 기록 확인","완료","완료","60","60","49","1164","mPa·s","합성 데이터; 물성 예측 아님; seed=20261002"
"PA-195","PA-195-M4","PA-195-S4","4","2026-09-09T03:04:00Z","POLY-A","DEMO-P1 (가상)","정제수 (가상 기록)","10","990","1","45","300","20","물 → 고분자, 가상 절차","육안 덩어리 미관찰","육안; 위치별 농도 분석 미실시","23","2","25","완료","육안 미관찰","추가 교반 없음","30","DEMO-V01","DEMO 회전식 점도계","DEMO-S1","DEMO-600","400","표시 준수","유효 기록 확인","적합 기록 확인","완료","완료","60","60","45","1155","cP","합성 데이터; 물성 예측 아님; seed=20261002"
"PA-196","PA-196-M1","PA-196-S1","1","2026-09-09T04:01:00Z","POLY-A","DEMO-P1 (가상)","정제수 (가상 기록)","10","990","1","40","300","20","물 → 고분자, 가상 절차","육안 덩어리 미관찰","육안; 위치별 농도 분석 미실시","23","2","28","완료","육안 미관찰","추가 교반 없음","30","DEMO-V01","DEMO 회전식 점도계","DEMO-S1","DEMO-600","400","표시 준수","유효 기록 확인","적합 기록 확인","완료","완료","60","60","53","1310","mPa·s","합성 데이터; 물성 예측 아님; seed=20261002"
"PA-196","PA-196-M2","PA-196-S2","2","2026-09-09T04:02:00Z","POLY-A","DEMO-P1 (가상)","정제수 (가상 기록)","10","990","1","40","300","20","물 → 고분자, 가상 절차","육안 덩어리 미관찰","육안; 위치별 농도 분석 미실시","23","2","25","완료","육안 미관찰","추가 교반 없음","30","DEMO-V01","DEMO 회전식 점도계","DEMO-S1","DEMO-600","400","표시 준수","유효 기록 확인","적합 기록 확인","완료","완료","30","60","48","1318","mPa·s","합성 데이터; 물성 예측 아님; seed=20261002"
"PA-196","PA-196-M3","PA-196-S3","3","2026-09-09T04:03:00Z","POLY-A","DEMO-P1 (가상)","정제수 (가상 기록)","10","990","1","40","300","20","물 → 고분자, 가상 절차","육안 덩어리 미관찰","육안; 위치별 농도 분석 미실시","23","2","25","완료","육안 미관찰","추가 교반 없음","30","DEMO-V01","DEMO 회전식 점도계","DEMO-S2","DEMO-600","400","표시 준수","유효 기록 확인","적합 기록 확인","완료","완료","60","60","49","1308","mPa·s","합성 데이터; 물성 예측 아님; seed=20261002"
"PA-196","PA-196-M4","PA-196-S4","4","2026-09-09T04:04:00Z","POLY-A","DEMO-P1 (가상)","정제수 (가상 기록)","10","990","1","40","300","20","물 → 고분자, 가상 절차","육안 덩어리 미관찰","육안; 위치별 농도 분석 미실시","23","2","25","완료","육안 미관찰","추가 교반 없음","30","DEMO-V01","DEMO 회전식 점도계","DEMO-S1","DEMO-600","400","표시 준수","유효 기록 확인","적합 기록 확인","완료","완료","60","20","46","1309","cP","합성 데이터; 물성 예측 아님; seed=20261002"
"PA-197","PA-197-M1","PA-197-S1","1","2026-09-09T05:01:00Z","POLY-A","DEMO-P1 (가상)","정제수 (가상 기록)","10","990","1","40","300","20","물 → 고분자, 가상 절차","육안 덩어리 미관찰","육안; 위치별 농도 분석 미실시","23","2","","완료","육안 미관찰","추가 교반 없음","30","DEMO-V01","DEMO 회전식 점도계","DEMO-S1","DEMO-600","400","표시 준수","유효 기록 확인","적합 기록 확인","완료","완료","60","60","45","1322","mPa·s","합성 데이터; 물성 예측 아님; seed=20261002"
"PA-197","PA-197-M2","PA-197-S2","2","2026-09-09T05:02:00Z","POLY-A","DEMO-P1 (가상)","정제수 (가상 기록)","10","990","1","40","300","20","물 → 고분자, 가상 절차","육안 덩어리 미관찰","육안; 위치별 농도 분석 미실시","23","2","25","완료","육안 미관찰","추가 교반 없음","30","DEMO-V01","DEMO 회전식 점도계","DEMO-S1","DEMO-600","400","표시 준수","유효 기록 확인","적합 기록 확인","완료","완료","","60","65","1299","mPa·s","합성 데이터; 물성 예측 아님; seed=20261002"
"PA-197","PA-197-M3","PA-197-S3","3","2026-09-09T05:03:00Z","POLY-A","DEMO-P1 (가상)","정제수 (가상 기록)","10","990","1","40","300","20","물 → 고분자, 가상 절차","육안 덩어리 미관찰","육안; 위치별 농도 분석 미실시","23","2","25","완료","육안 미관찰","추가 교반 없음","30","DEMO-V01","DEMO 회전식 점도계","DEMO-S1","DEMO-600","400","표시 준수","유효 기록 확인","적합 기록 확인","완료","완료","60","60","62","","mPa·s","합성 데이터; 물성 예측 아님; seed=20261002"
"PA-197","PA-197-M4","PA-197-S4","4","2026-09-09T05:04:00Z","POLY-A","DEMO-P1 (가상)","정제수 (가상 기록)","10","990","1","40","300","20","물 → 고분자, 가상 절차","육안 덩어리 미관찰","육안; 위치별 농도 분석 미실시","23","2","25","","육안 미관찰","추가 교반 없음","30","DEMO-V01","DEMO 회전식 점도계","DEMO-S1","DEMO-600","400","표시 준수","유효 기록 확인","적합 기록 확인","완료","완료","60","60","48","1319","cP","합성 데이터; 물성 예측 아님; seed=20261002"
"PA-198","PA-198-M1","PA-198-S1","1","2026-09-09T06:01:00Z","POLY-A","DEMO-P1 (가상)","정제수 (가상 기록)","10","990","1","40","300","20","물 → 고분자, 가상 절차","육안 덩어리 미관찰","육안; 위치별 농도 분석 미실시","23","2","25","완료","육안 미관찰","추가 교반 없음","30","DEMO-V01","DEMO 회전식 점도계","DEMO-S1","DEMO-600","400","표시 준수","유효 기록 확인","적합 기록 확인","완료","완료","60","60","49","850","mPa·s","합성 데이터; 물성 예측 아님; seed=20261002"
"PA-198","PA-198-M2","PA-198-S2","2","2026-09-09T06:02:00Z","POLY-A","DEMO-P1 (가상)","정제수 (가상 기록)","10","990","1","40","300","20","물 → 고분자, 가상 절차","육안 덩어리 미관찰","육안; 위치별 농도 분석 미실시","23","2","25","완료","육안 미관찰","추가 교반 없음","30","DEMO-V01","DEMO 회전식 점도계","DEMO-S1","DEMO-600","400","표시 준수","유효 기록 확인","적합 기록 확인","완료","완료","60","60","52","1680","mPa·s","합성 데이터; 물성 예측 아님; seed=20261002"
"PA-198","PA-198-M3","PA-198-S3","3","2026-09-09T06:03:00Z","POLY-A","DEMO-P1 (가상)","정제수 (가상 기록)","10","990","1","40","300","20","물 → 고분자, 가상 절차","육안 덩어리 미관찰","육안; 위치별 농도 분석 미실시","23","2","25","완료","육안 미관찰","추가 교반 없음","30","DEMO-V01","DEMO 회전식 점도계","DEMO-S1","DEMO-600","400","표시 준수","유효 기록 확인","적합 기록 확인","완료","완료","60","60","51","850","mPa·s","합성 데이터; 물성 예측 아님; seed=20261002"
"PA-198","PA-198-M4","PA-198-S4","4","2026-09-09T06:04:00Z","POLY-A","DEMO-P1 (가상)","정제수 (가상 기록)","10","990","1","40","300","20","물 → 고분자, 가상 절차","육안 덩어리 미관찰","육안; 위치별 농도 분석 미실시","23","2","25","완료","육안 미관찰","추가 교반 없음","30","DEMO-V01","DEMO 회전식 점도계","DEMO-S1","DEMO-600","400","표시 준수","유효 기록 확인","적합 기록 확인","완료","완료","60","60","61","1680","cP","합성 데이터; 물성 예측 아님; seed=20261002"
"PA-199","PA-199-M1","PA-199-S1","1","2026-09-09T07:01:00Z","POLY-A","DEMO-P1 (가상)","정제수 (가상 기록)","10","990","1","40","300","20","물 → 고분자, 가상 절차","육안 덩어리 미관찰","육안; 위치별 농도 분석 미실시","23","2","25","완료","관찰됨","추가 교반 없음","30","DEMO-V01","DEMO 회전식 점도계","DEMO-S1","DEMO-600","400","표시 준수","유효 기록 확인","적합 기록 확인","완료","완료","60","60","62","1310","mPa·s","합성 데이터; 물성 예측 아님; seed=20261002"
"PA-199","PA-199-M2","PA-199-S2","2","2026-09-09T07:02:00Z","POLY-A","DEMO-P1 (가상)","정제수 (가상 기록)","10","990","1","40","300","20","물 → 고분자, 가상 절차","육안 덩어리 미관찰","육안; 위치별 농도 분석 미실시","23","2","25","미확인","육안 미관찰","추가 교반 없음","30","DEMO-V01","DEMO 회전식 점도계","DEMO-S1","DEMO-600","400","표시 준수","유효 기록 확인","적합 기록 확인","완료","완료","60","60","52","1311","mPa·s","합성 데이터; 물성 예측 아님; seed=20261002"
"PA-199","PA-199-M3","PA-199-S3","3","2026-09-09T07:03:00Z","POLY-A","DEMO-P1 (가상)","정제수 (가상 기록)","10","990","1","40","300","20","물 → 고분자, 가상 절차","육안 덩어리 미관찰","육안; 위치별 농도 분석 미실시","23","2","25","완료","육안 미관찰","추가 교반 없음","30","DEMO-V01","DEMO 회전식 점도계","DEMO-S1","DEMO-600","400","미준수","유효 기록 확인","적합 기록 확인","완료","완료","60","60","56","1314","mPa·s","합성 데이터; 물성 예측 아님; seed=20261002"
"PA-199","PA-199-M4","PA-199-S4","4","2026-09-09T07:04:00Z","POLY-A","DEMO-P1 (가상)","정제수 (가상 기록)","10","990","1","40","300","20","물 → 고분자, 가상 절차","육안 덩어리 미관찰","육안; 위치별 농도 분석 미실시","23","2","25","완료","육안 미관찰","추가 교반 없음","30","DEMO-V01","DEMO 회전식 점도계","DEMO-S1","DEMO-600","400","표시 준수","유효 기록 확인","적합 기록 확인","완료","완료","60","60","5","1286","cP","합성 데이터; 물성 예측 아님; seed=20261002"
"PA-200","PA-200-M1","PA-200-S1","1","2026-09-09T08:01:00Z","POLY-A","DEMO-P1 (가상)","정제수 (가상 기록)","10","990","1","45","300","20","물 → 고분자, 가상 절차","육안 덩어리 미관찰","육안; 위치별 농도 분석 미실시","23","2","28","완료","육안 미관찰","추가 교반 없음","30","DEMO-V01","DEMO 회전식 점도계","DEMO-S1","DEMO-600","400","표시 준수","유효 기록 확인","적합 기록 확인","완료","완료","60","60","49","1750","mPa·s","합성 데이터; 물성 예측 아님; seed=20261002"
"PA-200","PA-200-M2","PA-200-S2","2","2026-09-09T08:02:00Z","POLY-A","DEMO-P1 (가상)","정제수 (가상 기록)","10","990","1","45","300","20","물 → 고분자, 가상 절차","육안 덩어리 미관찰","육안; 위치별 농도 분석 미실시","23","2","28","완료","육안 미관찰","추가 교반 없음","30","DEMO-V01","DEMO 회전식 점도계","DEMO-S1","DEMO-600","400","표시 준수","유효 기록 확인","적합 기록 확인","완료","완료","60","60","63","1750","mPa·s","합성 데이터; 물성 예측 아님; seed=20261002"
"PA-200","PA-200-M3","PA-200-S3","3","2026-09-09T08:03:00Z","POLY-A","DEMO-P1 (가상)","정제수 (가상 기록)","10","990","1","45","300","20","물 → 고분자, 가상 절차","육안 덩어리 미관찰","육안; 위치별 농도 분석 미실시","23","2","28","완료","육안 미관찰","추가 교반 없음","30","DEMO-V01","DEMO 회전식 점도계","DEMO-S1","DEMO-600","400","표시 준수","유효 기록 확인","적합 기록 확인","완료","완료","60","60","47","1750","mPa·s","합성 데이터; 물성 예측 아님; seed=20261002"
"PA-200","PA-200-M4","PA-200-S4","4","2026-09-09T08:04:00Z","POLY-A","DEMO-P1 (가상)","정제수 (가상 기록)","10","990","1","45","300","20","물 → 고분자, 가상 절차","육안 덩어리 미관찰","육안; 위치별 농도 분석 미실시","23","2","28","완료","육안 미관찰","추가 교반 없음","30","DEMO-V01","DEMO 회전식 점도계","DEMO-S1","DEMO-600","400","표시 준수","유효 기록 확인","적합 기록 확인","완료","완료","60","60","64","1750","cP","합성 데이터; 물성 예측 아님; seed=20261002"
"PA-201","PA-201-M1","PA-201-S1","1","2026-09-09T09:01:00Z","POLY-A","DEMO-P1 (가상)","정제수 (가상 기록)","10","990","1","40","300","20","물 → 고분자, 가상 절차","육안 덩어리 미관찰","육안; 위치별 농도 분석 미실시","23","2","25","완료","육안 미관찰","추가 교반 없음","30","DEMO-V01","DEMO 회전식 점도계","DEMO-S1","DEMO-600","400","표시 준수","유효 기록 확인","적합 기록 확인","완료","완료","60","60","51","1143","mPa·s","합성 데이터; 물성 예측 아님; seed=20261002"
"PA-201","PA-201-M2","PA-201-S2","2","2026-09-09T09:02:00Z","POLY-A","DEMO-P1 (가상)","정제수 (가상 기록)","10","990","1","40","300","20","물 → 고분자, 가상 절차","육안 덩어리 미관찰","육안; 위치별 농도 분석 미실시","23","2","25","완료","육안 미관찰","추가 교반 없음","30","DEMO-V01","DEMO 회전식 점도계","DEMO-S1","DEMO-600","400","표시 준수","유효 기록 확인","적합 기록 확인","완료","완료","60","60","46","1148","mPa·s","합성 데이터; 물성 예측 아님; seed=20261002"
"PA-201","PA-201-M3","PA-201-S3","3","2026-09-09T09:03:00Z","POLY-A","DEMO-P1 (가상)","정제수 (가상 기록)","10","990","1","40","300","20","물 → 고분자, 가상 절차","육안 덩어리 미관찰","육안; 위치별 농도 분석 미실시","23","2","25","완료","육안 미관찰","추가 교반 없음","30","DEMO-V01","DEMO 회전식 점도계","DEMO-S1","DEMO-600","400","표시 준수","유효 기록 확인","적합 기록 확인","완료","완료","60","60","60","1133","mPa·s","합성 데이터; 물성 예측 아님; seed=20261002"
"PA-201","PA-201-M4","PA-201-S4","4","2026-09-09T09:04:00Z","POLY-A","DEMO-P1 (가상)","정제수 (가상 기록)","10","990","1","40","300","20","물 → 고분자, 가상 절차","육안 덩어리 미관찰","육안; 위치별 농도 분석 미실시","23","2","25","완료","육안 미관찰","추가 교반 없음","30","DEMO-V01","DEMO 회전식 점도계","DEMO-S1","DEMO-600","400","표시 준수","유효 기록 확인","적합 기록 확인","완료","완료","60","60","49","1121","cP","합성 데이터; 물성 예측 아님; seed=20261002"
"PA-202","PA-202-M1","PA-202-S1","1","2026-09-09T10:01:00Z","POLY-A","DEMO-P1 (가상)","정제수 (가상 기록)","10","990","1","40","300","20","물 → 고분자, 가상 절차","육안 덩어리 미관찰","육안; 위치별 농도 분석 미실시","23","2","25","완료","육안 미관찰","추가 교반 없음","30","DEMO-V01","DEMO 회전식 점도계","DEMO-S1","DEMO-600","400","표시 준수","유효 기록 확인","적합 기록 확인","완료","완료","60","60","51","1233","mPa·s","합성 데이터; 물성 예측 아님; seed=20261002"
"PA-202","PA-202-M2","PA-202-S2","2","2026-09-09T10:02:00Z","POLY-A","DEMO-P1 (가상)","정제수 (가상 기록)","10","990","1","40","300","20","물 → 고분자, 가상 절차","육안 덩어리 미관찰","육안; 위치별 농도 분석 미실시","23","2","25","완료","육안 미관찰","추가 교반 없음","30","DEMO-V01","DEMO 회전식 점도계","DEMO-S1","DEMO-600","400","표시 준수","유효 기록 확인","적합 기록 확인","완료","완료","60","60","55","1221","mPa·s","합성 데이터; 물성 예측 아님; seed=20261002"
"PA-202","PA-202-M3","PA-202-S3","3","2026-09-09T10:03:00Z","POLY-A","DEMO-P1 (가상)","정제수 (가상 기록)","10","990","1","40","300","20","물 → 고분자, 가상 절차","육안 덩어리 미관찰","육안; 위치별 농도 분석 미실시","23","2","25","완료","육안 미관찰","추가 교반 없음","30","DEMO-V01","DEMO 회전식 점도계","DEMO-S1","DEMO-600","400","표시 준수","유효 기록 확인","적합 기록 확인","완료","완료","60","60","50","1209","mPa·s","합성 데이터; 물성 예측 아님; seed=20261002"
"PA-202","PA-202-M4","PA-202-S4","4","2026-09-09T10:04:00Z","POLY-A","DEMO-P1 (가상)","정제수 (가상 기록)","10","990","1","40","300","20","물 → 고분자, 가상 절차","육안 덩어리 미관찰","육안; 위치별 농도 분석 미실시","23","2","25","완료","육안 미관찰","추가 교반 없음","30","DEMO-V01","DEMO 회전식 점도계","DEMO-S1","DEMO-600","400","표시 준수","유효 기록 확인","적합 기록 확인","완료","완료","60","60","65","1241","cP","합성 데이터; 물성 예측 아님; seed=20261002"
"PA-203","PA-203-M1","PA-203-S1","1","2026-09-09T11:01:00Z","POLY-A","DEMO-P1 (가상)","정제수 (가상 기록)","10","990","1","40","300","20","물 → 고분자, 가상 절차","육안 덩어리 미관찰","육안; 위치별 농도 분석 미실시","23","2","25","완료","육안 미관찰","추가 교반 없음","30","DEMO-V01","DEMO 회전식 점도계","DEMO-S1","DEMO-600","400","표시 준수","유효 기록 확인","적합 기록 확인","완료","완료","60","60","53","1243","mPa·s","합성 데이터; 물성 예측 아님; seed=20261002"
"PA-203","PA-203-M2","PA-203-S2","2","2026-09-09T11:02:00Z","POLY-A","DEMO-P1 (가상)","정제수 (가상 기록)","10","990","1","40","300","20","물 → 고분자, 가상 절차","육안 덩어리 미관찰","육안; 위치별 농도 분석 미실시","23","2","25","완료","육안 미관찰","추가 교반 없음","30","DEMO-V01","DEMO 회전식 점도계","DEMO-S1","DEMO-600","400","표시 준수","유효 기록 확인","적합 기록 확인","완료","완료","60","60","65","1235","mPa·s","합성 데이터; 물성 예측 아님; seed=20261002"
"PA-203","PA-203-M3","PA-203-S3","3","2026-09-09T11:03:00Z","POLY-A","DEMO-P1 (가상)","정제수 (가상 기록)","10","990","1","40","300","20","물 → 고분자, 가상 절차","육안 덩어리 미관찰","육안; 위치별 농도 분석 미실시","23","2","25","완료","육안 미관찰","추가 교반 없음","30","DEMO-V01","DEMO 회전식 점도계","DEMO-S1","DEMO-600","400","표시 준수","유효 기록 확인","적합 기록 확인","완료","완료","60","60","48","1265","mPa·s","합성 데이터; 물성 예측 아님; seed=20261002"
"PA-203","PA-203-M4","PA-203-S4","4","2026-09-09T11:04:00Z","POLY-A","DEMO-P1 (가상)","정제수 (가상 기록)","10","990","1","40","300","20","물 → 고분자, 가상 절차","육안 덩어리 미관찰","육안; 위치별 농도 분석 미실시","23","2","25","완료","육안 미관찰","추가 교반 없음","30","DEMO-V01","DEMO 회전식 점도계","DEMO-S1","DEMO-600","400","표시 준수","유효 기록 확인","적합 기록 확인","완료","완료","60","60","56","1261","cP","합성 데이터; 물성 예측 아님; seed=20261002"
"PA-204","PA-204-M1","PA-204-S1","1","2026-09-09T12:01:00Z","POLY-A","DEMO-P1 (가상)","정제수 (가상 기록)","10","990","1","40","300","20","물 → 고분자, 가상 절차","육안 덩어리 미관찰","육안; 위치별 농도 분석 미실시","23","2","25","완료","육안 미관찰","추가 교반 없음","30","DEMO-V01","DEMO 회전식 점도계","DEMO-S1","DEMO-600","400","표시 준수","유효 기록 확인","적합 기록 확인","완료","완료","60","60","60","1292","mPa·s","합성 데이터; 물성 예측 아님; seed=20261002"
"PA-204","PA-204-M2","PA-204-S2","2","2026-09-09T12:02:00Z","POLY-A","DEMO-P1 (가상)","정제수 (가상 기록)","10","990","1","40","300","20","물 → 고분자, 가상 절차","육안 덩어리 미관찰","육안; 위치별 농도 분석 미실시","23","2","25","완료","육안 미관찰","추가 교반 없음","30","DEMO-V01","DEMO 회전식 점도계","DEMO-S1","DEMO-600","400","표시 준수","유효 기록 확인","적합 기록 확인","완료","완료","60","60","65","1312","mPa·s","합성 데이터; 물성 예측 아님; seed=20261002"
"PA-204","PA-204-M3","PA-204-S3","3","2026-09-09T12:03:00Z","POLY-A","DEMO-P1 (가상)","정제수 (가상 기록)","10","990","1","40","300","20","물 → 고분자, 가상 절차","육안 덩어리 미관찰","육안; 위치별 농도 분석 미실시","23","2","25","완료","육안 미관찰","추가 교반 없음","30","DEMO-V01","DEMO 회전식 점도계","DEMO-S1","DEMO-600","400","표시 준수","유효 기록 확인","적합 기록 확인","완료","완료","60","60","64","1312","mPa·s","합성 데이터; 물성 예측 아님; seed=20261002"
"PA-204","PA-204-M4","PA-204-S4","4","2026-09-09T12:04:00Z","POLY-A","DEMO-P1 (가상)","정제수 (가상 기록)","10","990","1","40","300","20","물 → 고분자, 가상 절차","육안 덩어리 미관찰","육안; 위치별 농도 분석 미실시","23","2","25","완료","육안 미관찰","추가 교반 없음","30","DEMO-V01","DEMO 회전식 점도계","DEMO-S1","DEMO-600","400","표시 준수","유효 기록 확인","적합 기록 확인","완료","완료","60","60","51","1310","cP","합성 데이터; 물성 예측 아님; seed=20261002"
"PA-205","PA-205-M1","PA-205-S1","1","2026-09-09T13:01:00Z","POLY-A","DEMO-P1 (가상)","정제수 (가상 기록)","10","990","1","45","300","20","물 → 고분자, 가상 절차","육안 덩어리 미관찰","육안; 위치별 농도 분석 미실시","23","2","25","완료","육안 미관찰","추가 교반 없음","30","DEMO-V01","DEMO 회전식 점도계","DEMO-S1","DEMO-600","400","표시 준수","유효 기록 확인","적합 기록 확인","완료","완료","60","60","64","1136","mPa·s","합성 데이터; 물성 예측 아님; seed=20261002"
"PA-205","PA-205-M2","PA-205-S2","2","2026-09-09T13:02:00Z","POLY-A","DEMO-P1 (가상)","정제수 (가상 기록)","10","990","1","45","300","20","물 → 고분자, 가상 절차","육안 덩어리 미관찰","육안; 위치별 농도 분석 미실시","23","2","25","완료","육안 미관찰","추가 교반 없음","30","DEMO-V01","DEMO 회전식 점도계","DEMO-S1","DEMO-600","400","표시 준수","유효 기록 확인","적합 기록 확인","완료","완료","60","60","54","1160","mPa·s","합성 데이터; 물성 예측 아님; seed=20261002"
"PA-205","PA-205-M3","PA-205-S3","3","2026-09-09T13:03:00Z","POLY-A","DEMO-P1 (가상)","정제수 (가상 기록)","10","990","1","45","300","20","물 → 고분자, 가상 절차","육안 덩어리 미관찰","육안; 위치별 농도 분석 미실시","23","2","25","완료","육안 미관찰","추가 교반 없음","30","DEMO-V01","DEMO 회전식 점도계","DEMO-S1","DEMO-600","400","표시 준수","유효 기록 확인","적합 기록 확인","완료","완료","60","60","58","1125","mPa·s","합성 데이터; 물성 예측 아님; seed=20261002"
"PA-205","PA-205-M4","PA-205-S4","4","2026-09-09T13:04:00Z","POLY-A","DEMO-P1 (가상)","정제수 (가상 기록)","10","990","1","45","300","20","물 → 고분자, 가상 절차","육안 덩어리 미관찰","육안; 위치별 농도 분석 미실시","23","2","25","완료","육안 미관찰","추가 교반 없음","30","DEMO-V01","DEMO 회전식 점도계","DEMO-S1","DEMO-600","400","표시 준수","유효 기록 확인","적합 기록 확인","완료","완료","60","60","55","1128","cP","합성 데이터; 물성 예측 아님; seed=20261002"
"PA-206","PA-206-M1","PA-206-S1","1","2026-09-09T14:01:00Z","POLY-A","DEMO-P1 (가상)","정제수 (가상 기록)","10","990","1","40","300","20","물 → 고분자, 가상 절차","육안 덩어리 미관찰","육안; 위치별 농도 분석 미실시","23","2","28","완료","육안 미관찰","추가 교반 없음","30","DEMO-V01","DEMO 회전식 점도계","DEMO-S1","DEMO-600","400","표시 준수","유효 기록 확인","적합 기록 확인","완료","완료","60","60","56","1281","mPa·s","합성 데이터; 물성 예측 아님; seed=20261002"
"PA-206","PA-206-M2","PA-206-S2","2","2026-09-09T14:02:00Z","POLY-A","DEMO-P1 (가상)","정제수 (가상 기록)","10","990","1","40","300","20","물 → 고분자, 가상 절차","육안 덩어리 미관찰","육안; 위치별 농도 분석 미실시","23","2","25","완료","육안 미관찰","추가 교반 없음","30","DEMO-V01","DEMO 회전식 점도계","DEMO-S1","DEMO-600","400","표시 준수","유효 기록 확인","적합 기록 확인","완료","완료","30","60","63","1278","mPa·s","합성 데이터; 물성 예측 아님; seed=20261002"
"PA-206","PA-206-M3","PA-206-S3","3","2026-09-09T14:03:00Z","POLY-A","DEMO-P1 (가상)","정제수 (가상 기록)","10","990","1","40","300","20","물 → 고분자, 가상 절차","육안 덩어리 미관찰","육안; 위치별 농도 분석 미실시","23","2","25","완료","육안 미관찰","추가 교반 없음","30","DEMO-V01","DEMO 회전식 점도계","DEMO-S2","DEMO-600","400","표시 준수","유효 기록 확인","적합 기록 확인","완료","완료","60","60","59","1261","mPa·s","합성 데이터; 물성 예측 아님; seed=20261002"
"PA-206","PA-206-M4","PA-206-S4","4","2026-09-09T14:04:00Z","POLY-A","DEMO-P1 (가상)","정제수 (가상 기록)","10","990","1","40","300","20","물 → 고분자, 가상 절차","육안 덩어리 미관찰","육안; 위치별 농도 분석 미실시","23","2","25","완료","육안 미관찰","추가 교반 없음","30","DEMO-V01","DEMO 회전식 점도계","DEMO-S1","DEMO-600","400","표시 준수","유효 기록 확인","적합 기록 확인","완료","완료","60","20","59","1279","cP","합성 데이터; 물성 예측 아님; seed=20261002"
"PA-207","PA-207-M1","PA-207-S1","1","2026-09-09T15:01:00Z","POLY-A","DEMO-P1 (가상)","정제수 (가상 기록)","10","990","1","40","300","20","물 → 고분자, 가상 절차","육안 덩어리 미관찰","육안; 위치별 농도 분석 미실시","23","2","","완료","육안 미관찰","추가 교반 없음","30","DEMO-V01","DEMO 회전식 점도계","DEMO-S1","DEMO-600","400","표시 준수","유효 기록 확인","적합 기록 확인","완료","완료","60","60","52","1313","mPa·s","합성 데이터; 물성 예측 아님; seed=20261002"
"PA-207","PA-207-M2","PA-207-S2","2","2026-09-09T15:02:00Z","POLY-A","DEMO-P1 (가상)","정제수 (가상 기록)","10","990","1","40","300","20","물 → 고분자, 가상 절차","육안 덩어리 미관찰","육안; 위치별 농도 분석 미실시","23","2","25","완료","육안 미관찰","추가 교반 없음","30","DEMO-V01","DEMO 회전식 점도계","DEMO-S1","DEMO-600","400","표시 준수","유효 기록 확인","적합 기록 확인","완료","완료","","60","60","1294","mPa·s","합성 데이터; 물성 예측 아님; seed=20261002"
"PA-207","PA-207-M3","PA-207-S3","3","2026-09-09T15:03:00Z","POLY-A","DEMO-P1 (가상)","정제수 (가상 기록)","10","990","1","40","300","20","물 → 고분자, 가상 절차","육안 덩어리 미관찰","육안; 위치별 농도 분석 미실시","23","2","25","완료","육안 미관찰","추가 교반 없음","30","DEMO-V01","DEMO 회전식 점도계","DEMO-S1","DEMO-600","400","표시 준수","유효 기록 확인","적합 기록 확인","완료","완료","60","60","50","","mPa·s","합성 데이터; 물성 예측 아님; seed=20261002"
"PA-207","PA-207-M4","PA-207-S4","4","2026-09-09T15:04:00Z","POLY-A","DEMO-P1 (가상)","정제수 (가상 기록)","10","990","1","40","300","20","물 → 고분자, 가상 절차","육안 덩어리 미관찰","육안; 위치별 농도 분석 미실시","23","2","25","","육안 미관찰","추가 교반 없음","30","DEMO-V01","DEMO 회전식 점도계","DEMO-S1","DEMO-600","400","표시 준수","유효 기록 확인","적합 기록 확인","완료","완료","60","60","52","1316","cP","합성 데이터; 물성 예측 아님; seed=20261002"
"PA-208","PA-208-M1","PA-208-S1","1","2026-09-09T16:01:00Z","POLY-A","DEMO-P1 (가상)","정제수 (가상 기록)","10","990","1","40","300","20","물 → 고분자, 가상 절차","육안 덩어리 미관찰","육안; 위치별 농도 분석 미실시","23","2","25","완료","육안 미관찰","추가 교반 없음","30","DEMO-V01","DEMO 회전식 점도계","DEMO-S1","DEMO-600","400","표시 준수","유효 기록 확인","적합 기록 확인","완료","완료","60","60","46","850","mPa·s","합성 데이터; 물성 예측 아님; seed=20261002"
"PA-208","PA-208-M2","PA-208-S2","2","2026-09-09T16:02:00Z","POLY-A","DEMO-P1 (가상)","정제수 (가상 기록)","10","990","1","40","300","20","물 → 고분자, 가상 절차","육안 덩어리 미관찰","육안; 위치별 농도 분석 미실시","23","2","25","완료","육안 미관찰","추가 교반 없음","30","DEMO-V01","DEMO 회전식 점도계","DEMO-S1","DEMO-600","400","표시 준수","유효 기록 확인","적합 기록 확인","완료","완료","60","60","62","1680","mPa·s","합성 데이터; 물성 예측 아님; seed=20261002"
"PA-208","PA-208-M3","PA-208-S3","3","2026-09-09T16:03:00Z","POLY-A","DEMO-P1 (가상)","정제수 (가상 기록)","10","990","1","40","300","20","물 → 고분자, 가상 절차","육안 덩어리 미관찰","육안; 위치별 농도 분석 미실시","23","2","25","완료","육안 미관찰","추가 교반 없음","30","DEMO-V01","DEMO 회전식 점도계","DEMO-S1","DEMO-600","400","표시 준수","유효 기록 확인","적합 기록 확인","완료","완료","60","60","47","850","mPa·s","합성 데이터; 물성 예측 아님; seed=20261002"
"PA-208","PA-208-M4","PA-208-S4","4","2026-09-09T16:04:00Z","POLY-A","DEMO-P1 (가상)","정제수 (가상 기록)","10","990","1","40","300","20","물 → 고분자, 가상 절차","육안 덩어리 미관찰","육안; 위치별 농도 분석 미실시","23","2","25","완료","육안 미관찰","추가 교반 없음","30","DEMO-V01","DEMO 회전식 점도계","DEMO-S1","DEMO-600","400","표시 준수","유효 기록 확인","적합 기록 확인","완료","완료","60","60","51","1680","cP","합성 데이터; 물성 예측 아님; seed=20261002"
"PA-209","PA-209-M1","PA-209-S1","1","2026-09-09T17:01:00Z","POLY-A","DEMO-P1 (가상)","정제수 (가상 기록)","10","990","1","40","300","20","물 → 고분자, 가상 절차","육안 덩어리 미관찰","육안; 위치별 농도 분석 미실시","23","2","25","완료","관찰됨","추가 교반 없음","30","DEMO-V01","DEMO 회전식 점도계","DEMO-S1","DEMO-600","400","표시 준수","유효 기록 확인","적합 기록 확인","완료","완료","60","60","47","1212","mPa·s","합성 데이터; 물성 예측 아님; seed=20261002"
"PA-209","PA-209-M2","PA-209-S2","2","2026-09-09T17:02:00Z","POLY-A","DEMO-P1 (가상)","정제수 (가상 기록)","10","990","1","40","300","20","물 → 고분자, 가상 절차","육안 덩어리 미관찰","육안; 위치별 농도 분석 미실시","23","2","25","미확인","육안 미관찰","추가 교반 없음","30","DEMO-V01","DEMO 회전식 점도계","DEMO-S1","DEMO-600","400","표시 준수","유효 기록 확인","적합 기록 확인","완료","완료","60","60","58","1194","mPa·s","합성 데이터; 물성 예측 아님; seed=20261002"
"PA-209","PA-209-M3","PA-209-S3","3","2026-09-09T17:03:00Z","POLY-A","DEMO-P1 (가상)","정제수 (가상 기록)","10","990","1","40","300","20","물 → 고분자, 가상 절차","육안 덩어리 미관찰","육안; 위치별 농도 분석 미실시","23","2","25","완료","육안 미관찰","추가 교반 없음","30","DEMO-V01","DEMO 회전식 점도계","DEMO-S1","DEMO-600","400","미준수","유효 기록 확인","적합 기록 확인","완료","완료","60","60","58","1203","mPa·s","합성 데이터; 물성 예측 아님; seed=20261002"
"PA-209","PA-209-M4","PA-209-S4","4","2026-09-09T17:04:00Z","POLY-A","DEMO-P1 (가상)","정제수 (가상 기록)","10","990","1","40","300","20","물 → 고분자, 가상 절차","육안 덩어리 미관찰","육안; 위치별 농도 분석 미실시","23","2","25","완료","육안 미관찰","추가 교반 없음","30","DEMO-V01","DEMO 회전식 점도계","DEMO-S1","DEMO-600","400","표시 준수","유효 기록 확인","적합 기록 확인","완료","완료","60","60","5","1188","cP","합성 데이터; 물성 예측 아님; seed=20261002"
"PA-210","PA-210-M1","PA-210-S1","1","2026-09-09T18:01:00Z","POLY-A","DEMO-P1 (가상)","정제수 (가상 기록)","10","990","1","45","300","20","물 → 고분자, 가상 절차","육안 덩어리 미관찰","육안; 위치별 농도 분석 미실시","23","2","28","완료","육안 미관찰","추가 교반 없음","30","DEMO-V01","DEMO 회전식 점도계","DEMO-S1","DEMO-600","400","표시 준수","유효 기록 확인","적합 기록 확인","완료","완료","60","60","57","1750","mPa·s","합성 데이터; 물성 예측 아님; seed=20261002"
"PA-210","PA-210-M2","PA-210-S2","2","2026-09-09T18:02:00Z","POLY-A","DEMO-P1 (가상)","정제수 (가상 기록)","10","990","1","45","300","20","물 → 고분자, 가상 절차","육안 덩어리 미관찰","육안; 위치별 농도 분석 미실시","23","2","28","완료","육안 미관찰","추가 교반 없음","30","DEMO-V01","DEMO 회전식 점도계","DEMO-S1","DEMO-600","400","표시 준수","유효 기록 확인","적합 기록 확인","완료","완료","60","60","51","1750","mPa·s","합성 데이터; 물성 예측 아님; seed=20261002"
"PA-210","PA-210-M3","PA-210-S3","3","2026-09-09T18:03:00Z","POLY-A","DEMO-P1 (가상)","정제수 (가상 기록)","10","990","1","45","300","20","물 → 고분자, 가상 절차","육안 덩어리 미관찰","육안; 위치별 농도 분석 미실시","23","2","28","완료","육안 미관찰","추가 교반 없음","30","DEMO-V01","DEMO 회전식 점도계","DEMO-S1","DEMO-600","400","표시 준수","유효 기록 확인","적합 기록 확인","완료","완료","60","60","56","1750","mPa·s","합성 데이터; 물성 예측 아님; seed=20261002"
"PA-210","PA-210-M4","PA-210-S4","4","2026-09-09T18:04:00Z","POLY-A","DEMO-P1 (가상)","정제수 (가상 기록)","10","990","1","45","300","20","물 → 고분자, 가상 절차","육안 덩어리 미관찰","육안; 위치별 농도 분석 미실시","23","2","28","완료","육안 미관찰","추가 교반 없음","30","DEMO-V01","DEMO 회전식 점도계","DEMO-S1","DEMO-600","400","표시 준수","유효 기록 확인","적합 기록 확인","완료","완료","60","60","49","1750","cP","합성 데이터; 물성 예측 아님; seed=20261002"
"PA-211","PA-211-M1","PA-211-S1","1","2026-09-09T19:01:00Z","POLY-A","DEMO-P1 (가상)","정제수 (가상 기록)","10","990","1","40","300","20","물 → 고분자, 가상 절차","육안 덩어리 미관찰","육안; 위치별 농도 분석 미실시","23","2","25","완료","육안 미관찰","추가 교반 없음","30","DEMO-V01","DEMO 회전식 점도계","DEMO-S1","DEMO-600","400","표시 준수","유효 기록 확인","적합 기록 확인","완료","완료","60","60","52","1206","mPa·s","합성 데이터; 물성 예측 아님; seed=20261002"
"PA-211","PA-211-M2","PA-211-S2","2","2026-09-09T19:02:00Z","POLY-A","DEMO-P1 (가상)","정제수 (가상 기록)","10","990","1","40","300","20","물 → 고분자, 가상 절차","육안 덩어리 미관찰","육안; 위치별 농도 분석 미실시","23","2","25","완료","육안 미관찰","추가 교반 없음","30","DEMO-V01","DEMO 회전식 점도계","DEMO-S1","DEMO-600","400","표시 준수","유효 기록 확인","적합 기록 확인","완료","완료","60","60","63","1200","mPa·s","합성 데이터; 물성 예측 아님; seed=20261002"
"PA-211","PA-211-M3","PA-211-S3","3","2026-09-09T19:03:00Z","POLY-A","DEMO-P1 (가상)","정제수 (가상 기록)","10","990","1","40","300","20","물 → 고분자, 가상 절차","육안 덩어리 미관찰","육안; 위치별 농도 분석 미실시","23","2","25","완료","육안 미관찰","추가 교반 없음","30","DEMO-V01","DEMO 회전식 점도계","DEMO-S1","DEMO-600","400","표시 준수","유효 기록 확인","적합 기록 확인","완료","완료","60","60","63","1196","mPa·s","합성 데이터; 물성 예측 아님; seed=20261002"
"PA-211","PA-211-M4","PA-211-S4","4","2026-09-09T19:04:00Z","POLY-A","DEMO-P1 (가상)","정제수 (가상 기록)","10","990","1","40","300","20","물 → 고분자, 가상 절차","육안 덩어리 미관찰","육안; 위치별 농도 분석 미실시","23","2","25","완료","육안 미관찰","추가 교반 없음","30","DEMO-V01","DEMO 회전식 점도계","DEMO-S1","DEMO-600","400","표시 준수","유효 기록 확인","적합 기록 확인","완료","완료","60","60","45","1218","cP","합성 데이터; 물성 예측 아님; seed=20261002"
"PA-212","PA-212-M1","PA-212-S1","1","2026-09-09T20:01:00Z","POLY-A","DEMO-P1 (가상)","정제수 (가상 기록)","10","990","1","40","300","20","물 → 고분자, 가상 절차","육안 덩어리 미관찰","육안; 위치별 농도 분석 미실시","23","2","25","완료","육안 미관찰","추가 교반 없음","30","DEMO-V01","DEMO 회전식 점도계","DEMO-S1","DEMO-600","400","표시 준수","유효 기록 확인","적합 기록 확인","완료","완료","60","60","63","1323","mPa·s","합성 데이터; 물성 예측 아님; seed=20261002"
"PA-212","PA-212-M2","PA-212-S2","2","2026-09-09T20:02:00Z","POLY-A","DEMO-P1 (가상)","정제수 (가상 기록)","10","990","1","40","300","20","물 → 고분자, 가상 절차","육안 덩어리 미관찰","육안; 위치별 농도 분석 미실시","23","2","25","완료","육안 미관찰","추가 교반 없음","30","DEMO-V01","DEMO 회전식 점도계","DEMO-S1","DEMO-600","400","표시 준수","유효 기록 확인","적합 기록 확인","완료","완료","60","60","60","1319","mPa·s","합성 데이터; 물성 예측 아님; seed=20261002"
"PA-212","PA-212-M3","PA-212-S3","3","2026-09-09T20:03:00Z","POLY-A","DEMO-P1 (가상)","정제수 (가상 기록)","10","990","1","40","300","20","물 → 고분자, 가상 절차","육안 덩어리 미관찰","육안; 위치별 농도 분석 미실시","23","2","25","완료","육안 미관찰","추가 교반 없음","30","DEMO-V01","DEMO 회전식 점도계","DEMO-S1","DEMO-600","400","표시 준수","유효 기록 확인","적합 기록 확인","완료","완료","60","60","57","1323","mPa·s","합성 데이터; 물성 예측 아님; seed=20261002"
"PA-212","PA-212-M4","PA-212-S4","4","2026-09-09T20:04:00Z","POLY-A","DEMO-P1 (가상)","정제수 (가상 기록)","10","990","1","40","300","20","물 → 고분자, 가상 절차","육안 덩어리 미관찰","육안; 위치별 농도 분석 미실시","23","2","25","완료","육안 미관찰","추가 교반 없음","30","DEMO-V01","DEMO 회전식 점도계","DEMO-S1","DEMO-600","400","표시 준수","유효 기록 확인","적합 기록 확인","완료","완료","60","60","61","1293","cP","합성 데이터; 물성 예측 아님; seed=20261002"
"PA-213","PA-213-M1","PA-213-S1","1","2026-09-09T21:01:00Z","POLY-A","DEMO-P1 (가상)","정제수 (가상 기록)","10","990","1","40","300","20","물 → 고분자, 가상 절차","육안 덩어리 미관찰","육안; 위치별 농도 분석 미실시","23","2","25","완료","육안 미관찰","추가 교반 없음","30","DEMO-V01","DEMO 회전식 점도계","DEMO-S1","DEMO-600","400","표시 준수","유효 기록 확인","적합 기록 확인","완료","완료","60","60","55","1196","mPa·s","합성 데이터; 물성 예측 아님; seed=20261002"
"PA-213","PA-213-M2","PA-213-S2","2","2026-09-09T21:02:00Z","POLY-A","DEMO-P1 (가상)","정제수 (가상 기록)","10","990","1","40","300","20","물 → 고분자, 가상 절차","육안 덩어리 미관찰","육안; 위치별 농도 분석 미실시","23","2","25","완료","육안 미관찰","추가 교반 없음","30","DEMO-V01","DEMO 회전식 점도계","DEMO-S1","DEMO-600","400","표시 준수","유효 기록 확인","적합 기록 확인","완료","완료","60","60","60","1200","mPa·s","합성 데이터; 물성 예측 아님; seed=20261002"
"PA-213","PA-213-M3","PA-213-S3","3","2026-09-09T21:03:00Z","POLY-A","DEMO-P1 (가상)","정제수 (가상 기록)","10","990","1","40","300","20","물 → 고분자, 가상 절차","육안 덩어리 미관찰","육안; 위치별 농도 분석 미실시","23","2","25","완료","육안 미관찰","추가 교반 없음","30","DEMO-V01","DEMO 회전식 점도계","DEMO-S1","DEMO-600","400","표시 준수","유효 기록 확인","적합 기록 확인","완료","완료","60","60","60","1213","mPa·s","합성 데이터; 물성 예측 아님; seed=20261002"
"PA-213","PA-213-M4","PA-213-S4","4","2026-09-09T21:04:00Z","POLY-A","DEMO-P1 (가상)","정제수 (가상 기록)","10","990","1","40","300","20","물 → 고분자, 가상 절차","육안 덩어리 미관찰","육안; 위치별 농도 분석 미실시","23","2","25","완료","육안 미관찰","추가 교반 없음","30","DEMO-V01","DEMO 회전식 점도계","DEMO-S1","DEMO-600","400","표시 준수","유효 기록 확인","적합 기록 확인","완료","완료","60","60","61","1208","cP","합성 데이터; 물성 예측 아님; seed=20261002"
"PA-214","PA-214-M1","PA-214-S1","1","2026-09-09T22:01:00Z","POLY-A","DEMO-P1 (가상)","정제수 (가상 기록)","10","990","1","40","300","20","물 → 고분자, 가상 절차","육안 덩어리 미관찰","육안; 위치별 농도 분석 미실시","23","2","25","완료","육안 미관찰","추가 교반 없음","30","DEMO-V01","DEMO 회전식 점도계","DEMO-S1","DEMO-600","400","표시 준수","유효 기록 확인","적합 기록 확인","완료","완료","60","60","60","1292","mPa·s","합성 데이터; 물성 예측 아님; seed=20261002"
"PA-214","PA-214-M2","PA-214-S2","2","2026-09-09T22:02:00Z","POLY-A","DEMO-P1 (가상)","정제수 (가상 기록)","10","990","1","40","300","20","물 → 고분자, 가상 절차","육안 덩어리 미관찰","육안; 위치별 농도 분석 미실시","23","2","25","완료","육안 미관찰","추가 교반 없음","30","DEMO-V01","DEMO 회전식 점도계","DEMO-S1","DEMO-600","400","표시 준수","유효 기록 확인","적합 기록 확인","완료","완료","60","60","45","1328","mPa·s","합성 데이터; 물성 예측 아님; seed=20261002"
"PA-214","PA-214-M3","PA-214-S3","3","2026-09-09T22:03:00Z","POLY-A","DEMO-P1 (가상)","정제수 (가상 기록)","10","990","1","40","300","20","물 → 고분자, 가상 절차","육안 덩어리 미관찰","육안; 위치별 농도 분석 미실시","23","2","25","완료","육안 미관찰","추가 교반 없음","30","DEMO-V01","DEMO 회전식 점도계","DEMO-S1","DEMO-600","400","표시 준수","유효 기록 확인","적합 기록 확인","완료","완료","60","60","54","1325","mPa·s","합성 데이터; 물성 예측 아님; seed=20261002"
"PA-214","PA-214-M4","PA-214-S4","4","2026-09-09T22:04:00Z","POLY-A","DEMO-P1 (가상)","정제수 (가상 기록)","10","990","1","40","300","20","물 → 고분자, 가상 절차","육안 덩어리 미관찰","육안; 위치별 농도 분석 미실시","23","2","25","완료","육안 미관찰","추가 교반 없음","30","DEMO-V01","DEMO 회전식 점도계","DEMO-S1","DEMO-600","400","표시 준수","유효 기록 확인","적합 기록 확인","완료","완료","60","60","56","1294","cP","합성 데이터; 물성 예측 아님; seed=20261002"
"PA-215","PA-215-M1","PA-215-S1","1","2026-09-09T23:01:00Z","POLY-A","DEMO-P1 (가상)","정제수 (가상 기록)","10","990","1","45","300","20","물 → 고분자, 가상 절차","육안 덩어리 미관찰","육안; 위치별 농도 분석 미실시","23","2","25","완료","육안 미관찰","추가 교반 없음","30","DEMO-V01","DEMO 회전식 점도계","DEMO-S1","DEMO-600","400","표시 준수","유효 기록 확인","적합 기록 확인","완료","완료","60","60","47","1161","mPa·s","합성 데이터; 물성 예측 아님; seed=20261002"
"PA-215","PA-215-M2","PA-215-S2","2","2026-09-09T23:02:00Z","POLY-A","DEMO-P1 (가상)","정제수 (가상 기록)","10","990","1","45","300","20","물 → 고분자, 가상 절차","육안 덩어리 미관찰","육안; 위치별 농도 분석 미실시","23","2","25","완료","육안 미관찰","추가 교반 없음","30","DEMO-V01","DEMO 회전식 점도계","DEMO-S1","DEMO-600","400","표시 준수","유효 기록 확인","적합 기록 확인","완료","완료","60","60","65","1193","mPa·s","합성 데이터; 물성 예측 아님; seed=20261002"
"PA-215","PA-215-M3","PA-215-S3","3","2026-09-09T23:03:00Z","POLY-A","DEMO-P1 (가상)","정제수 (가상 기록)","10","990","1","45","300","20","물 → 고분자, 가상 절차","육안 덩어리 미관찰","육안; 위치별 농도 분석 미실시","23","2","25","완료","육안 미관찰","추가 교반 없음","30","DEMO-V01","DEMO 회전식 점도계","DEMO-S1","DEMO-600","400","표시 준수","유효 기록 확인","적합 기록 확인","완료","완료","60","60","48","1164","mPa·s","합성 데이터; 물성 예측 아님; seed=20261002"
"PA-215","PA-215-M4","PA-215-S4","4","2026-09-09T23:04:00Z","POLY-A","DEMO-P1 (가상)","정제수 (가상 기록)","10","990","1","45","300","20","물 → 고분자, 가상 절차","육안 덩어리 미관찰","육안; 위치별 농도 분석 미실시","23","2","25","완료","육안 미관찰","추가 교반 없음","30","DEMO-V01","DEMO 회전식 점도계","DEMO-S1","DEMO-600","400","표시 준수","유효 기록 확인","적합 기록 확인","완료","완료","60","60","53","1174","cP","합성 데이터; 물성 예측 아님; seed=20261002"
"PA-216","PA-216-M1","PA-216-S1","1","2026-09-10T00:01:00Z","POLY-A","DEMO-P1 (가상)","정제수 (가상 기록)","10","990","1","40","300","20","물 → 고분자, 가상 절차","육안 덩어리 미관찰","육안; 위치별 농도 분석 미실시","23","2","28","완료","육안 미관찰","추가 교반 없음","30","DEMO-V01","DEMO 회전식 점도계","DEMO-S1","DEMO-600","400","표시 준수","유효 기록 확인","적합 기록 확인","완료","완료","60","60","64","1278","mPa·s","합성 데이터; 물성 예측 아님; seed=20261002"
"PA-216","PA-216-M2","PA-216-S2","2","2026-09-10T00:02:00Z","POLY-A","DEMO-P1 (가상)","정제수 (가상 기록)","10","990","1","40","300","20","물 → 고분자, 가상 절차","육안 덩어리 미관찰","육안; 위치별 농도 분석 미실시","23","2","25","완료","육안 미관찰","추가 교반 없음","30","DEMO-V01","DEMO 회전식 점도계","DEMO-S1","DEMO-600","400","표시 준수","유효 기록 확인","적합 기록 확인","완료","완료","30","60","63","1277","mPa·s","합성 데이터; 물성 예측 아님; seed=20261002"
"PA-216","PA-216-M3","PA-216-S3","3","2026-09-10T00:03:00Z","POLY-A","DEMO-P1 (가상)","정제수 (가상 기록)","10","990","1","40","300","20","물 → 고분자, 가상 절차","육안 덩어리 미관찰","육안; 위치별 농도 분석 미실시","23","2","25","완료","육안 미관찰","추가 교반 없음","30","DEMO-V01","DEMO 회전식 점도계","DEMO-S2","DEMO-600","400","표시 준수","유효 기록 확인","적합 기록 확인","완료","완료","60","60","60","1278","mPa·s","합성 데이터; 물성 예측 아님; seed=20261002"
"PA-216","PA-216-M4","PA-216-S4","4","2026-09-10T00:04:00Z","POLY-A","DEMO-P1 (가상)","정제수 (가상 기록)","10","990","1","40","300","20","물 → 고분자, 가상 절차","육안 덩어리 미관찰","육안; 위치별 농도 분석 미실시","23","2","25","완료","육안 미관찰","추가 교반 없음","30","DEMO-V01","DEMO 회전식 점도계","DEMO-S1","DEMO-600","400","표시 준수","유효 기록 확인","적합 기록 확인","완료","완료","60","20","47","1276","cP","합성 데이터; 물성 예측 아님; seed=20261002"
"PA-217","PA-217-M1","PA-217-S1","1","2026-09-10T01:01:00Z","POLY-A","DEMO-P1 (가상)","정제수 (가상 기록)","10","990","1","40","300","20","물 → 고분자, 가상 절차","육안 덩어리 미관찰","육안; 위치별 농도 분석 미실시","23","2","","완료","육안 미관찰","추가 교반 없음","30","DEMO-V01","DEMO 회전식 점도계","DEMO-S1","DEMO-600","400","표시 준수","유효 기록 확인","적합 기록 확인","완료","완료","60","60","60","1267","mPa·s","합성 데이터; 물성 예측 아님; seed=20261002"
"PA-217","PA-217-M2","PA-217-S2","2","2026-09-10T01:02:00Z","POLY-A","DEMO-P1 (가상)","정제수 (가상 기록)","10","990","1","40","300","20","물 → 고분자, 가상 절차","육안 덩어리 미관찰","육안; 위치별 농도 분석 미실시","23","2","25","완료","육안 미관찰","추가 교반 없음","30","DEMO-V01","DEMO 회전식 점도계","DEMO-S1","DEMO-600","400","표시 준수","유효 기록 확인","적합 기록 확인","완료","완료","","60","64","1279","mPa·s","합성 데이터; 물성 예측 아님; seed=20261002"
"PA-217","PA-217-M3","PA-217-S3","3","2026-09-10T01:03:00Z","POLY-A","DEMO-P1 (가상)","정제수 (가상 기록)","10","990","1","40","300","20","물 → 고분자, 가상 절차","육안 덩어리 미관찰","육안; 위치별 농도 분석 미실시","23","2","25","완료","육안 미관찰","추가 교반 없음","30","DEMO-V01","DEMO 회전식 점도계","DEMO-S1","DEMO-600","400","표시 준수","유효 기록 확인","적합 기록 확인","완료","완료","60","60","50","","mPa·s","합성 데이터; 물성 예측 아님; seed=20261002"
"PA-217","PA-217-M4","PA-217-S4","4","2026-09-10T01:04:00Z","POLY-A","DEMO-P1 (가상)","정제수 (가상 기록)","10","990","1","40","300","20","물 → 고분자, 가상 절차","육안 덩어리 미관찰","육안; 위치별 농도 분석 미실시","23","2","25","","육안 미관찰","추가 교반 없음","30","DEMO-V01","DEMO 회전식 점도계","DEMO-S1","DEMO-600","400","표시 준수","유효 기록 확인","적합 기록 확인","완료","완료","60","60","49","1302","cP","합성 데이터; 물성 예측 아님; seed=20261002"
"PA-218","PA-218-M1","PA-218-S1","1","2026-09-10T02:01:00Z","POLY-A","DEMO-P1 (가상)","정제수 (가상 기록)","10","990","1","40","300","20","물 → 고분자, 가상 절차","육안 덩어리 미관찰","육안; 위치별 농도 분석 미실시","23","2","25","완료","육안 미관찰","추가 교반 없음","30","DEMO-V01","DEMO 회전식 점도계","DEMO-S1","DEMO-600","400","표시 준수","유효 기록 확인","적합 기록 확인","완료","완료","60","60","62","850","mPa·s","합성 데이터; 물성 예측 아님; seed=20261002"
"PA-218","PA-218-M2","PA-218-S2","2","2026-09-10T02:02:00Z","POLY-A","DEMO-P1 (가상)","정제수 (가상 기록)","10","990","1","40","300","20","물 → 고분자, 가상 절차","육안 덩어리 미관찰","육안; 위치별 농도 분석 미실시","23","2","25","완료","육안 미관찰","추가 교반 없음","30","DEMO-V01","DEMO 회전식 점도계","DEMO-S1","DEMO-600","400","표시 준수","유효 기록 확인","적합 기록 확인","완료","완료","60","60","57","1680","mPa·s","합성 데이터; 물성 예측 아님; seed=20261002"
"PA-218","PA-218-M3","PA-218-S3","3","2026-09-10T02:03:00Z","POLY-A","DEMO-P1 (가상)","정제수 (가상 기록)","10","990","1","40","300","20","물 → 고분자, 가상 절차","육안 덩어리 미관찰","육안; 위치별 농도 분석 미실시","23","2","25","완료","육안 미관찰","추가 교반 없음","30","DEMO-V01","DEMO 회전식 점도계","DEMO-S1","DEMO-600","400","표시 준수","유효 기록 확인","적합 기록 확인","완료","완료","60","60","60","850","mPa·s","합성 데이터; 물성 예측 아님; seed=20261002"
"PA-218","PA-218-M4","PA-218-S4","4","2026-09-10T02:04:00Z","POLY-A","DEMO-P1 (가상)","정제수 (가상 기록)","10","990","1","40","300","20","물 → 고분자, 가상 절차","육안 덩어리 미관찰","육안; 위치별 농도 분석 미실시","23","2","25","완료","육안 미관찰","추가 교반 없음","30","DEMO-V01","DEMO 회전식 점도계","DEMO-S1","DEMO-600","400","표시 준수","유효 기록 확인","적합 기록 확인","완료","완료","60","60","59","1680","cP","합성 데이터; 물성 예측 아님; seed=20261002"
"PA-219","PA-219-M1","PA-219-S1","1","2026-09-10T03:01:00Z","POLY-A","DEMO-P1 (가상)","정제수 (가상 기록)","10","990","1","40","300","20","물 → 고분자, 가상 절차","육안 덩어리 미관찰","육안; 위치별 농도 분석 미실시","23","2","25","완료","관찰됨","추가 교반 없음","30","DEMO-V01","DEMO 회전식 점도계","DEMO-S1","DEMO-600","400","표시 준수","유효 기록 확인","적합 기록 확인","완료","완료","60","60","48","1144","mPa·s","합성 데이터; 물성 예측 아님; seed=20261002"
"PA-219","PA-219-M2","PA-219-S2","2","2026-09-10T03:02:00Z","POLY-A","DEMO-P1 (가상)","정제수 (가상 기록)","10","990","1","40","300","20","물 → 고분자, 가상 절차","육안 덩어리 미관찰","육안; 위치별 농도 분석 미실시","23","2","25","미확인","육안 미관찰","추가 교반 없음","30","DEMO-V01","DEMO 회전식 점도계","DEMO-S1","DEMO-600","400","표시 준수","유효 기록 확인","적합 기록 확인","완료","완료","60","60","63","1146","mPa·s","합성 데이터; 물성 예측 아님; seed=20261002"
"PA-219","PA-219-M3","PA-219-S3","3","2026-09-10T03:03:00Z","POLY-A","DEMO-P1 (가상)","정제수 (가상 기록)","10","990","1","40","300","20","물 → 고분자, 가상 절차","육안 덩어리 미관찰","육안; 위치별 농도 분석 미실시","23","2","25","완료","육안 미관찰","추가 교반 없음","30","DEMO-V01","DEMO 회전식 점도계","DEMO-S1","DEMO-600","400","미준수","유효 기록 확인","적합 기록 확인","완료","완료","60","60","51","1142","mPa·s","합성 데이터; 물성 예측 아님; seed=20261002"
"PA-219","PA-219-M4","PA-219-S4","4","2026-09-10T03:04:00Z","POLY-A","DEMO-P1 (가상)","정제수 (가상 기록)","10","990","1","40","300","20","물 → 고분자, 가상 절차","육안 덩어리 미관찰","육안; 위치별 농도 분석 미실시","23","2","25","완료","육안 미관찰","추가 교반 없음","30","DEMO-V01","DEMO 회전식 점도계","DEMO-S1","DEMO-600","400","표시 준수","유효 기록 확인","적합 기록 확인","완료","완료","60","60","5","1127","cP","합성 데이터; 물성 예측 아님; seed=20261002"
"PA-220","PA-220-M1","PA-220-S1","1","2026-09-10T04:01:00Z","POLY-A","DEMO-P1 (가상)","정제수 (가상 기록)","10","990","1","45","300","20","물 → 고분자, 가상 절차","육안 덩어리 미관찰","육안; 위치별 농도 분석 미실시","23","2","28","완료","육안 미관찰","추가 교반 없음","30","DEMO-V01","DEMO 회전식 점도계","DEMO-S1","DEMO-600","400","표시 준수","유효 기록 확인","적합 기록 확인","완료","완료","60","60","59","1750","mPa·s","합성 데이터; 물성 예측 아님; seed=20261002"
"PA-220","PA-220-M2","PA-220-S2","2","2026-09-10T04:02:00Z","POLY-A","DEMO-P1 (가상)","정제수 (가상 기록)","10","990","1","45","300","20","물 → 고분자, 가상 절차","육안 덩어리 미관찰","육안; 위치별 농도 분석 미실시","23","2","28","완료","육안 미관찰","추가 교반 없음","30","DEMO-V01","DEMO 회전식 점도계","DEMO-S1","DEMO-600","400","표시 준수","유효 기록 확인","적합 기록 확인","완료","완료","60","60","62","1750","mPa·s","합성 데이터; 물성 예측 아님; seed=20261002"
"PA-220","PA-220-M3","PA-220-S3","3","2026-09-10T04:03:00Z","POLY-A","DEMO-P1 (가상)","정제수 (가상 기록)","10","990","1","45","300","20","물 → 고분자, 가상 절차","육안 덩어리 미관찰","육안; 위치별 농도 분석 미실시","23","2","28","완료","육안 미관찰","추가 교반 없음","30","DEMO-V01","DEMO 회전식 점도계","DEMO-S1","DEMO-600","400","표시 준수","유효 기록 확인","적합 기록 확인","완료","완료","60","60","50","1750","mPa·s","합성 데이터; 물성 예측 아님; seed=20261002"
"PA-220","PA-220-M4","PA-220-S4","4","2026-09-10T04:04:00Z","POLY-A","DEMO-P1 (가상)","정제수 (가상 기록)","10","990","1","45","300","20","물 → 고분자, 가상 절차","육안 덩어리 미관찰","육안; 위치별 농도 분석 미실시","23","2","28","완료","육안 미관찰","추가 교반 없음","30","DEMO-V01","DEMO 회전식 점도계","DEMO-S1","DEMO-600","400","표시 준수","유효 기록 확인","적합 기록 확인","완료","완료","60","60","58","1750","cP","합성 데이터; 물성 예측 아님; seed=20261002"
"PA-221","PA-221-M1","PA-221-S1","1","2026-09-10T05:01:00Z","POLY-A","DEMO-P1 (가상)","정제수 (가상 기록)","10","990","1","40","300","20","물 → 고분자, 가상 절차","육안 덩어리 미관찰","육안; 위치별 농도 분석 미실시","23","2","25","완료","육안 미관찰","추가 교반 없음","30","DEMO-V01","DEMO 회전식 점도계","DEMO-S1","DEMO-600","400","표시 준수","유효 기록 확인","적합 기록 확인","완료","완료","60","60","62","1120","mPa·s","합성 데이터; 물성 예측 아님; seed=20261002"
"PA-221","PA-221-M2","PA-221-S2","2","2026-09-10T05:02:00Z","POLY-A","DEMO-P1 (가상)","정제수 (가상 기록)","10","990","1","40","300","20","물 → 고분자, 가상 절차","육안 덩어리 미관찰","육안; 위치별 농도 분석 미실시","23","2","25","완료","육안 미관찰","추가 교반 없음","30","DEMO-V01","DEMO 회전식 점도계","DEMO-S1","DEMO-600","400","표시 준수","유효 기록 확인","적합 기록 확인","완료","완료","60","60","48","1141","mPa·s","합성 데이터; 물성 예측 아님; seed=20261002"
"PA-221","PA-221-M3","PA-221-S3","3","2026-09-10T05:03:00Z","POLY-A","DEMO-P1 (가상)","정제수 (가상 기록)","10","990","1","40","300","20","물 → 고분자, 가상 절차","육안 덩어리 미관찰","육안; 위치별 농도 분석 미실시","23","2","25","완료","육안 미관찰","추가 교반 없음","30","DEMO-V01","DEMO 회전식 점도계","DEMO-S1","DEMO-600","400","표시 준수","유효 기록 확인","적합 기록 확인","완료","완료","60","60","55","1117","mPa·s","합성 데이터; 물성 예측 아님; seed=20261002"
"PA-221","PA-221-M4","PA-221-S4","4","2026-09-10T05:04:00Z","POLY-A","DEMO-P1 (가상)","정제수 (가상 기록)","10","990","1","40","300","20","물 → 고분자, 가상 절차","육안 덩어리 미관찰","육안; 위치별 농도 분석 미실시","23","2","25","완료","육안 미관찰","추가 교반 없음","30","DEMO-V01","DEMO 회전식 점도계","DEMO-S1","DEMO-600","400","표시 준수","유효 기록 확인","적합 기록 확인","완료","완료","60","60","64","1135","cP","합성 데이터; 물성 예측 아님; seed=20261002"
"PA-222","PA-222-M1","PA-222-S1","1","2026-09-10T06:01:00Z","POLY-A","DEMO-P1 (가상)","정제수 (가상 기록)","10","990","1","40","300","20","물 → 고분자, 가상 절차","육안 덩어리 미관찰","육안; 위치별 농도 분석 미실시","23","2","25","완료","육안 미관찰","추가 교반 없음","30","DEMO-V01","DEMO 회전식 점도계","DEMO-S1","DEMO-600","400","표시 준수","유효 기록 확인","적합 기록 확인","완료","완료","60","60","56","1202","mPa·s","합성 데이터; 물성 예측 아님; seed=20261002"
"PA-222","PA-222-M2","PA-222-S2","2","2026-09-10T06:02:00Z","POLY-A","DEMO-P1 (가상)","정제수 (가상 기록)","10","990","1","40","300","20","물 → 고분자, 가상 절차","육안 덩어리 미관찰","육안; 위치별 농도 분석 미실시","23","2","25","완료","육안 미관찰","추가 교반 없음","30","DEMO-V01","DEMO 회전식 점도계","DEMO-S1","DEMO-600","400","표시 준수","유효 기록 확인","적합 기록 확인","완료","완료","60","60","56","1216","mPa·s","합성 데이터; 물성 예측 아님; seed=20261002"
"PA-222","PA-222-M3","PA-222-S3","3","2026-09-10T06:03:00Z","POLY-A","DEMO-P1 (가상)","정제수 (가상 기록)","10","990","1","40","300","20","물 → 고분자, 가상 절차","육안 덩어리 미관찰","육안; 위치별 농도 분석 미실시","23","2","25","완료","육안 미관찰","추가 교반 없음","30","DEMO-V01","DEMO 회전식 점도계","DEMO-S1","DEMO-600","400","표시 준수","유효 기록 확인","적합 기록 확인","완료","완료","60","60","52","1192","mPa·s","합성 데이터; 물성 예측 아님; seed=20261002"
"PA-222","PA-222-M4","PA-222-S4","4","2026-09-10T06:04:00Z","POLY-A","DEMO-P1 (가상)","정제수 (가상 기록)","10","990","1","40","300","20","물 → 고분자, 가상 절차","육안 덩어리 미관찰","육안; 위치별 농도 분석 미실시","23","2","25","완료","육안 미관찰","추가 교반 없음","30","DEMO-V01","DEMO 회전식 점도계","DEMO-S1","DEMO-600","400","표시 준수","유효 기록 확인","적합 기록 확인","완료","완료","60","60","63","1209","cP","합성 데이터; 물성 예측 아님; seed=20261002"
"PA-223","PA-223-M1","PA-223-S1","1","2026-09-10T07:01:00Z","POLY-A","DEMO-P1 (가상)","정제수 (가상 기록)","10","990","1","40","300","20","물 → 고분자, 가상 절차","육안 덩어리 미관찰","육안; 위치별 농도 분석 미실시","23","2","25","완료","육안 미관찰","추가 교반 없음","30","DEMO-V01","DEMO 회전식 점도계","DEMO-S1","DEMO-600","400","표시 준수","유효 기록 확인","적합 기록 확인","완료","완료","60","60","47","1210","mPa·s","합성 데이터; 물성 예측 아님; seed=20261002"
"PA-223","PA-223-M2","PA-223-S2","2","2026-09-10T07:02:00Z","POLY-A","DEMO-P1 (가상)","정제수 (가상 기록)","10","990","1","40","300","20","물 → 고분자, 가상 절차","육안 덩어리 미관찰","육안; 위치별 농도 분석 미실시","23","2","25","완료","육안 미관찰","추가 교반 없음","30","DEMO-V01","DEMO 회전식 점도계","DEMO-S1","DEMO-600","400","표시 준수","유효 기록 확인","적합 기록 확인","완료","완료","60","60","49","1235","mPa·s","합성 데이터; 물성 예측 아님; seed=20261002"
"PA-223","PA-223-M3","PA-223-S3","3","2026-09-10T07:03:00Z","POLY-A","DEMO-P1 (가상)","정제수 (가상 기록)","10","990","1","40","300","20","물 → 고분자, 가상 절차","육안 덩어리 미관찰","육안; 위치별 농도 분석 미실시","23","2","25","완료","육안 미관찰","추가 교반 없음","30","DEMO-V01","DEMO 회전식 점도계","DEMO-S1","DEMO-600","400","표시 준수","유효 기록 확인","적합 기록 확인","완료","완료","60","60","59","1218","mPa·s","합성 데이터; 물성 예측 아님; seed=20261002"
"PA-223","PA-223-M4","PA-223-S4","4","2026-09-10T07:04:00Z","POLY-A","DEMO-P1 (가상)","정제수 (가상 기록)","10","990","1","40","300","20","물 → 고분자, 가상 절차","육안 덩어리 미관찰","육안; 위치별 농도 분석 미실시","23","2","25","완료","육안 미관찰","추가 교반 없음","30","DEMO-V01","DEMO 회전식 점도계","DEMO-S1","DEMO-600","400","표시 준수","유효 기록 확인","적합 기록 확인","완료","완료","60","60","56","1227","cP","합성 데이터; 물성 예측 아님; seed=20261002"
"PA-224","PA-224-M1","PA-224-S1","1","2026-09-10T08:01:00Z","POLY-A","DEMO-P1 (가상)","정제수 (가상 기록)","10","990","1","40","300","20","물 → 고분자, 가상 절차","육안 덩어리 미관찰","육안; 위치별 농도 분석 미실시","23","2","25","완료","육안 미관찰","추가 교반 없음","30","DEMO-V01","DEMO 회전식 점도계","DEMO-S1","DEMO-600","400","표시 준수","유효 기록 확인","적합 기록 확인","완료","완료","60","60","45","1231","mPa·s","합성 데이터; 물성 예측 아님; seed=20261002"
"PA-224","PA-224-M2","PA-224-S2","2","2026-09-10T08:02:00Z","POLY-A","DEMO-P1 (가상)","정제수 (가상 기록)","10","990","1","40","300","20","물 → 고분자, 가상 절차","육안 덩어리 미관찰","육안; 위치별 농도 분석 미실시","23","2","25","완료","육안 미관찰","추가 교반 없음","30","DEMO-V01","DEMO 회전식 점도계","DEMO-S1","DEMO-600","400","표시 준수","유효 기록 확인","적합 기록 확인","완료","완료","60","60","51","1197","mPa·s","합성 데이터; 물성 예측 아님; seed=20261002"
"PA-224","PA-224-M3","PA-224-S3","3","2026-09-10T08:03:00Z","POLY-A","DEMO-P1 (가상)","정제수 (가상 기록)","10","990","1","40","300","20","물 → 고분자, 가상 절차","육안 덩어리 미관찰","육안; 위치별 농도 분석 미실시","23","2","25","완료","육안 미관찰","추가 교반 없음","30","DEMO-V01","DEMO 회전식 점도계","DEMO-S1","DEMO-600","400","표시 준수","유효 기록 확인","적합 기록 확인","완료","완료","60","60","57","1212","mPa·s","합성 데이터; 물성 예측 아님; seed=20261002"
"PA-224","PA-224-M4","PA-224-S4","4","2026-09-10T08:04:00Z","POLY-A","DEMO-P1 (가상)","정제수 (가상 기록)","10","990","1","40","300","20","물 → 고분자, 가상 절차","육안 덩어리 미관찰","육안; 위치별 농도 분석 미실시","23","2","25","완료","육안 미관찰","추가 교반 없음","30","DEMO-V01","DEMO 회전식 점도계","DEMO-S1","DEMO-600","400","표시 준수","유효 기록 확인","적합 기록 확인","완료","완료","60","60","52","1211","cP","합성 데이터; 물성 예측 아님; seed=20261002"
"PA-225","PA-225-M1","PA-225-S1","1","2026-09-10T09:01:00Z","POLY-A","DEMO-P1 (가상)","정제수 (가상 기록)","10","990","1","45","300","20","물 → 고분자, 가상 절차","육안 덩어리 미관찰","육안; 위치별 농도 분석 미실시","23","2","25","완료","육안 미관찰","추가 교반 없음","30","DEMO-V01","DEMO 회전식 점도계","DEMO-S1","DEMO-600","400","표시 준수","유효 기록 확인","적합 기록 확인","완료","완료","60","60","47","1315","mPa·s","합성 데이터; 물성 예측 아님; seed=20261002"
"PA-225","PA-225-M2","PA-225-S2","2","2026-09-10T09:02:00Z","POLY-A","DEMO-P1 (가상)","정제수 (가상 기록)","10","990","1","45","300","20","물 → 고분자, 가상 절차","육안 덩어리 미관찰","육안; 위치별 농도 분석 미실시","23","2","25","완료","육안 미관찰","추가 교반 없음","30","DEMO-V01","DEMO 회전식 점도계","DEMO-S1","DEMO-600","400","표시 준수","유효 기록 확인","적합 기록 확인","완료","완료","60","60","53","1293","mPa·s","합성 데이터; 물성 예측 아님; seed=20261002"
"PA-225","PA-225-M3","PA-225-S3","3","2026-09-10T09:03:00Z","POLY-A","DEMO-P1 (가상)","정제수 (가상 기록)","10","990","1","45","300","20","물 → 고분자, 가상 절차","육안 덩어리 미관찰","육안; 위치별 농도 분석 미실시","23","2","25","완료","육안 미관찰","추가 교반 없음","30","DEMO-V01","DEMO 회전식 점도계","DEMO-S1","DEMO-600","400","표시 준수","유효 기록 확인","적합 기록 확인","완료","완료","60","60","50","1289","mPa·s","합성 데이터; 물성 예측 아님; seed=20261002"
"PA-225","PA-225-M4","PA-225-S4","4","2026-09-10T09:04:00Z","POLY-A","DEMO-P1 (가상)","정제수 (가상 기록)","10","990","1","45","300","20","물 → 고분자, 가상 절차","육안 덩어리 미관찰","육안; 위치별 농도 분석 미실시","23","2","25","완료","육안 미관찰","추가 교반 없음","30","DEMO-V01","DEMO 회전식 점도계","DEMO-S1","DEMO-600","400","표시 준수","유효 기록 확인","적합 기록 확인","완료","완료","60","60","56","1317","cP","합성 데이터; 물성 예측 아님; seed=20261002"
"PA-226","PA-226-M1","PA-226-S1","1","2026-09-10T10:01:00Z","POLY-A","DEMO-P1 (가상)","정제수 (가상 기록)","10","990","1","40","300","20","물 → 고분자, 가상 절차","육안 덩어리 미관찰","육안; 위치별 농도 분석 미실시","23","2","28","완료","육안 미관찰","추가 교반 없음","30","DEMO-V01","DEMO 회전식 점도계","DEMO-S1","DEMO-600","400","표시 준수","유효 기록 확인","적합 기록 확인","완료","완료","60","60","46","1164","mPa·s","합성 데이터; 물성 예측 아님; seed=20261002"
"PA-226","PA-226-M2","PA-226-S2","2","2026-09-10T10:02:00Z","POLY-A","DEMO-P1 (가상)","정제수 (가상 기록)","10","990","1","40","300","20","물 → 고분자, 가상 절차","육안 덩어리 미관찰","육안; 위치별 농도 분석 미실시","23","2","25","완료","육안 미관찰","추가 교반 없음","30","DEMO-V01","DEMO 회전식 점도계","DEMO-S1","DEMO-600","400","표시 준수","유효 기록 확인","적합 기록 확인","완료","완료","30","60","62","1136","mPa·s","합성 데이터; 물성 예측 아님; seed=20261002"
"PA-226","PA-226-M3","PA-226-S3","3","2026-09-10T10:03:00Z","POLY-A","DEMO-P1 (가상)","정제수 (가상 기록)","10","990","1","40","300","20","물 → 고분자, 가상 절차","육안 덩어리 미관찰","육안; 위치별 농도 분석 미실시","23","2","25","완료","육안 미관찰","추가 교반 없음","30","DEMO-V01","DEMO 회전식 점도계","DEMO-S2","DEMO-600","400","표시 준수","유효 기록 확인","적합 기록 확인","완료","완료","60","60","58","1136","mPa·s","합성 데이터; 물성 예측 아님; seed=20261002"
"PA-226","PA-226-M4","PA-226-S4","4","2026-09-10T10:04:00Z","POLY-A","DEMO-P1 (가상)","정제수 (가상 기록)","10","990","1","40","300","20","물 → 고분자, 가상 절차","육안 덩어리 미관찰","육안; 위치별 농도 분석 미실시","23","2","25","완료","육안 미관찰","추가 교반 없음","30","DEMO-V01","DEMO 회전식 점도계","DEMO-S1","DEMO-600","400","표시 준수","유효 기록 확인","적합 기록 확인","완료","완료","60","20","50","1167","cP","합성 데이터; 물성 예측 아님; seed=20261002"
"PA-227","PA-227-M1","PA-227-S1","1","2026-09-10T11:01:00Z","POLY-A","DEMO-P1 (가상)","정제수 (가상 기록)","10","990","1","40","300","20","물 → 고분자, 가상 절차","육안 덩어리 미관찰","육안; 위치별 농도 분석 미실시","23","2","","완료","육안 미관찰","추가 교반 없음","30","DEMO-V01","DEMO 회전식 점도계","DEMO-S1","DEMO-600","400","표시 준수","유효 기록 확인","적합 기록 확인","완료","완료","60","60","64","1155","mPa·s","합성 데이터; 물성 예측 아님; seed=20261002"
"PA-227","PA-227-M2","PA-227-S2","2","2026-09-10T11:02:00Z","POLY-A","DEMO-P1 (가상)","정제수 (가상 기록)","10","990","1","40","300","20","물 → 고분자, 가상 절차","육안 덩어리 미관찰","육안; 위치별 농도 분석 미실시","23","2","25","완료","육안 미관찰","추가 교반 없음","30","DEMO-V01","DEMO 회전식 점도계","DEMO-S1","DEMO-600","400","표시 준수","유효 기록 확인","적합 기록 확인","완료","완료","","60","65","1149","mPa·s","합성 데이터; 물성 예측 아님; seed=20261002"
"PA-227","PA-227-M3","PA-227-S3","3","2026-09-10T11:03:00Z","POLY-A","DEMO-P1 (가상)","정제수 (가상 기록)","10","990","1","40","300","20","물 → 고분자, 가상 절차","육안 덩어리 미관찰","육안; 위치별 농도 분석 미실시","23","2","25","완료","육안 미관찰","추가 교반 없음","30","DEMO-V01","DEMO 회전식 점도계","DEMO-S1","DEMO-600","400","표시 준수","유효 기록 확인","적합 기록 확인","완료","완료","60","60","54","","mPa·s","합성 데이터; 물성 예측 아님; seed=20261002"
"PA-227","PA-227-M4","PA-227-S4","4","2026-09-10T11:04:00Z","POLY-A","DEMO-P1 (가상)","정제수 (가상 기록)","10","990","1","40","300","20","물 → 고분자, 가상 절차","육안 덩어리 미관찰","육안; 위치별 농도 분석 미실시","23","2","25","","육안 미관찰","추가 교반 없음","30","DEMO-V01","DEMO 회전식 점도계","DEMO-S1","DEMO-600","400","표시 준수","유효 기록 확인","적합 기록 확인","완료","완료","60","60","46","1153","cP","합성 데이터; 물성 예측 아님; seed=20261002"
"PA-228","PA-228-M1","PA-228-S1","1","2026-09-10T12:01:00Z","POLY-A","DEMO-P1 (가상)","정제수 (가상 기록)","10","990","1","40","300","20","물 → 고분자, 가상 절차","육안 덩어리 미관찰","육안; 위치별 농도 분석 미실시","23","2","25","완료","육안 미관찰","추가 교반 없음","30","DEMO-V01","DEMO 회전식 점도계","DEMO-S1","DEMO-600","400","표시 준수","유효 기록 확인","적합 기록 확인","완료","완료","60","60","47","850","mPa·s","합성 데이터; 물성 예측 아님; seed=20261002"
"PA-228","PA-228-M2","PA-228-S2","2","2026-09-10T12:02:00Z","POLY-A","DEMO-P1 (가상)","정제수 (가상 기록)","10","990","1","40","300","20","물 → 고분자, 가상 절차","육안 덩어리 미관찰","육안; 위치별 농도 분석 미실시","23","2","25","완료","육안 미관찰","추가 교반 없음","30","DEMO-V01","DEMO 회전식 점도계","DEMO-S1","DEMO-600","400","표시 준수","유효 기록 확인","적합 기록 확인","완료","완료","60","60","57","1680","mPa·s","합성 데이터; 물성 예측 아님; seed=20261002"
"PA-228","PA-228-M3","PA-228-S3","3","2026-09-10T12:03:00Z","POLY-A","DEMO-P1 (가상)","정제수 (가상 기록)","10","990","1","40","300","20","물 → 고분자, 가상 절차","육안 덩어리 미관찰","육안; 위치별 농도 분석 미실시","23","2","25","완료","육안 미관찰","추가 교반 없음","30","DEMO-V01","DEMO 회전식 점도계","DEMO-S1","DEMO-600","400","표시 준수","유효 기록 확인","적합 기록 확인","완료","완료","60","60","52","850","mPa·s","합성 데이터; 물성 예측 아님; seed=20261002"
"PA-228","PA-228-M4","PA-228-S4","4","2026-09-10T12:04:00Z","POLY-A","DEMO-P1 (가상)","정제수 (가상 기록)","10","990","1","40","300","20","물 → 고분자, 가상 절차","육안 덩어리 미관찰","육안; 위치별 농도 분석 미실시","23","2","25","완료","육안 미관찰","추가 교반 없음","30","DEMO-V01","DEMO 회전식 점도계","DEMO-S1","DEMO-600","400","표시 준수","유효 기록 확인","적합 기록 확인","완료","완료","60","60","60","1680","cP","합성 데이터; 물성 예측 아님; seed=20261002"
"PA-229","PA-229-M1","PA-229-S1","1","2026-09-10T13:01:00Z","POLY-A","DEMO-P1 (가상)","정제수 (가상 기록)","10","990","1","40","300","20","물 → 고분자, 가상 절차","육안 덩어리 미관찰","육안; 위치별 농도 분석 미실시","23","2","25","완료","관찰됨","추가 교반 없음","30","DEMO-V01","DEMO 회전식 점도계","DEMO-S1","DEMO-600","400","표시 준수","유효 기록 확인","적합 기록 확인","완료","완료","60","60","46","1160","mPa·s","합성 데이터; 물성 예측 아님; seed=20261002"
"PA-229","PA-229-M2","PA-229-S2","2","2026-09-10T13:02:00Z","POLY-A","DEMO-P1 (가상)","정제수 (가상 기록)","10","990","1","40","300","20","물 → 고분자, 가상 절차","육안 덩어리 미관찰","육안; 위치별 농도 분석 미실시","23","2","25","미확인","육안 미관찰","추가 교반 없음","30","DEMO-V01","DEMO 회전식 점도계","DEMO-S1","DEMO-600","400","표시 준수","유효 기록 확인","적합 기록 확인","완료","완료","60","60","53","1175","mPa·s","합성 데이터; 물성 예측 아님; seed=20261002"
"PA-229","PA-229-M3","PA-229-S3","3","2026-09-10T13:03:00Z","POLY-A","DEMO-P1 (가상)","정제수 (가상 기록)","10","990","1","40","300","20","물 → 고분자, 가상 절차","육안 덩어리 미관찰","육안; 위치별 농도 분석 미실시","23","2","25","완료","육안 미관찰","추가 교반 없음","30","DEMO-V01","DEMO 회전식 점도계","DEMO-S1","DEMO-600","400","미준수","유효 기록 확인","적합 기록 확인","완료","완료","60","60","64","1177","mPa·s","합성 데이터; 물성 예측 아님; seed=20261002"
"PA-229","PA-229-M4","PA-229-S4","4","2026-09-10T13:04:00Z","POLY-A","DEMO-P1 (가상)","정제수 (가상 기록)","10","990","1","40","300","20","물 → 고분자, 가상 절차","육안 덩어리 미관찰","육안; 위치별 농도 분석 미실시","23","2","25","완료","육안 미관찰","추가 교반 없음","30","DEMO-V01","DEMO 회전식 점도계","DEMO-S1","DEMO-600","400","표시 준수","유효 기록 확인","적합 기록 확인","완료","완료","60","60","5","1191","cP","합성 데이터; 물성 예측 아님; seed=20261002"
"PA-230","PA-230-M1","PA-230-S1","1","2026-09-10T14:01:00Z","POLY-A","DEMO-P1 (가상)","정제수 (가상 기록)","10","990","1","45","300","20","물 → 고분자, 가상 절차","육안 덩어리 미관찰","육안; 위치별 농도 분석 미실시","23","2","28","완료","육안 미관찰","추가 교반 없음","30","DEMO-V01","DEMO 회전식 점도계","DEMO-S1","DEMO-600","400","표시 준수","유효 기록 확인","적합 기록 확인","완료","완료","60","60","65","1750","mPa·s","합성 데이터; 물성 예측 아님; seed=20261002"
"PA-230","PA-230-M2","PA-230-S2","2","2026-09-10T14:02:00Z","POLY-A","DEMO-P1 (가상)","정제수 (가상 기록)","10","990","1","45","300","20","물 → 고분자, 가상 절차","육안 덩어리 미관찰","육안; 위치별 농도 분석 미실시","23","2","28","완료","육안 미관찰","추가 교반 없음","30","DEMO-V01","DEMO 회전식 점도계","DEMO-S1","DEMO-600","400","표시 준수","유효 기록 확인","적합 기록 확인","완료","완료","60","60","46","1750","mPa·s","합성 데이터; 물성 예측 아님; seed=20261002"
"PA-230","PA-230-M3","PA-230-S3","3","2026-09-10T14:03:00Z","POLY-A","DEMO-P1 (가상)","정제수 (가상 기록)","10","990","1","45","300","20","물 → 고분자, 가상 절차","육안 덩어리 미관찰","육안; 위치별 농도 분석 미실시","23","2","28","완료","육안 미관찰","추가 교반 없음","30","DEMO-V01","DEMO 회전식 점도계","DEMO-S1","DEMO-600","400","표시 준수","유효 기록 확인","적합 기록 확인","완료","완료","60","60","49","1750","mPa·s","합성 데이터; 물성 예측 아님; seed=20261002"
"PA-230","PA-230-M4","PA-230-S4","4","2026-09-10T14:04:00Z","POLY-A","DEMO-P1 (가상)","정제수 (가상 기록)","10","990","1","45","300","20","물 → 고분자, 가상 절차","육안 덩어리 미관찰","육안; 위치별 농도 분석 미실시","23","2","28","완료","육안 미관찰","추가 교반 없음","30","DEMO-V01","DEMO 회전식 점도계","DEMO-S1","DEMO-600","400","표시 준수","유효 기록 확인","적합 기록 확인","완료","완료","60","60","56","1750","cP","합성 데이터; 물성 예측 아님; seed=20261002"
"PA-231","PA-231-M1","PA-231-S1","1","2026-09-10T15:01:00Z","POLY-A","DEMO-P1 (가상)","정제수 (가상 기록)","10","990","1","40","300","20","물 → 고분자, 가상 절차","육안 덩어리 미관찰","육안; 위치별 농도 분석 미실시","23","2","25","완료","육안 미관찰","추가 교반 없음","30","DEMO-V01","DEMO 회전식 점도계","DEMO-S1","DEMO-600","400","표시 준수","유효 기록 확인","적합 기록 확인","완료","완료","60","60","45","1234","mPa·s","합성 데이터; 물성 예측 아님; seed=20261002"
"PA-231","PA-231-M2","PA-231-S2","2","2026-09-10T15:02:00Z","POLY-A","DEMO-P1 (가상)","정제수 (가상 기록)","10","990","1","40","300","20","물 → 고분자, 가상 절차","육안 덩어리 미관찰","육안; 위치별 농도 분석 미실시","23","2","25","완료","육안 미관찰","추가 교반 없음","30","DEMO-V01","DEMO 회전식 점도계","DEMO-S1","DEMO-600","400","표시 준수","유효 기록 확인","적합 기록 확인","완료","완료","60","60","56","1204","mPa·s","합성 데이터; 물성 예측 아님; seed=20261002"
"PA-231","PA-231-M3","PA-231-S3","3","2026-09-10T15:03:00Z","POLY-A","DEMO-P1 (가상)","정제수 (가상 기록)","10","990","1","40","300","20","물 → 고분자, 가상 절차","육안 덩어리 미관찰","육안; 위치별 농도 분석 미실시","23","2","25","완료","육안 미관찰","추가 교반 없음","30","DEMO-V01","DEMO 회전식 점도계","DEMO-S1","DEMO-600","400","표시 준수","유효 기록 확인","적합 기록 확인","완료","완료","60","60","58","1221","mPa·s","합성 데이터; 물성 예측 아님; seed=20261002"
"PA-231","PA-231-M4","PA-231-S4","4","2026-09-10T15:04:00Z","POLY-A","DEMO-P1 (가상)","정제수 (가상 기록)","10","990","1","40","300","20","물 → 고분자, 가상 절차","육안 덩어리 미관찰","육안; 위치별 농도 분석 미실시","23","2","25","완료","육안 미관찰","추가 교반 없음","30","DEMO-V01","DEMO 회전식 점도계","DEMO-S1","DEMO-600","400","표시 준수","유효 기록 확인","적합 기록 확인","완료","완료","60","60","51","1203","cP","합성 데이터; 물성 예측 아님; seed=20261002"
"PA-232","PA-232-M1","PA-232-S1","1","2026-09-10T16:01:00Z","POLY-A","DEMO-P1 (가상)","정제수 (가상 기록)","10","990","1","40","300","20","물 → 고분자, 가상 절차","육안 덩어리 미관찰","육안; 위치별 농도 분석 미실시","23","2","25","완료","육안 미관찰","추가 교반 없음","30","DEMO-V01","DEMO 회전식 점도계","DEMO-S1","DEMO-600","400","표시 준수","유효 기록 확인","적합 기록 확인","완료","완료","60","60","54","1297","mPa·s","합성 데이터; 물성 예측 아님; seed=20261002"
"PA-232","PA-232-M2","PA-232-S2","2","2026-09-10T16:02:00Z","POLY-A","DEMO-P1 (가상)","정제수 (가상 기록)","10","990","1","40","300","20","물 → 고분자, 가상 절차","육안 덩어리 미관찰","육안; 위치별 농도 분석 미실시","23","2","25","완료","육안 미관찰","추가 교반 없음","30","DEMO-V01","DEMO 회전식 점도계","DEMO-S1","DEMO-600","400","표시 준수","유효 기록 확인","적합 기록 확인","완료","완료","60","60","58","1267","mPa·s","합성 데이터; 물성 예측 아님; seed=20261002"
"PA-232","PA-232-M3","PA-232-S3","3","2026-09-10T16:03:00Z","POLY-A","DEMO-P1 (가상)","정제수 (가상 기록)","10","990","1","40","300","20","물 → 고분자, 가상 절차","육안 덩어리 미관찰","육안; 위치별 농도 분석 미실시","23","2","25","완료","육안 미관찰","추가 교반 없음","30","DEMO-V01","DEMO 회전식 점도계","DEMO-S1","DEMO-600","400","표시 준수","유효 기록 확인","적합 기록 확인","완료","완료","60","60","60","1264","mPa·s","합성 데이터; 물성 예측 아님; seed=20261002"
"PA-232","PA-232-M4","PA-232-S4","4","2026-09-10T16:04:00Z","POLY-A","DEMO-P1 (가상)","정제수 (가상 기록)","10","990","1","40","300","20","물 → 고분자, 가상 절차","육안 덩어리 미관찰","육안; 위치별 농도 분석 미실시","23","2","25","완료","육안 미관찰","추가 교반 없음","30","DEMO-V01","DEMO 회전식 점도계","DEMO-S1","DEMO-600","400","표시 준수","유효 기록 확인","적합 기록 확인","완료","완료","60","60","51","1294","cP","합성 데이터; 물성 예측 아님; seed=20261002"
"PA-233","PA-233-M1","PA-233-S1","1","2026-09-10T17:01:00Z","POLY-A","DEMO-P1 (가상)","정제수 (가상 기록)","10","990","1","40","300","20","물 → 고분자, 가상 절차","육안 덩어리 미관찰","육안; 위치별 농도 분석 미실시","23","2","25","완료","육안 미관찰","추가 교반 없음","30","DEMO-V01","DEMO 회전식 점도계","DEMO-S1","DEMO-600","400","표시 준수","유효 기록 확인","적합 기록 확인","완료","완료","60","60","48","1145","mPa·s","합성 데이터; 물성 예측 아님; seed=20261002"
"PA-233","PA-233-M2","PA-233-S2","2","2026-09-10T17:02:00Z","POLY-A","DEMO-P1 (가상)","정제수 (가상 기록)","10","990","1","40","300","20","물 → 고분자, 가상 절차","육안 덩어리 미관찰","육안; 위치별 농도 분석 미실시","23","2","25","완료","육안 미관찰","추가 교반 없음","30","DEMO-V01","DEMO 회전식 점도계","DEMO-S1","DEMO-600","400","표시 준수","유효 기록 확인","적합 기록 확인","완료","완료","60","60","53","1170","mPa·s","합성 데이터; 물성 예측 아님; seed=20261002"
"PA-233","PA-233-M3","PA-233-S3","3","2026-09-10T17:03:00Z","POLY-A","DEMO-P1 (가상)","정제수 (가상 기록)","10","990","1","40","300","20","물 → 고분자, 가상 절차","육안 덩어리 미관찰","육안; 위치별 농도 분석 미실시","23","2","25","완료","육안 미관찰","추가 교반 없음","30","DEMO-V01","DEMO 회전식 점도계","DEMO-S1","DEMO-600","400","표시 준수","유효 기록 확인","적합 기록 확인","완료","완료","60","60","61","1164","mPa·s","합성 데이터; 물성 예측 아님; seed=20261002"
"PA-233","PA-233-M4","PA-233-S4","4","2026-09-10T17:04:00Z","POLY-A","DEMO-P1 (가상)","정제수 (가상 기록)","10","990","1","40","300","20","물 → 고분자, 가상 절차","육안 덩어리 미관찰","육안; 위치별 농도 분석 미실시","23","2","25","완료","육안 미관찰","추가 교반 없음","30","DEMO-V01","DEMO 회전식 점도계","DEMO-S1","DEMO-600","400","표시 준수","유효 기록 확인","적합 기록 확인","완료","완료","60","60","57","1157","cP","합성 데이터; 물성 예측 아님; seed=20261002"
"PA-234","PA-234-M1","PA-234-S1","1","2026-09-10T18:01:00Z","POLY-A","DEMO-P1 (가상)","정제수 (가상 기록)","10","990","1","40","300","20","물 → 고분자, 가상 절차","육안 덩어리 미관찰","육안; 위치별 농도 분석 미실시","23","2","25","완료","육안 미관찰","추가 교반 없음","30","DEMO-V01","DEMO 회전식 점도계","DEMO-S1","DEMO-600","400","표시 준수","유효 기록 확인","적합 기록 확인","완료","완료","60","60","45","1323","mPa·s","합성 데이터; 물성 예측 아님; seed=20261002"
"PA-234","PA-234-M2","PA-234-S2","2","2026-09-10T18:02:00Z","POLY-A","DEMO-P1 (가상)","정제수 (가상 기록)","10","990","1","40","300","20","물 → 고분자, 가상 절차","육안 덩어리 미관찰","육안; 위치별 농도 분석 미실시","23","2","25","완료","육안 미관찰","추가 교반 없음","30","DEMO-V01","DEMO 회전식 점도계","DEMO-S1","DEMO-600","400","표시 준수","유효 기록 확인","적합 기록 확인","완료","완료","60","60","64","1309","mPa·s","합성 데이터; 물성 예측 아님; seed=20261002"
"PA-234","PA-234-M3","PA-234-S3","3","2026-09-10T18:03:00Z","POLY-A","DEMO-P1 (가상)","정제수 (가상 기록)","10","990","1","40","300","20","물 → 고분자, 가상 절차","육안 덩어리 미관찰","육안; 위치별 농도 분석 미실시","23","2","25","완료","육안 미관찰","추가 교반 없음","30","DEMO-V01","DEMO 회전식 점도계","DEMO-S1","DEMO-600","400","표시 준수","유효 기록 확인","적합 기록 확인","완료","완료","60","60","48","1311","mPa·s","합성 데이터; 물성 예측 아님; seed=20261002"
"PA-234","PA-234-M4","PA-234-S4","4","2026-09-10T18:04:00Z","POLY-A","DEMO-P1 (가상)","정제수 (가상 기록)","10","990","1","40","300","20","물 → 고분자, 가상 절차","육안 덩어리 미관찰","육안; 위치별 농도 분석 미실시","23","2","25","완료","육안 미관찰","추가 교반 없음","30","DEMO-V01","DEMO 회전식 점도계","DEMO-S1","DEMO-600","400","표시 준수","유효 기록 확인","적합 기록 확인","완료","완료","60","60","53","1288","cP","합성 데이터; 물성 예측 아님; seed=20261002"
"PA-235","PA-235-M1","PA-235-S1","1","2026-09-10T19:01:00Z","POLY-A","DEMO-P1 (가상)","정제수 (가상 기록)","10","990","1","45","300","20","물 → 고분자, 가상 절차","육안 덩어리 미관찰","육안; 위치별 농도 분석 미실시","23","2","25","완료","육안 미관찰","추가 교반 없음","30","DEMO-V01","DEMO 회전식 점도계","DEMO-S1","DEMO-600","400","표시 준수","유효 기록 확인","적합 기록 확인","완료","완료","60","60","64","1195","mPa·s","합성 데이터; 물성 예측 아님; seed=20261002"
"PA-235","PA-235-M2","PA-235-S2","2","2026-09-10T19:02:00Z","POLY-A","DEMO-P1 (가상)","정제수 (가상 기록)","10","990","1","45","300","20","물 → 고분자, 가상 절차","육안 덩어리 미관찰","육안; 위치별 농도 분석 미실시","23","2","25","완료","육안 미관찰","추가 교반 없음","30","DEMO-V01","DEMO 회전식 점도계","DEMO-S1","DEMO-600","400","표시 준수","유효 기록 확인","적합 기록 확인","완료","완료","60","60","55","1191","mPa·s","합성 데이터; 물성 예측 아님; seed=20261002"
"PA-235","PA-235-M3","PA-235-S3","3","2026-09-10T19:03:00Z","POLY-A","DEMO-P1 (가상)","정제수 (가상 기록)","10","990","1","45","300","20","물 → 고분자, 가상 절차","육안 덩어리 미관찰","육안; 위치별 농도 분석 미실시","23","2","25","완료","육안 미관찰","추가 교반 없음","30","DEMO-V01","DEMO 회전식 점도계","DEMO-S1","DEMO-600","400","표시 준수","유효 기록 확인","적합 기록 확인","완료","완료","60","60","49","1204","mPa·s","합성 데이터; 물성 예측 아님; seed=20261002"
"PA-235","PA-235-M4","PA-235-S4","4","2026-09-10T19:04:00Z","POLY-A","DEMO-P1 (가상)","정제수 (가상 기록)","10","990","1","45","300","20","물 → 고분자, 가상 절차","육안 덩어리 미관찰","육안; 위치별 농도 분석 미실시","23","2","25","완료","육안 미관찰","추가 교반 없음","30","DEMO-V01","DEMO 회전식 점도계","DEMO-S1","DEMO-600","400","표시 준수","유효 기록 확인","적합 기록 확인","완료","완료","60","60","61","1221","cP","합성 데이터; 물성 예측 아님; seed=20261002"
"PA-236","PA-236-M1","PA-236-S1","1","2026-09-10T20:01:00Z","POLY-A","DEMO-P1 (가상)","정제수 (가상 기록)","10","990","1","40","300","20","물 → 고분자, 가상 절차","육안 덩어리 미관찰","육안; 위치별 농도 분석 미실시","23","2","28","완료","육안 미관찰","추가 교반 없음","30","DEMO-V01","DEMO 회전식 점도계","DEMO-S1","DEMO-600","400","표시 준수","유효 기록 확인","적합 기록 확인","완료","완료","60","60","51","1248","mPa·s","합성 데이터; 물성 예측 아님; seed=20261002"
"PA-236","PA-236-M2","PA-236-S2","2","2026-09-10T20:02:00Z","POLY-A","DEMO-P1 (가상)","정제수 (가상 기록)","10","990","1","40","300","20","물 → 고분자, 가상 절차","육안 덩어리 미관찰","육안; 위치별 농도 분석 미실시","23","2","25","완료","육안 미관찰","추가 교반 없음","30","DEMO-V01","DEMO 회전식 점도계","DEMO-S1","DEMO-600","400","표시 준수","유효 기록 확인","적합 기록 확인","완료","완료","30","60","61","1242","mPa·s","합성 데이터; 물성 예측 아님; seed=20261002"
"PA-236","PA-236-M3","PA-236-S3","3","2026-09-10T20:03:00Z","POLY-A","DEMO-P1 (가상)","정제수 (가상 기록)","10","990","1","40","300","20","물 → 고분자, 가상 절차","육안 덩어리 미관찰","육안; 위치별 농도 분석 미실시","23","2","25","완료","육안 미관찰","추가 교반 없음","30","DEMO-V01","DEMO 회전식 점도계","DEMO-S2","DEMO-600","400","표시 준수","유효 기록 확인","적합 기록 확인","완료","완료","60","60","56","1247","mPa·s","합성 데이터; 물성 예측 아님; seed=20261002"
"PA-236","PA-236-M4","PA-236-S4","4","2026-09-10T20:04:00Z","POLY-A","DEMO-P1 (가상)","정제수 (가상 기록)","10","990","1","40","300","20","물 → 고분자, 가상 절차","육안 덩어리 미관찰","육안; 위치별 농도 분석 미실시","23","2","25","완료","육안 미관찰","추가 교반 없음","30","DEMO-V01","DEMO 회전식 점도계","DEMO-S1","DEMO-600","400","표시 준수","유효 기록 확인","적합 기록 확인","완료","완료","60","20","52","1234","cP","합성 데이터; 물성 예측 아님; seed=20261002"
"PA-237","PA-237-M1","PA-237-S1","1","2026-09-10T21:01:00Z","POLY-A","DEMO-P1 (가상)","정제수 (가상 기록)","10","990","1","40","300","20","물 → 고분자, 가상 절차","육안 덩어리 미관찰","육안; 위치별 농도 분석 미실시","23","2","","완료","육안 미관찰","추가 교반 없음","30","DEMO-V01","DEMO 회전식 점도계","DEMO-S1","DEMO-600","400","표시 준수","유효 기록 확인","적합 기록 확인","완료","완료","60","60","61","1187","mPa·s","합성 데이터; 물성 예측 아님; seed=20261002"
"PA-237","PA-237-M2","PA-237-S2","2","2026-09-10T21:02:00Z","POLY-A","DEMO-P1 (가상)","정제수 (가상 기록)","10","990","1","40","300","20","물 → 고분자, 가상 절차","육안 덩어리 미관찰","육안; 위치별 농도 분석 미실시","23","2","25","완료","육안 미관찰","추가 교반 없음","30","DEMO-V01","DEMO 회전식 점도계","DEMO-S1","DEMO-600","400","표시 준수","유효 기록 확인","적합 기록 확인","완료","완료","","60","53","1150","mPa·s","합성 데이터; 물성 예측 아님; seed=20261002"
"PA-237","PA-237-M3","PA-237-S3","3","2026-09-10T21:03:00Z","POLY-A","DEMO-P1 (가상)","정제수 (가상 기록)","10","990","1","40","300","20","물 → 고분자, 가상 절차","육안 덩어리 미관찰","육안; 위치별 농도 분석 미실시","23","2","25","완료","육안 미관찰","추가 교반 없음","30","DEMO-V01","DEMO 회전식 점도계","DEMO-S1","DEMO-600","400","표시 준수","유효 기록 확인","적합 기록 확인","완료","완료","60","60","45","","mPa·s","합성 데이터; 물성 예측 아님; seed=20261002"
"PA-237","PA-237-M4","PA-237-S4","4","2026-09-10T21:04:00Z","POLY-A","DEMO-P1 (가상)","정제수 (가상 기록)","10","990","1","40","300","20","물 → 고분자, 가상 절차","육안 덩어리 미관찰","육안; 위치별 농도 분석 미실시","23","2","25","","육안 미관찰","추가 교반 없음","30","DEMO-V01","DEMO 회전식 점도계","DEMO-S1","DEMO-600","400","표시 준수","유효 기록 확인","적합 기록 확인","완료","완료","60","60","61","1176","cP","합성 데이터; 물성 예측 아님; seed=20261002"
"PA-238","PA-238-M1","PA-238-S1","1","2026-09-10T22:01:00Z","POLY-A","DEMO-P1 (가상)","정제수 (가상 기록)","10","990","1","40","300","20","물 → 고분자, 가상 절차","육안 덩어리 미관찰","육안; 위치별 농도 분석 미실시","23","2","25","완료","육안 미관찰","추가 교반 없음","30","DEMO-V01","DEMO 회전식 점도계","DEMO-S1","DEMO-600","400","표시 준수","유효 기록 확인","적합 기록 확인","완료","완료","60","60","52","850","mPa·s","합성 데이터; 물성 예측 아님; seed=20261002"
"PA-238","PA-238-M2","PA-238-S2","2","2026-09-10T22:02:00Z","POLY-A","DEMO-P1 (가상)","정제수 (가상 기록)","10","990","1","40","300","20","물 → 고분자, 가상 절차","육안 덩어리 미관찰","육안; 위치별 농도 분석 미실시","23","2","25","완료","육안 미관찰","추가 교반 없음","30","DEMO-V01","DEMO 회전식 점도계","DEMO-S1","DEMO-600","400","표시 준수","유효 기록 확인","적합 기록 확인","완료","완료","60","60","54","1680","mPa·s","합성 데이터; 물성 예측 아님; seed=20261002"
"PA-238","PA-238-M3","PA-238-S3","3","2026-09-10T22:03:00Z","POLY-A","DEMO-P1 (가상)","정제수 (가상 기록)","10","990","1","40","300","20","물 → 고분자, 가상 절차","육안 덩어리 미관찰","육안; 위치별 농도 분석 미실시","23","2","25","완료","육안 미관찰","추가 교반 없음","30","DEMO-V01","DEMO 회전식 점도계","DEMO-S1","DEMO-600","400","표시 준수","유효 기록 확인","적합 기록 확인","완료","완료","60","60","50","850","mPa·s","합성 데이터; 물성 예측 아님; seed=20261002"
"PA-238","PA-238-M4","PA-238-S4","4","2026-09-10T22:04:00Z","POLY-A","DEMO-P1 (가상)","정제수 (가상 기록)","10","990","1","40","300","20","물 → 고분자, 가상 절차","육안 덩어리 미관찰","육안; 위치별 농도 분석 미실시","23","2","25","완료","육안 미관찰","추가 교반 없음","30","DEMO-V01","DEMO 회전식 점도계","DEMO-S1","DEMO-600","400","표시 준수","유효 기록 확인","적합 기록 확인","완료","완료","60","60","60","1680","cP","합성 데이터; 물성 예측 아님; seed=20261002"
"PA-239","PA-239-M1","PA-239-S1","1","2026-09-10T23:01:00Z","POLY-A","DEMO-P1 (가상)","정제수 (가상 기록)","10","990","1","40","300","20","물 → 고분자, 가상 절차","육안 덩어리 미관찰","육안; 위치별 농도 분석 미실시","23","2","25","완료","관찰됨","추가 교반 없음","30","DEMO-V01","DEMO 회전식 점도계","DEMO-S1","DEMO-600","400","표시 준수","유효 기록 확인","적합 기록 확인","완료","완료","60","60","52","1307","mPa·s","합성 데이터; 물성 예측 아님; seed=20261002"
"PA-239","PA-239-M2","PA-239-S2","2","2026-09-10T23:02:00Z","POLY-A","DEMO-P1 (가상)","정제수 (가상 기록)","10","990","1","40","300","20","물 → 고분자, 가상 절차","육안 덩어리 미관찰","육안; 위치별 농도 분석 미실시","23","2","25","미확인","육안 미관찰","추가 교반 없음","30","DEMO-V01","DEMO 회전식 점도계","DEMO-S1","DEMO-600","400","표시 준수","유효 기록 확인","적합 기록 확인","완료","완료","60","60","58","1296","mPa·s","합성 데이터; 물성 예측 아님; seed=20261002"
"PA-239","PA-239-M3","PA-239-S3","3","2026-09-10T23:03:00Z","POLY-A","DEMO-P1 (가상)","정제수 (가상 기록)","10","990","1","40","300","20","물 → 고분자, 가상 절차","육안 덩어리 미관찰","육안; 위치별 농도 분석 미실시","23","2","25","완료","육안 미관찰","추가 교반 없음","30","DEMO-V01","DEMO 회전식 점도계","DEMO-S1","DEMO-600","400","미준수","유효 기록 확인","적합 기록 확인","완료","완료","60","60","54","1287","mPa·s","합성 데이터; 물성 예측 아님; seed=20261002"
"PA-239","PA-239-M4","PA-239-S4","4","2026-09-10T23:04:00Z","POLY-A","DEMO-P1 (가상)","정제수 (가상 기록)","10","990","1","40","300","20","물 → 고분자, 가상 절차","육안 덩어리 미관찰","육안; 위치별 농도 분석 미실시","23","2","25","완료","육안 미관찰","추가 교반 없음","30","DEMO-V01","DEMO 회전식 점도계","DEMO-S1","DEMO-600","400","표시 준수","유효 기록 확인","적합 기록 확인","완료","완료","60","60","5","1277","cP","합성 데이터; 물성 예측 아님; seed=20261002"
"PA-240","PA-240-M1","PA-240-S1","1","2026-09-11T00:01:00Z","POLY-A","DEMO-P1 (가상)","정제수 (가상 기록)","10","990","1","45","300","20","물 → 고분자, 가상 절차","육안 덩어리 미관찰","육안; 위치별 농도 분석 미실시","23","2","28","완료","육안 미관찰","추가 교반 없음","30","DEMO-V01","DEMO 회전식 점도계","DEMO-S1","DEMO-600","400","표시 준수","유효 기록 확인","적합 기록 확인","완료","완료","60","60","51","1750","mPa·s","합성 데이터; 물성 예측 아님; seed=20261002"
"PA-240","PA-240-M2","PA-240-S2","2","2026-09-11T00:02:00Z","POLY-A","DEMO-P1 (가상)","정제수 (가상 기록)","10","990","1","45","300","20","물 → 고분자, 가상 절차","육안 덩어리 미관찰","육안; 위치별 농도 분석 미실시","23","2","28","완료","육안 미관찰","추가 교반 없음","30","DEMO-V01","DEMO 회전식 점도계","DEMO-S1","DEMO-600","400","표시 준수","유효 기록 확인","적합 기록 확인","완료","완료","60","60","54","1750","mPa·s","합성 데이터; 물성 예측 아님; seed=20261002"
"PA-240","PA-240-M3","PA-240-S3","3","2026-09-11T00:03:00Z","POLY-A","DEMO-P1 (가상)","정제수 (가상 기록)","10","990","1","45","300","20","물 → 고분자, 가상 절차","육안 덩어리 미관찰","육안; 위치별 농도 분석 미실시","23","2","28","완료","육안 미관찰","추가 교반 없음","30","DEMO-V01","DEMO 회전식 점도계","DEMO-S1","DEMO-600","400","표시 준수","유효 기록 확인","적합 기록 확인","완료","완료","60","60","55","1750","mPa·s","합성 데이터; 물성 예측 아님; seed=20261002"
"PA-240","PA-240-M4","PA-240-S4","4","2026-09-11T00:04:00Z","POLY-A","DEMO-P1 (가상)","정제수 (가상 기록)","10","990","1","45","300","20","물 → 고분자, 가상 절차","육안 덩어리 미관찰","육안; 위치별 농도 분석 미실시","23","2","28","완료","육안 미관찰","추가 교반 없음","30","DEMO-V01","DEMO 회전식 점도계","DEMO-S1","DEMO-600","400","표시 준수","유효 기록 확인","적합 기록 확인","완료","완료","60","60","58","1750","cP","합성 데이터; 물성 예측 아님; seed=20261002"
"PA-241","PA-241-M1","PA-241-S1","1","2026-09-11T01:01:00Z","POLY-A","DEMO-P1 (가상)","정제수 (가상 기록)","10","990","1","40","300","20","물 → 고분자, 가상 절차","육안 덩어리 미관찰","육안; 위치별 농도 분석 미실시","23","2","25","완료","육안 미관찰","추가 교반 없음","30","DEMO-V01","DEMO 회전식 점도계","DEMO-S1","DEMO-600","400","표시 준수","유효 기록 확인","적합 기록 확인","완료","완료","60","60","62","1156","mPa·s","합성 데이터; 물성 예측 아님; seed=20261002"
"PA-241","PA-241-M2","PA-241-S2","2","2026-09-11T01:02:00Z","POLY-A","DEMO-P1 (가상)","정제수 (가상 기록)","10","990","1","40","300","20","물 → 고분자, 가상 절차","육안 덩어리 미관찰","육안; 위치별 농도 분석 미실시","23","2","25","완료","육안 미관찰","추가 교반 없음","30","DEMO-V01","DEMO 회전식 점도계","DEMO-S1","DEMO-600","400","표시 준수","유효 기록 확인","적합 기록 확인","완료","완료","60","60","56","1175","mPa·s","합성 데이터; 물성 예측 아님; seed=20261002"
"PA-241","PA-241-M3","PA-241-S3","3","2026-09-11T01:03:00Z","POLY-A","DEMO-P1 (가상)","정제수 (가상 기록)","10","990","1","40","300","20","물 → 고분자, 가상 절차","육안 덩어리 미관찰","육안; 위치별 농도 분석 미실시","23","2","25","완료","육안 미관찰","추가 교반 없음","30","DEMO-V01","DEMO 회전식 점도계","DEMO-S1","DEMO-600","400","표시 준수","유효 기록 확인","적합 기록 확인","완료","완료","60","60","54","1186","mPa·s","합성 데이터; 물성 예측 아님; seed=20261002"
"PA-241","PA-241-M4","PA-241-S4","4","2026-09-11T01:04:00Z","POLY-A","DEMO-P1 (가상)","정제수 (가상 기록)","10","990","1","40","300","20","물 → 고분자, 가상 절차","육안 덩어리 미관찰","육안; 위치별 농도 분석 미실시","23","2","25","완료","육안 미관찰","추가 교반 없음","30","DEMO-V01","DEMO 회전식 점도계","DEMO-S1","DEMO-600","400","표시 준수","유효 기록 확인","적합 기록 확인","완료","완료","60","60","47","1156","cP","합성 데이터; 물성 예측 아님; seed=20261002"
"PA-242","PA-242-M1","PA-242-S1","1","2026-09-11T02:01:00Z","POLY-A","DEMO-P1 (가상)","정제수 (가상 기록)","10","990","1","40","300","20","물 → 고분자, 가상 절차","육안 덩어리 미관찰","육안; 위치별 농도 분석 미실시","23","2","25","완료","육안 미관찰","추가 교반 없음","30","DEMO-V01","DEMO 회전식 점도계","DEMO-S1","DEMO-600","400","표시 준수","유효 기록 확인","적합 기록 확인","완료","완료","60","60","49","1247","mPa·s","합성 데이터; 물성 예측 아님; seed=20261002"
"PA-242","PA-242-M2","PA-242-S2","2","2026-09-11T02:02:00Z","POLY-A","DEMO-P1 (가상)","정제수 (가상 기록)","10","990","1","40","300","20","물 → 고분자, 가상 절차","육안 덩어리 미관찰","육안; 위치별 농도 분석 미실시","23","2","25","완료","육안 미관찰","추가 교반 없음","30","DEMO-V01","DEMO 회전식 점도계","DEMO-S1","DEMO-600","400","표시 준수","유효 기록 확인","적합 기록 확인","완료","완료","60","60","56","1244","mPa·s","합성 데이터; 물성 예측 아님; seed=20261002"
"PA-242","PA-242-M3","PA-242-S3","3","2026-09-11T02:03:00Z","POLY-A","DEMO-P1 (가상)","정제수 (가상 기록)","10","990","1","40","300","20","물 → 고분자, 가상 절차","육안 덩어리 미관찰","육안; 위치별 농도 분석 미실시","23","2","25","완료","육안 미관찰","추가 교반 없음","30","DEMO-V01","DEMO 회전식 점도계","DEMO-S1","DEMO-600","400","표시 준수","유효 기록 확인","적합 기록 확인","완료","완료","60","60","46","1247","mPa·s","합성 데이터; 물성 예측 아님; seed=20261002"
"PA-242","PA-242-M4","PA-242-S4","4","2026-09-11T02:04:00Z","POLY-A","DEMO-P1 (가상)","정제수 (가상 기록)","10","990","1","40","300","20","물 → 고분자, 가상 절차","육안 덩어리 미관찰","육안; 위치별 농도 분석 미실시","23","2","25","완료","육안 미관찰","추가 교반 없음","30","DEMO-V01","DEMO 회전식 점도계","DEMO-S1","DEMO-600","400","표시 준수","유효 기록 확인","적합 기록 확인","완료","완료","60","60","60","1214","cP","합성 데이터; 물성 예측 아님; seed=20261002"
"PA-243","PA-243-M1","PA-243-S1","1","2026-09-11T03:01:00Z","POLY-A","DEMO-P1 (가상)","정제수 (가상 기록)","10","990","1","40","300","20","물 → 고분자, 가상 절차","육안 덩어리 미관찰","육안; 위치별 농도 분석 미실시","23","2","25","완료","육안 미관찰","추가 교반 없음","30","DEMO-V01","DEMO 회전식 점도계","DEMO-S1","DEMO-600","400","표시 준수","유효 기록 확인","적합 기록 확인","완료","완료","60","60","46","1138","mPa·s","합성 데이터; 물성 예측 아님; seed=20261002"
"PA-243","PA-243-M2","PA-243-S2","2","2026-09-11T03:02:00Z","POLY-A","DEMO-P1 (가상)","정제수 (가상 기록)","10","990","1","40","300","20","물 → 고분자, 가상 절차","육안 덩어리 미관찰","육안; 위치별 농도 분석 미실시","23","2","25","완료","육안 미관찰","추가 교반 없음","30","DEMO-V01","DEMO 회전식 점도계","DEMO-S1","DEMO-600","400","표시 준수","유효 기록 확인","적합 기록 확인","완료","완료","60","60","62","1171","mPa·s","합성 데이터; 물성 예측 아님; seed=20261002"
"PA-243","PA-243-M3","PA-243-S3","3","2026-09-11T03:03:00Z","POLY-A","DEMO-P1 (가상)","정제수 (가상 기록)","10","990","1","40","300","20","물 → 고분자, 가상 절차","육안 덩어리 미관찰","육안; 위치별 농도 분석 미실시","23","2","25","완료","육안 미관찰","추가 교반 없음","30","DEMO-V01","DEMO 회전식 점도계","DEMO-S1","DEMO-600","400","표시 준수","유효 기록 확인","적합 기록 확인","완료","완료","60","60","47","1164","mPa·s","합성 데이터; 물성 예측 아님; seed=20261002"
"PA-243","PA-243-M4","PA-243-S4","4","2026-09-11T03:04:00Z","POLY-A","DEMO-P1 (가상)","정제수 (가상 기록)","10","990","1","40","300","20","물 → 고분자, 가상 절차","육안 덩어리 미관찰","육안; 위치별 농도 분석 미실시","23","2","25","완료","육안 미관찰","추가 교반 없음","30","DEMO-V01","DEMO 회전식 점도계","DEMO-S1","DEMO-600","400","표시 준수","유효 기록 확인","적합 기록 확인","완료","완료","60","60","62","1171","cP","합성 데이터; 물성 예측 아님; seed=20261002"
"PA-244","PA-244-M1","PA-244-S1","1","2026-09-11T04:01:00Z","POLY-A","DEMO-P1 (가상)","정제수 (가상 기록)","10","990","1","40","300","20","물 → 고분자, 가상 절차","육안 덩어리 미관찰","육안; 위치별 농도 분석 미실시","23","2","25","완료","육안 미관찰","추가 교반 없음","30","DEMO-V01","DEMO 회전식 점도계","DEMO-S1","DEMO-600","400","표시 준수","유효 기록 확인","적합 기록 확인","완료","완료","60","60","54","1190","mPa·s","합성 데이터; 물성 예측 아님; seed=20261002"
"PA-244","PA-244-M2","PA-244-S2","2","2026-09-11T04:02:00Z","POLY-A","DEMO-P1 (가상)","정제수 (가상 기록)","10","990","1","40","300","20","물 → 고분자, 가상 절차","육안 덩어리 미관찰","육안; 위치별 농도 분석 미실시","23","2","25","완료","육안 미관찰","추가 교반 없음","30","DEMO-V01","DEMO 회전식 점도계","DEMO-S1","DEMO-600","400","표시 준수","유효 기록 확인","적합 기록 확인","완료","완료","60","60","58","1219","mPa·s","합성 데이터; 물성 예측 아님; seed=20261002"
"PA-244","PA-244-M3","PA-244-S3","3","2026-09-11T04:03:00Z","POLY-A","DEMO-P1 (가상)","정제수 (가상 기록)","10","990","1","40","300","20","물 → 고분자, 가상 절차","육안 덩어리 미관찰","육안; 위치별 농도 분석 미실시","23","2","25","완료","육안 미관찰","추가 교반 없음","30","DEMO-V01","DEMO 회전식 점도계","DEMO-S1","DEMO-600","400","표시 준수","유효 기록 확인","적합 기록 확인","완료","완료","60","60","53","1217","mPa·s","합성 데이터; 물성 예측 아님; seed=20261002"
"PA-244","PA-244-M4","PA-244-S4","4","2026-09-11T04:04:00Z","POLY-A","DEMO-P1 (가상)","정제수 (가상 기록)","10","990","1","40","300","20","물 → 고분자, 가상 절차","육안 덩어리 미관찰","육안; 위치별 농도 분석 미실시","23","2","25","완료","육안 미관찰","추가 교반 없음","30","DEMO-V01","DEMO 회전식 점도계","DEMO-S1","DEMO-600","400","표시 준수","유효 기록 확인","적합 기록 확인","완료","완료","60","60","46","1213","cP","합성 데이터; 물성 예측 아님; seed=20261002"
"PA-245","PA-245-M1","PA-245-S1","1","2026-09-11T05:01:00Z","POLY-A","DEMO-P1 (가상)","정제수 (가상 기록)","10","990","1","45","300","20","물 → 고분자, 가상 절차","육안 덩어리 미관찰","육안; 위치별 농도 분석 미실시","23","2","25","완료","육안 미관찰","추가 교반 없음","30","DEMO-V01","DEMO 회전식 점도계","DEMO-S1","DEMO-600","400","표시 준수","유효 기록 확인","적합 기록 확인","완료","완료","60","60","61","1139","mPa·s","합성 데이터; 물성 예측 아님; seed=20261002"
"PA-245","PA-245-M2","PA-245-S2","2","2026-09-11T05:02:00Z","POLY-A","DEMO-P1 (가상)","정제수 (가상 기록)","10","990","1","45","300","20","물 → 고분자, 가상 절차","육안 덩어리 미관찰","육안; 위치별 농도 분석 미실시","23","2","25","완료","육안 미관찰","추가 교반 없음","30","DEMO-V01","DEMO 회전식 점도계","DEMO-S1","DEMO-600","400","표시 준수","유효 기록 확인","적합 기록 확인","완료","완료","60","60","61","1131","mPa·s","합성 데이터; 물성 예측 아님; seed=20261002"
"PA-245","PA-245-M3","PA-245-S3","3","2026-09-11T05:03:00Z","POLY-A","DEMO-P1 (가상)","정제수 (가상 기록)","10","990","1","45","300","20","물 → 고분자, 가상 절차","육안 덩어리 미관찰","육안; 위치별 농도 분석 미실시","23","2","25","완료","육안 미관찰","추가 교반 없음","30","DEMO-V01","DEMO 회전식 점도계","DEMO-S1","DEMO-600","400","표시 준수","유효 기록 확인","적합 기록 확인","완료","완료","60","60","53","1156","mPa·s","합성 데이터; 물성 예측 아님; seed=20261002"
"PA-245","PA-245-M4","PA-245-S4","4","2026-09-11T05:04:00Z","POLY-A","DEMO-P1 (가상)","정제수 (가상 기록)","10","990","1","45","300","20","물 → 고분자, 가상 절차","육안 덩어리 미관찰","육안; 위치별 농도 분석 미실시","23","2","25","완료","육안 미관찰","추가 교반 없음","30","DEMO-V01","DEMO 회전식 점도계","DEMO-S1","DEMO-600","400","표시 준수","유효 기록 확인","적합 기록 확인","완료","완료","60","60","47","1127","cP","합성 데이터; 물성 예측 아님; seed=20261002"
"PA-246","PA-246-M1","PA-246-S1","1","2026-09-11T06:01:00Z","POLY-A","DEMO-P1 (가상)","정제수 (가상 기록)","10","990","1","40","300","20","물 → 고분자, 가상 절차","육안 덩어리 미관찰","육안; 위치별 농도 분석 미실시","23","2","28","완료","육안 미관찰","추가 교반 없음","30","DEMO-V01","DEMO 회전식 점도계","DEMO-S1","DEMO-600","400","표시 준수","유효 기록 확인","적합 기록 확인","완료","완료","60","60","46","1296","mPa·s","합성 데이터; 물성 예측 아님; seed=20261002"
"PA-246","PA-246-M2","PA-246-S2","2","2026-09-11T06:02:00Z","POLY-A","DEMO-P1 (가상)","정제수 (가상 기록)","10","990","1","40","300","20","물 → 고분자, 가상 절차","육안 덩어리 미관찰","육안; 위치별 농도 분석 미실시","23","2","25","완료","육안 미관찰","추가 교반 없음","30","DEMO-V01","DEMO 회전식 점도계","DEMO-S1","DEMO-600","400","표시 준수","유효 기록 확인","적합 기록 확인","완료","완료","30","60","46","1312","mPa·s","합성 데이터; 물성 예측 아님; seed=20261002"
"PA-246","PA-246-M3","PA-246-S3","3","2026-09-11T06:03:00Z","POLY-A","DEMO-P1 (가상)","정제수 (가상 기록)","10","990","1","40","300","20","물 → 고분자, 가상 절차","육안 덩어리 미관찰","육안; 위치별 농도 분석 미실시","23","2","25","완료","육안 미관찰","추가 교반 없음","30","DEMO-V01","DEMO 회전식 점도계","DEMO-S2","DEMO-600","400","표시 준수","유효 기록 확인","적합 기록 확인","완료","완료","60","60","56","1302","mPa·s","합성 데이터; 물성 예측 아님; seed=20261002"
"PA-246","PA-246-M4","PA-246-S4","4","2026-09-11T06:04:00Z","POLY-A","DEMO-P1 (가상)","정제수 (가상 기록)","10","990","1","40","300","20","물 → 고분자, 가상 절차","육안 덩어리 미관찰","육안; 위치별 농도 분석 미실시","23","2","25","완료","육안 미관찰","추가 교반 없음","30","DEMO-V01","DEMO 회전식 점도계","DEMO-S1","DEMO-600","400","표시 준수","유효 기록 확인","적합 기록 확인","완료","완료","60","20","45","1319","cP","합성 데이터; 물성 예측 아님; seed=20261002"
"PA-247","PA-247-M1","PA-247-S1","1","2026-09-11T07:01:00Z","POLY-A","DEMO-P1 (가상)","정제수 (가상 기록)","10","990","1","40","300","20","물 → 고분자, 가상 절차","육안 덩어리 미관찰","육안; 위치별 농도 분석 미실시","23","2","","완료","육안 미관찰","추가 교반 없음","30","DEMO-V01","DEMO 회전식 점도계","DEMO-S1","DEMO-600","400","표시 준수","유효 기록 확인","적합 기록 확인","완료","완료","60","60","47","1131","mPa·s","합성 데이터; 물성 예측 아님; seed=20261002"
"PA-247","PA-247-M2","PA-247-S2","2","2026-09-11T07:02:00Z","POLY-A","DEMO-P1 (가상)","정제수 (가상 기록)","10","990","1","40","300","20","물 → 고분자, 가상 절차","육안 덩어리 미관찰","육안; 위치별 농도 분석 미실시","23","2","25","완료","육안 미관찰","추가 교반 없음","30","DEMO-V01","DEMO 회전식 점도계","DEMO-S1","DEMO-600","400","표시 준수","유효 기록 확인","적합 기록 확인","완료","완료","","60","60","1124","mPa·s","합성 데이터; 물성 예측 아님; seed=20261002"
"PA-247","PA-247-M3","PA-247-S3","3","2026-09-11T07:03:00Z","POLY-A","DEMO-P1 (가상)","정제수 (가상 기록)","10","990","1","40","300","20","물 → 고분자, 가상 절차","육안 덩어리 미관찰","육안; 위치별 농도 분석 미실시","23","2","25","완료","육안 미관찰","추가 교반 없음","30","DEMO-V01","DEMO 회전식 점도계","DEMO-S1","DEMO-600","400","표시 준수","유효 기록 확인","적합 기록 확인","완료","완료","60","60","57","","mPa·s","합성 데이터; 물성 예측 아님; seed=20261002"
"PA-247","PA-247-M4","PA-247-S4","4","2026-09-11T07:04:00Z","POLY-A","DEMO-P1 (가상)","정제수 (가상 기록)","10","990","1","40","300","20","물 → 고분자, 가상 절차","육안 덩어리 미관찰","육안; 위치별 농도 분석 미실시","23","2","25","","육안 미관찰","추가 교반 없음","30","DEMO-V01","DEMO 회전식 점도계","DEMO-S1","DEMO-600","400","표시 준수","유효 기록 확인","적합 기록 확인","완료","완료","60","60","64","1124","cP","합성 데이터; 물성 예측 아님; seed=20261002"
"PA-248","PA-248-M1","PA-248-S1","1","2026-09-11T08:01:00Z","POLY-A","DEMO-P1 (가상)","정제수 (가상 기록)","10","990","1","40","300","20","물 → 고분자, 가상 절차","육안 덩어리 미관찰","육안; 위치별 농도 분석 미실시","23","2","25","완료","육안 미관찰","추가 교반 없음","30","DEMO-V01","DEMO 회전식 점도계","DEMO-S1","DEMO-600","400","표시 준수","유효 기록 확인","적합 기록 확인","완료","완료","60","60","61","850","mPa·s","합성 데이터; 물성 예측 아님; seed=20261002"
"PA-248","PA-248-M2","PA-248-S2","2","2026-09-11T08:02:00Z","POLY-A","DEMO-P1 (가상)","정제수 (가상 기록)","10","990","1","40","300","20","물 → 고분자, 가상 절차","육안 덩어리 미관찰","육안; 위치별 농도 분석 미실시","23","2","25","완료","육안 미관찰","추가 교반 없음","30","DEMO-V01","DEMO 회전식 점도계","DEMO-S1","DEMO-600","400","표시 준수","유효 기록 확인","적합 기록 확인","완료","완료","60","60","55","1680","mPa·s","합성 데이터; 물성 예측 아님; seed=20261002"
"PA-248","PA-248-M3","PA-248-S3","3","2026-09-11T08:03:00Z","POLY-A","DEMO-P1 (가상)","정제수 (가상 기록)","10","990","1","40","300","20","물 → 고분자, 가상 절차","육안 덩어리 미관찰","육안; 위치별 농도 분석 미실시","23","2","25","완료","육안 미관찰","추가 교반 없음","30","DEMO-V01","DEMO 회전식 점도계","DEMO-S1","DEMO-600","400","표시 준수","유효 기록 확인","적합 기록 확인","완료","완료","60","60","47","850","mPa·s","합성 데이터; 물성 예측 아님; seed=20261002"
"PA-248","PA-248-M4","PA-248-S4","4","2026-09-11T08:04:00Z","POLY-A","DEMO-P1 (가상)","정제수 (가상 기록)","10","990","1","40","300","20","물 → 고분자, 가상 절차","육안 덩어리 미관찰","육안; 위치별 농도 분석 미실시","23","2","25","완료","육안 미관찰","추가 교반 없음","30","DEMO-V01","DEMO 회전식 점도계","DEMO-S1","DEMO-600","400","표시 준수","유효 기록 확인","적합 기록 확인","완료","완료","60","60","52","1680","cP","합성 데이터; 물성 예측 아님; seed=20261002"
"PA-249","PA-249-M1","PA-249-S1","1","2026-09-11T09:01:00Z","POLY-A","DEMO-P1 (가상)","정제수 (가상 기록)","10","990","1","40","300","20","물 → 고분자, 가상 절차","육안 덩어리 미관찰","육안; 위치별 농도 분석 미실시","23","2","25","완료","관찰됨","추가 교반 없음","30","DEMO-V01","DEMO 회전식 점도계","DEMO-S1","DEMO-600","400","표시 준수","유효 기록 확인","적합 기록 확인","완료","완료","60","60","46","1265","mPa·s","합성 데이터; 물성 예측 아님; seed=20261002"
"PA-249","PA-249-M2","PA-249-S2","2","2026-09-11T09:02:00Z","POLY-A","DEMO-P1 (가상)","정제수 (가상 기록)","10","990","1","40","300","20","물 → 고분자, 가상 절차","육안 덩어리 미관찰","육안; 위치별 농도 분석 미실시","23","2","25","미확인","육안 미관찰","추가 교반 없음","30","DEMO-V01","DEMO 회전식 점도계","DEMO-S1","DEMO-600","400","표시 준수","유효 기록 확인","적합 기록 확인","완료","완료","60","60","52","1292","mPa·s","합성 데이터; 물성 예측 아님; seed=20261002"
"PA-249","PA-249-M3","PA-249-S3","3","2026-09-11T09:03:00Z","POLY-A","DEMO-P1 (가상)","정제수 (가상 기록)","10","990","1","40","300","20","물 → 고분자, 가상 절차","육안 덩어리 미관찰","육안; 위치별 농도 분석 미실시","23","2","25","완료","육안 미관찰","추가 교반 없음","30","DEMO-V01","DEMO 회전식 점도계","DEMO-S1","DEMO-600","400","미준수","유효 기록 확인","적합 기록 확인","완료","완료","60","60","50","1279","mPa·s","합성 데이터; 물성 예측 아님; seed=20261002"
"PA-249","PA-249-M4","PA-249-S4","4","2026-09-11T09:04:00Z","POLY-A","DEMO-P1 (가상)","정제수 (가상 기록)","10","990","1","40","300","20","물 → 고분자, 가상 절차","육안 덩어리 미관찰","육안; 위치별 농도 분석 미실시","23","2","25","완료","육안 미관찰","추가 교반 없음","30","DEMO-V01","DEMO 회전식 점도계","DEMO-S1","DEMO-600","400","표시 준수","유효 기록 확인","적합 기록 확인","완료","완료","60","60","5","1290","cP","합성 데이터; 물성 예측 아님; seed=20261002"
"PA-250","PA-250-M1","PA-250-S1","1","2026-09-11T10:01:00Z","POLY-A","DEMO-P1 (가상)","정제수 (가상 기록)","10","990","1","45","300","20","물 → 고분자, 가상 절차","육안 덩어리 미관찰","육안; 위치별 농도 분석 미실시","23","2","28","완료","육안 미관찰","추가 교반 없음","30","DEMO-V01","DEMO 회전식 점도계","DEMO-S1","DEMO-600","400","표시 준수","유효 기록 확인","적합 기록 확인","완료","완료","60","60","49","1750","mPa·s","합성 데이터; 물성 예측 아님; seed=20261002"
"PA-250","PA-250-M2","PA-250-S2","2","2026-09-11T10:02:00Z","POLY-A","DEMO-P1 (가상)","정제수 (가상 기록)","10","990","1","45","300","20","물 → 고분자, 가상 절차","육안 덩어리 미관찰","육안; 위치별 농도 분석 미실시","23","2","28","완료","육안 미관찰","추가 교반 없음","30","DEMO-V01","DEMO 회전식 점도계","DEMO-S1","DEMO-600","400","표시 준수","유효 기록 확인","적합 기록 확인","완료","완료","60","60","53","1750","mPa·s","합성 데이터; 물성 예측 아님; seed=20261002"
"PA-250","PA-250-M3","PA-250-S3","3","2026-09-11T10:03:00Z","POLY-A","DEMO-P1 (가상)","정제수 (가상 기록)","10","990","1","45","300","20","물 → 고분자, 가상 절차","육안 덩어리 미관찰","육안; 위치별 농도 분석 미실시","23","2","28","완료","육안 미관찰","추가 교반 없음","30","DEMO-V01","DEMO 회전식 점도계","DEMO-S1","DEMO-600","400","표시 준수","유효 기록 확인","적합 기록 확인","완료","완료","60","60","61","1750","mPa·s","합성 데이터; 물성 예측 아님; seed=20261002"
"PA-250","PA-250-M4","PA-250-S4","4","2026-09-11T10:04:00Z","POLY-A","DEMO-P1 (가상)","정제수 (가상 기록)","10","990","1","45","300","20","물 → 고분자, 가상 절차","육안 덩어리 미관찰","육안; 위치별 농도 분석 미실시","23","2","28","완료","육안 미관찰","추가 교반 없음","30","DEMO-V01","DEMO 회전식 점도계","DEMO-S1","DEMO-600","400","표시 준수","유효 기록 확인","적합 기록 확인","완료","완료","60","60","64","1750","cP","합성 데이터; 물성 예측 아님; seed=20261002"
"PA-251","PA-251-M1","PA-251-S1","1","2026-09-11T11:01:00Z","POLY-A","DEMO-P1 (가상)","정제수 (가상 기록)","10","990","1","40","300","20","물 → 고분자, 가상 절차","육안 덩어리 미관찰","육안; 위치별 농도 분석 미실시","23","2","25","완료","육안 미관찰","추가 교반 없음","30","DEMO-V01","DEMO 회전식 점도계","DEMO-S1","DEMO-600","400","표시 준수","유효 기록 확인","적합 기록 확인","완료","완료","60","60","51","1199","mPa·s","합성 데이터; 물성 예측 아님; seed=20261002"
"PA-251","PA-251-M2","PA-251-S2","2","2026-09-11T11:02:00Z","POLY-A","DEMO-P1 (가상)","정제수 (가상 기록)","10","990","1","40","300","20","물 → 고분자, 가상 절차","육안 덩어리 미관찰","육안; 위치별 농도 분석 미실시","23","2","25","완료","육안 미관찰","추가 교반 없음","30","DEMO-V01","DEMO 회전식 점도계","DEMO-S1","DEMO-600","400","표시 준수","유효 기록 확인","적합 기록 확인","완료","완료","60","60","52","1213","mPa·s","합성 데이터; 물성 예측 아님; seed=20261002"
"PA-251","PA-251-M3","PA-251-S3","3","2026-09-11T11:03:00Z","POLY-A","DEMO-P1 (가상)","정제수 (가상 기록)","10","990","1","40","300","20","물 → 고분자, 가상 절차","육안 덩어리 미관찰","육안; 위치별 농도 분석 미실시","23","2","25","완료","육안 미관찰","추가 교반 없음","30","DEMO-V01","DEMO 회전식 점도계","DEMO-S1","DEMO-600","400","표시 준수","유효 기록 확인","적합 기록 확인","완료","완료","60","60","51","1217","mPa·s","합성 데이터; 물성 예측 아님; seed=20261002"
"PA-251","PA-251-M4","PA-251-S4","4","2026-09-11T11:04:00Z","POLY-A","DEMO-P1 (가상)","정제수 (가상 기록)","10","990","1","40","300","20","물 → 고분자, 가상 절차","육안 덩어리 미관찰","육안; 위치별 농도 분석 미실시","23","2","25","완료","육안 미관찰","추가 교반 없음","30","DEMO-V01","DEMO 회전식 점도계","DEMO-S1","DEMO-600","400","표시 준수","유효 기록 확인","적합 기록 확인","완료","완료","60","60","55","1199","cP","합성 데이터; 물성 예측 아님; seed=20261002"
"PA-252","PA-252-M1","PA-252-S1","1","2026-09-11T12:01:00Z","POLY-A","DEMO-P1 (가상)","정제수 (가상 기록)","10","990","1","40","300","20","물 → 고분자, 가상 절차","육안 덩어리 미관찰","육안; 위치별 농도 분석 미실시","23","2","25","완료","육안 미관찰","추가 교반 없음","30","DEMO-V01","DEMO 회전식 점도계","DEMO-S1","DEMO-600","400","표시 준수","유효 기록 확인","적합 기록 확인","완료","완료","60","60","48","1216","mPa·s","합성 데이터; 물성 예측 아님; seed=20261002"
"PA-252","PA-252-M2","PA-252-S2","2","2026-09-11T12:02:00Z","POLY-A","DEMO-P1 (가상)","정제수 (가상 기록)","10","990","1","40","300","20","물 → 고분자, 가상 절차","육안 덩어리 미관찰","육안; 위치별 농도 분석 미실시","23","2","25","완료","육안 미관찰","추가 교반 없음","30","DEMO-V01","DEMO 회전식 점도계","DEMO-S1","DEMO-600","400","표시 준수","유효 기록 확인","적합 기록 확인","완료","완료","60","60","56","1222","mPa·s","합성 데이터; 물성 예측 아님; seed=20261002"
"PA-252","PA-252-M3","PA-252-S3","3","2026-09-11T12:03:00Z","POLY-A","DEMO-P1 (가상)","정제수 (가상 기록)","10","990","1","40","300","20","물 → 고분자, 가상 절차","육안 덩어리 미관찰","육안; 위치별 농도 분석 미실시","23","2","25","완료","육안 미관찰","추가 교반 없음","30","DEMO-V01","DEMO 회전식 점도계","DEMO-S1","DEMO-600","400","표시 준수","유효 기록 확인","적합 기록 확인","완료","완료","60","60","46","1212","mPa·s","합성 데이터; 물성 예측 아님; seed=20261002"
"PA-252","PA-252-M4","PA-252-S4","4","2026-09-11T12:04:00Z","POLY-A","DEMO-P1 (가상)","정제수 (가상 기록)","10","990","1","40","300","20","물 → 고분자, 가상 절차","육안 덩어리 미관찰","육안; 위치별 농도 분석 미실시","23","2","25","완료","육안 미관찰","추가 교반 없음","30","DEMO-V01","DEMO 회전식 점도계","DEMO-S1","DEMO-600","400","표시 준수","유효 기록 확인","적합 기록 확인","완료","완료","60","60","56","1224","cP","합성 데이터; 물성 예측 아님; seed=20261002"
"PA-253","PA-253-M1","PA-253-S1","1","2026-09-11T13:01:00Z","POLY-A","DEMO-P1 (가상)","정제수 (가상 기록)","10","990","1","40","300","20","물 → 고분자, 가상 절차","육안 덩어리 미관찰","육안; 위치별 농도 분석 미실시","23","2","25","완료","육안 미관찰","추가 교반 없음","30","DEMO-V01","DEMO 회전식 점도계","DEMO-S1","DEMO-600","400","표시 준수","유효 기록 확인","적합 기록 확인","완료","완료","60","60","47","1145","mPa·s","합성 데이터; 물성 예측 아님; seed=20261002"
"PA-253","PA-253-M2","PA-253-S2","2","2026-09-11T13:02:00Z","POLY-A","DEMO-P1 (가상)","정제수 (가상 기록)","10","990","1","40","300","20","물 → 고분자, 가상 절차","육안 덩어리 미관찰","육안; 위치별 농도 분석 미실시","23","2","25","완료","육안 미관찰","추가 교반 없음","30","DEMO-V01","DEMO 회전식 점도계","DEMO-S1","DEMO-600","400","표시 준수","유효 기록 확인","적합 기록 확인","완료","완료","60","60","62","1166","mPa·s","합성 데이터; 물성 예측 아님; seed=20261002"
"PA-253","PA-253-M3","PA-253-S3","3","2026-09-11T13:03:00Z","POLY-A","DEMO-P1 (가상)","정제수 (가상 기록)","10","990","1","40","300","20","물 → 고분자, 가상 절차","육안 덩어리 미관찰","육안; 위치별 농도 분석 미실시","23","2","25","완료","육안 미관찰","추가 교반 없음","30","DEMO-V01","DEMO 회전식 점도계","DEMO-S1","DEMO-600","400","표시 준수","유효 기록 확인","적합 기록 확인","완료","완료","60","60","62","1144","mPa·s","합성 데이터; 물성 예측 아님; seed=20261002"
"PA-253","PA-253-M4","PA-253-S4","4","2026-09-11T13:04:00Z","POLY-A","DEMO-P1 (가상)","정제수 (가상 기록)","10","990","1","40","300","20","물 → 고분자, 가상 절차","육안 덩어리 미관찰","육안; 위치별 농도 분석 미실시","23","2","25","완료","육안 미관찰","추가 교반 없음","30","DEMO-V01","DEMO 회전식 점도계","DEMO-S1","DEMO-600","400","표시 준수","유효 기록 확인","적합 기록 확인","완료","완료","60","60","56","1154","cP","합성 데이터; 물성 예측 아님; seed=20261002"
"PA-254","PA-254-M1","PA-254-S1","1","2026-09-11T14:01:00Z","POLY-A","DEMO-P1 (가상)","정제수 (가상 기록)","10","990","1","40","300","20","물 → 고분자, 가상 절차","육안 덩어리 미관찰","육안; 위치별 농도 분석 미실시","23","2","25","완료","육안 미관찰","추가 교반 없음","30","DEMO-V01","DEMO 회전식 점도계","DEMO-S1","DEMO-600","400","표시 준수","유효 기록 확인","적합 기록 확인","완료","완료","60","60","58","1193","mPa·s","합성 데이터; 물성 예측 아님; seed=20261002"
"PA-254","PA-254-M2","PA-254-S2","2","2026-09-11T14:02:00Z","POLY-A","DEMO-P1 (가상)","정제수 (가상 기록)","10","990","1","40","300","20","물 → 고분자, 가상 절차","육안 덩어리 미관찰","육안; 위치별 농도 분석 미실시","23","2","25","완료","육안 미관찰","추가 교반 없음","30","DEMO-V01","DEMO 회전식 점도계","DEMO-S1","DEMO-600","400","표시 준수","유효 기록 확인","적합 기록 확인","완료","완료","60","60","49","1180","mPa·s","합성 데이터; 물성 예측 아님; seed=20261002"
"PA-254","PA-254-M3","PA-254-S3","3","2026-09-11T14:03:00Z","POLY-A","DEMO-P1 (가상)","정제수 (가상 기록)","10","990","1","40","300","20","물 → 고분자, 가상 절차","육안 덩어리 미관찰","육안; 위치별 농도 분석 미실시","23","2","25","완료","육안 미관찰","추가 교반 없음","30","DEMO-V01","DEMO 회전식 점도계","DEMO-S1","DEMO-600","400","표시 준수","유효 기록 확인","적합 기록 확인","완료","완료","60","60","55","1206","mPa·s","합성 데이터; 물성 예측 아님; seed=20261002"
"PA-254","PA-254-M4","PA-254-S4","4","2026-09-11T14:04:00Z","POLY-A","DEMO-P1 (가상)","정제수 (가상 기록)","10","990","1","40","300","20","물 → 고분자, 가상 절차","육안 덩어리 미관찰","육안; 위치별 농도 분석 미실시","23","2","25","완료","육안 미관찰","추가 교반 없음","30","DEMO-V01","DEMO 회전식 점도계","DEMO-S1","DEMO-600","400","표시 준수","유효 기록 확인","적합 기록 확인","완료","완료","60","60","61","1193","cP","합성 데이터; 물성 예측 아님; seed=20261002"
"PA-255","PA-255-M1","PA-255-S1","1","2026-09-11T15:01:00Z","POLY-A","DEMO-P1 (가상)","정제수 (가상 기록)","10","990","1","45","300","20","물 → 고분자, 가상 절차","육안 덩어리 미관찰","육안; 위치별 농도 분석 미실시","23","2","25","완료","육안 미관찰","추가 교반 없음","30","DEMO-V01","DEMO 회전식 점도계","DEMO-S1","DEMO-600","400","표시 준수","유효 기록 확인","적합 기록 확인","완료","완료","60","60","56","1232","mPa·s","합성 데이터; 물성 예측 아님; seed=20261002"
"PA-255","PA-255-M2","PA-255-S2","2","2026-09-11T15:02:00Z","POLY-A","DEMO-P1 (가상)","정제수 (가상 기록)","10","990","1","45","300","20","물 → 고분자, 가상 절차","육안 덩어리 미관찰","육안; 위치별 농도 분석 미실시","23","2","25","완료","육안 미관찰","추가 교반 없음","30","DEMO-V01","DEMO 회전식 점도계","DEMO-S1","DEMO-600","400","표시 준수","유효 기록 확인","적합 기록 확인","완료","완료","60","60","62","1240","mPa·s","합성 데이터; 물성 예측 아님; seed=20261002"
"PA-255","PA-255-M3","PA-255-S3","3","2026-09-11T15:03:00Z","POLY-A","DEMO-P1 (가상)","정제수 (가상 기록)","10","990","1","45","300","20","물 → 고분자, 가상 절차","육안 덩어리 미관찰","육안; 위치별 농도 분석 미실시","23","2","25","완료","육안 미관찰","추가 교반 없음","30","DEMO-V01","DEMO 회전식 점도계","DEMO-S1","DEMO-600","400","표시 준수","유효 기록 확인","적합 기록 확인","완료","완료","60","60","54","1235","mPa·s","합성 데이터; 물성 예측 아님; seed=20261002"
"PA-255","PA-255-M4","PA-255-S4","4","2026-09-11T15:04:00Z","POLY-A","DEMO-P1 (가상)","정제수 (가상 기록)","10","990","1","45","300","20","물 → 고분자, 가상 절차","육안 덩어리 미관찰","육안; 위치별 농도 분석 미실시","23","2","25","완료","육안 미관찰","추가 교반 없음","30","DEMO-V01","DEMO 회전식 점도계","DEMO-S1","DEMO-600","400","표시 준수","유효 기록 확인","적합 기록 확인","완료","완료","60","60","54","1242","cP","합성 데이터; 물성 예측 아님; seed=20261002"
"PA-256","PA-256-M1","PA-256-S1","1","2026-09-11T16:01:00Z","POLY-A","DEMO-P1 (가상)","정제수 (가상 기록)","10","990","1","40","300","20","물 → 고분자, 가상 절차","육안 덩어리 미관찰","육안; 위치별 농도 분석 미실시","23","2","28","완료","육안 미관찰","추가 교반 없음","30","DEMO-V01","DEMO 회전식 점도계","DEMO-S1","DEMO-600","400","표시 준수","유효 기록 확인","적합 기록 확인","완료","완료","60","60","64","1268","mPa·s","합성 데이터; 물성 예측 아님; seed=20261002"
"PA-256","PA-256-M2","PA-256-S2","2","2026-09-11T16:02:00Z","POLY-A","DEMO-P1 (가상)","정제수 (가상 기록)","10","990","1","40","300","20","물 → 고분자, 가상 절차","육안 덩어리 미관찰","육안; 위치별 농도 분석 미실시","23","2","25","완료","육안 미관찰","추가 교반 없음","30","DEMO-V01","DEMO 회전식 점도계","DEMO-S1","DEMO-600","400","표시 준수","유효 기록 확인","적합 기록 확인","완료","완료","30","60","62","1267","mPa·s","합성 데이터; 물성 예측 아님; seed=20261002"
"PA-256","PA-256-M3","PA-256-S3","3","2026-09-11T16:03:00Z","POLY-A","DEMO-P1 (가상)","정제수 (가상 기록)","10","990","1","40","300","20","물 → 고분자, 가상 절차","육안 덩어리 미관찰","육안; 위치별 농도 분석 미실시","23","2","25","완료","육안 미관찰","추가 교반 없음","30","DEMO-V01","DEMO 회전식 점도계","DEMO-S2","DEMO-600","400","표시 준수","유효 기록 확인","적합 기록 확인","완료","완료","60","60","56","1258","mPa·s","합성 데이터; 물성 예측 아님; seed=20261002"
"PA-256","PA-256-M4","PA-256-S4","4","2026-09-11T16:04:00Z","POLY-A","DEMO-P1 (가상)","정제수 (가상 기록)","10","990","1","40","300","20","물 → 고분자, 가상 절차","육안 덩어리 미관찰","육안; 위치별 농도 분석 미실시","23","2","25","완료","육안 미관찰","추가 교반 없음","30","DEMO-V01","DEMO 회전식 점도계","DEMO-S1","DEMO-600","400","표시 준수","유효 기록 확인","적합 기록 확인","완료","완료","60","20","52","1292","cP","합성 데이터; 물성 예측 아님; seed=20261002"
"PA-257","PA-257-M1","PA-257-S1","1","2026-09-11T17:01:00Z","POLY-A","DEMO-P1 (가상)","정제수 (가상 기록)","10","990","1","40","300","20","물 → 고분자, 가상 절차","육안 덩어리 미관찰","육안; 위치별 농도 분석 미실시","23","2","","완료","육안 미관찰","추가 교반 없음","30","DEMO-V01","DEMO 회전식 점도계","DEMO-S1","DEMO-600","400","표시 준수","유효 기록 확인","적합 기록 확인","완료","완료","60","60","45","1256","mPa·s","합성 데이터; 물성 예측 아님; seed=20261002"
"PA-257","PA-257-M2","PA-257-S2","2","2026-09-11T17:02:00Z","POLY-A","DEMO-P1 (가상)","정제수 (가상 기록)","10","990","1","40","300","20","물 → 고분자, 가상 절차","육안 덩어리 미관찰","육안; 위치별 농도 분석 미실시","23","2","25","완료","육안 미관찰","추가 교반 없음","30","DEMO-V01","DEMO 회전식 점도계","DEMO-S1","DEMO-600","400","표시 준수","유효 기록 확인","적합 기록 확인","완료","완료","","60","60","1272","mPa·s","합성 데이터; 물성 예측 아님; seed=20261002"
"PA-257","PA-257-M3","PA-257-S3","3","2026-09-11T17:03:00Z","POLY-A","DEMO-P1 (가상)","정제수 (가상 기록)","10","990","1","40","300","20","물 → 고분자, 가상 절차","육안 덩어리 미관찰","육안; 위치별 농도 분석 미실시","23","2","25","완료","육안 미관찰","추가 교반 없음","30","DEMO-V01","DEMO 회전식 점도계","DEMO-S1","DEMO-600","400","표시 준수","유효 기록 확인","적합 기록 확인","완료","완료","60","60","56","","mPa·s","합성 데이터; 물성 예측 아님; seed=20261002"
"PA-257","PA-257-M4","PA-257-S4","4","2026-09-11T17:04:00Z","POLY-A","DEMO-P1 (가상)","정제수 (가상 기록)","10","990","1","40","300","20","물 → 고분자, 가상 절차","육안 덩어리 미관찰","육안; 위치별 농도 분석 미실시","23","2","25","","육안 미관찰","추가 교반 없음","30","DEMO-V01","DEMO 회전식 점도계","DEMO-S1","DEMO-600","400","표시 준수","유효 기록 확인","적합 기록 확인","완료","완료","60","60","60","1281","cP","합성 데이터; 물성 예측 아님; seed=20261002"
"PA-258","PA-258-M1","PA-258-S1","1","2026-09-11T18:01:00Z","POLY-A","DEMO-P1 (가상)","정제수 (가상 기록)","10","990","1","40","300","20","물 → 고분자, 가상 절차","육안 덩어리 미관찰","육안; 위치별 농도 분석 미실시","23","2","25","완료","육안 미관찰","추가 교반 없음","30","DEMO-V01","DEMO 회전식 점도계","DEMO-S1","DEMO-600","400","표시 준수","유효 기록 확인","적합 기록 확인","완료","완료","60","60","59","850","mPa·s","합성 데이터; 물성 예측 아님; seed=20261002"
"PA-258","PA-258-M2","PA-258-S2","2","2026-09-11T18:02:00Z","POLY-A","DEMO-P1 (가상)","정제수 (가상 기록)","10","990","1","40","300","20","물 → 고분자, 가상 절차","육안 덩어리 미관찰","육안; 위치별 농도 분석 미실시","23","2","25","완료","육안 미관찰","추가 교반 없음","30","DEMO-V01","DEMO 회전식 점도계","DEMO-S1","DEMO-600","400","표시 준수","유효 기록 확인","적합 기록 확인","완료","완료","60","60","47","1680","mPa·s","합성 데이터; 물성 예측 아님; seed=20261002"
"PA-258","PA-258-M3","PA-258-S3","3","2026-09-11T18:03:00Z","POLY-A","DEMO-P1 (가상)","정제수 (가상 기록)","10","990","1","40","300","20","물 → 고분자, 가상 절차","육안 덩어리 미관찰","육안; 위치별 농도 분석 미실시","23","2","25","완료","육안 미관찰","추가 교반 없음","30","DEMO-V01","DEMO 회전식 점도계","DEMO-S1","DEMO-600","400","표시 준수","유효 기록 확인","적합 기록 확인","완료","완료","60","60","49","850","mPa·s","합성 데이터; 물성 예측 아님; seed=20261002"
"PA-258","PA-258-M4","PA-258-S4","4","2026-09-11T18:04:00Z","POLY-A","DEMO-P1 (가상)","정제수 (가상 기록)","10","990","1","40","300","20","물 → 고분자, 가상 절차","육안 덩어리 미관찰","육안; 위치별 농도 분석 미실시","23","2","25","완료","육안 미관찰","추가 교반 없음","30","DEMO-V01","DEMO 회전식 점도계","DEMO-S1","DEMO-600","400","표시 준수","유효 기록 확인","적합 기록 확인","완료","완료","60","60","48","1680","cP","합성 데이터; 물성 예측 아님; seed=20261002"
"PA-259","PA-259-M1","PA-259-S1","1","2026-09-11T19:01:00Z","POLY-A","DEMO-P1 (가상)","정제수 (가상 기록)","10","990","1","40","300","20","물 → 고분자, 가상 절차","육안 덩어리 미관찰","육안; 위치별 농도 분석 미실시","23","2","25","완료","관찰됨","추가 교반 없음","30","DEMO-V01","DEMO 회전식 점도계","DEMO-S1","DEMO-600","400","표시 준수","유효 기록 확인","적합 기록 확인","완료","완료","60","60","49","1196","mPa·s","합성 데이터; 물성 예측 아님; seed=20261002"
"PA-259","PA-259-M2","PA-259-S2","2","2026-09-11T19:02:00Z","POLY-A","DEMO-P1 (가상)","정제수 (가상 기록)","10","990","1","40","300","20","물 → 고분자, 가상 절차","육안 덩어리 미관찰","육안; 위치별 농도 분석 미실시","23","2","25","미확인","육안 미관찰","추가 교반 없음","30","DEMO-V01","DEMO 회전식 점도계","DEMO-S1","DEMO-600","400","표시 준수","유효 기록 확인","적합 기록 확인","완료","완료","60","60","52","1180","mPa·s","합성 데이터; 물성 예측 아님; seed=20261002"
"PA-259","PA-259-M3","PA-259-S3","3","2026-09-11T19:03:00Z","POLY-A","DEMO-P1 (가상)","정제수 (가상 기록)","10","990","1","40","300","20","물 → 고분자, 가상 절차","육안 덩어리 미관찰","육안; 위치별 농도 분석 미실시","23","2","25","완료","육안 미관찰","추가 교반 없음","30","DEMO-V01","DEMO 회전식 점도계","DEMO-S1","DEMO-600","400","미준수","유효 기록 확인","적합 기록 확인","완료","완료","60","60","50","1197","mPa·s","합성 데이터; 물성 예측 아님; seed=20261002"
"PA-259","PA-259-M4","PA-259-S4","4","2026-09-11T19:04:00Z","POLY-A","DEMO-P1 (가상)","정제수 (가상 기록)","10","990","1","40","300","20","물 → 고분자, 가상 절차","육안 덩어리 미관찰","육안; 위치별 농도 분석 미실시","23","2","25","완료","육안 미관찰","추가 교반 없음","30","DEMO-V01","DEMO 회전식 점도계","DEMO-S1","DEMO-600","400","표시 준수","유효 기록 확인","적합 기록 확인","완료","완료","60","60","5","1204","cP","합성 데이터; 물성 예측 아님; seed=20261002"
"PA-260","PA-260-M1","PA-260-S1","1","2026-09-11T20:01:00Z","POLY-A","DEMO-P1 (가상)","정제수 (가상 기록)","10","990","1","45","300","20","물 → 고분자, 가상 절차","육안 덩어리 미관찰","육안; 위치별 농도 분석 미실시","23","2","28","완료","육안 미관찰","추가 교반 없음","30","DEMO-V01","DEMO 회전식 점도계","DEMO-S1","DEMO-600","400","표시 준수","유효 기록 확인","적합 기록 확인","완료","완료","60","60","65","1750","mPa·s","합성 데이터; 물성 예측 아님; seed=20261002"
"PA-260","PA-260-M2","PA-260-S2","2","2026-09-11T20:02:00Z","POLY-A","DEMO-P1 (가상)","정제수 (가상 기록)","10","990","1","45","300","20","물 → 고분자, 가상 절차","육안 덩어리 미관찰","육안; 위치별 농도 분석 미실시","23","2","28","완료","육안 미관찰","추가 교반 없음","30","DEMO-V01","DEMO 회전식 점도계","DEMO-S1","DEMO-600","400","표시 준수","유효 기록 확인","적합 기록 확인","완료","완료","60","60","48","1750","mPa·s","합성 데이터; 물성 예측 아님; seed=20261002"
"PA-260","PA-260-M3","PA-260-S3","3","2026-09-11T20:03:00Z","POLY-A","DEMO-P1 (가상)","정제수 (가상 기록)","10","990","1","45","300","20","물 → 고분자, 가상 절차","육안 덩어리 미관찰","육안; 위치별 농도 분석 미실시","23","2","28","완료","육안 미관찰","추가 교반 없음","30","DEMO-V01","DEMO 회전식 점도계","DEMO-S1","DEMO-600","400","표시 준수","유효 기록 확인","적합 기록 확인","완료","완료","60","60","51","1750","mPa·s","합성 데이터; 물성 예측 아님; seed=20261002"
"PA-260","PA-260-M4","PA-260-S4","4","2026-09-11T20:04:00Z","POLY-A","DEMO-P1 (가상)","정제수 (가상 기록)","10","990","1","45","300","20","물 → 고분자, 가상 절차","육안 덩어리 미관찰","육안; 위치별 농도 분석 미실시","23","2","28","완료","육안 미관찰","추가 교반 없음","30","DEMO-V01","DEMO 회전식 점도계","DEMO-S1","DEMO-600","400","표시 준수","유효 기록 확인","적합 기록 확인","완료","완료","60","60","63","1750","cP","합성 데이터; 물성 예측 아님; seed=20261002"
"PA-261","PA-261-M1","PA-261-S1","1","2026-09-11T21:01:00Z","POLY-A","DEMO-P1 (가상)","정제수 (가상 기록)","10","990","1","40","300","20","물 → 고분자, 가상 절차","육안 덩어리 미관찰","육안; 위치별 농도 분석 미실시","23","2","25","완료","육안 미관찰","추가 교반 없음","30","DEMO-V01","DEMO 회전식 점도계","DEMO-S1","DEMO-600","400","표시 준수","유효 기록 확인","적합 기록 확인","완료","완료","60","60","46","1127","mPa·s","합성 데이터; 물성 예측 아님; seed=20261002"
"PA-261","PA-261-M2","PA-261-S2","2","2026-09-11T21:02:00Z","POLY-A","DEMO-P1 (가상)","정제수 (가상 기록)","10","990","1","40","300","20","물 → 고분자, 가상 절차","육안 덩어리 미관찰","육안; 위치별 농도 분석 미실시","23","2","25","완료","육안 미관찰","추가 교반 없음","30","DEMO-V01","DEMO 회전식 점도계","DEMO-S1","DEMO-600","400","표시 준수","유효 기록 확인","적합 기록 확인","완료","완료","60","60","55","1127","mPa·s","합성 데이터; 물성 예측 아님; seed=20261002"
"PA-261","PA-261-M3","PA-261-S3","3","2026-09-11T21:03:00Z","POLY-A","DEMO-P1 (가상)","정제수 (가상 기록)","10","990","1","40","300","20","물 → 고분자, 가상 절차","육안 덩어리 미관찰","육안; 위치별 농도 분석 미실시","23","2","25","완료","육안 미관찰","추가 교반 없음","30","DEMO-V01","DEMO 회전식 점도계","DEMO-S1","DEMO-600","400","표시 준수","유효 기록 확인","적합 기록 확인","완료","완료","60","60","55","1120","mPa·s","합성 데이터; 물성 예측 아님; seed=20261002"
"PA-261","PA-261-M4","PA-261-S4","4","2026-09-11T21:04:00Z","POLY-A","DEMO-P1 (가상)","정제수 (가상 기록)","10","990","1","40","300","20","물 → 고분자, 가상 절차","육안 덩어리 미관찰","육안; 위치별 농도 분석 미실시","23","2","25","완료","육안 미관찰","추가 교반 없음","30","DEMO-V01","DEMO 회전식 점도계","DEMO-S1","DEMO-600","400","표시 준수","유효 기록 확인","적합 기록 확인","완료","완료","60","60","64","1103","cP","합성 데이터; 물성 예측 아님; seed=20261002"
"PA-262","PA-262-M1","PA-262-S1","1","2026-09-11T22:01:00Z","POLY-A","DEMO-P1 (가상)","정제수 (가상 기록)","10","990","1","40","300","20","물 → 고분자, 가상 절차","육안 덩어리 미관찰","육안; 위치별 농도 분석 미실시","23","2","25","완료","육안 미관찰","추가 교반 없음","30","DEMO-V01","DEMO 회전식 점도계","DEMO-S1","DEMO-600","400","표시 준수","유효 기록 확인","적합 기록 확인","완료","완료","60","60","61","1214","mPa·s","합성 데이터; 물성 예측 아님; seed=20261002"
"PA-262","PA-262-M2","PA-262-S2","2","2026-09-11T22:02:00Z","POLY-A","DEMO-P1 (가상)","정제수 (가상 기록)","10","990","1","40","300","20","물 → 고분자, 가상 절차","육안 덩어리 미관찰","육안; 위치별 농도 분석 미실시","23","2","25","완료","육안 미관찰","추가 교반 없음","30","DEMO-V01","DEMO 회전식 점도계","DEMO-S1","DEMO-600","400","표시 준수","유효 기록 확인","적합 기록 확인","완료","완료","60","60","58","1229","mPa·s","합성 데이터; 물성 예측 아님; seed=20261002"
"PA-262","PA-262-M3","PA-262-S3","3","2026-09-11T22:03:00Z","POLY-A","DEMO-P1 (가상)","정제수 (가상 기록)","10","990","1","40","300","20","물 → 고분자, 가상 절차","육안 덩어리 미관찰","육안; 위치별 농도 분석 미실시","23","2","25","완료","육안 미관찰","추가 교반 없음","30","DEMO-V01","DEMO 회전식 점도계","DEMO-S1","DEMO-600","400","표시 준수","유효 기록 확인","적합 기록 확인","완료","완료","60","60","57","1236","mPa·s","합성 데이터; 물성 예측 아님; seed=20261002"
"PA-262","PA-262-M4","PA-262-S4","4","2026-09-11T22:04:00Z","POLY-A","DEMO-P1 (가상)","정제수 (가상 기록)","10","990","1","40","300","20","물 → 고분자, 가상 절차","육안 덩어리 미관찰","육안; 위치별 농도 분석 미실시","23","2","25","완료","육안 미관찰","추가 교반 없음","30","DEMO-V01","DEMO 회전식 점도계","DEMO-S1","DEMO-600","400","표시 준수","유효 기록 확인","적합 기록 확인","완료","완료","60","60","53","1233","cP","합성 데이터; 물성 예측 아님; seed=20261002"
"PA-263","PA-263-M1","PA-263-S1","1","2026-09-11T23:01:00Z","POLY-A","DEMO-P1 (가상)","정제수 (가상 기록)","10","990","1","40","300","20","물 → 고분자, 가상 절차","육안 덩어리 미관찰","육안; 위치별 농도 분석 미실시","23","2","25","완료","육안 미관찰","추가 교반 없음","30","DEMO-V01","DEMO 회전식 점도계","DEMO-S1","DEMO-600","400","표시 준수","유효 기록 확인","적합 기록 확인","완료","완료","60","60","55","1247","mPa·s","합성 데이터; 물성 예측 아님; seed=20261002"
"PA-263","PA-263-M2","PA-263-S2","2","2026-09-11T23:02:00Z","POLY-A","DEMO-P1 (가상)","정제수 (가상 기록)","10","990","1","40","300","20","물 → 고분자, 가상 절차","육안 덩어리 미관찰","육안; 위치별 농도 분석 미실시","23","2","25","완료","육안 미관찰","추가 교반 없음","30","DEMO-V01","DEMO 회전식 점도계","DEMO-S1","DEMO-600","400","표시 준수","유효 기록 확인","적합 기록 확인","완료","완료","60","60","53","1221","mPa·s","합성 데이터; 물성 예측 아님; seed=20261002"
"PA-263","PA-263-M3","PA-263-S3","3","2026-09-11T23:03:00Z","POLY-A","DEMO-P1 (가상)","정제수 (가상 기록)","10","990","1","40","300","20","물 → 고분자, 가상 절차","육안 덩어리 미관찰","육안; 위치별 농도 분석 미실시","23","2","25","완료","육안 미관찰","추가 교반 없음","30","DEMO-V01","DEMO 회전식 점도계","DEMO-S1","DEMO-600","400","표시 준수","유효 기록 확인","적합 기록 확인","완료","완료","60","60","51","1227","mPa·s","합성 데이터; 물성 예측 아님; seed=20261002"
"PA-263","PA-263-M4","PA-263-S4","4","2026-09-11T23:04:00Z","POLY-A","DEMO-P1 (가상)","정제수 (가상 기록)","10","990","1","40","300","20","물 → 고분자, 가상 절차","육안 덩어리 미관찰","육안; 위치별 농도 분석 미실시","23","2","25","완료","육안 미관찰","추가 교반 없음","30","DEMO-V01","DEMO 회전식 점도계","DEMO-S1","DEMO-600","400","표시 준수","유효 기록 확인","적합 기록 확인","완료","완료","60","60","45","1234","cP","합성 데이터; 물성 예측 아님; seed=20261002"
"PA-264","PA-264-M1","PA-264-S1","1","2026-09-12T00:01:00Z","POLY-A","DEMO-P1 (가상)","정제수 (가상 기록)","10","990","1","40","300","20","물 → 고분자, 가상 절차","육안 덩어리 미관찰","육안; 위치별 농도 분석 미실시","23","2","25","완료","육안 미관찰","추가 교반 없음","30","DEMO-V01","DEMO 회전식 점도계","DEMO-S1","DEMO-600","400","표시 준수","유효 기록 확인","적합 기록 확인","완료","완료","60","60","64","1208","mPa·s","합성 데이터; 물성 예측 아님; seed=20261002"
"PA-264","PA-264-M2","PA-264-S2","2","2026-09-12T00:02:00Z","POLY-A","DEMO-P1 (가상)","정제수 (가상 기록)","10","990","1","40","300","20","물 → 고분자, 가상 절차","육안 덩어리 미관찰","육안; 위치별 농도 분석 미실시","23","2","25","완료","육안 미관찰","추가 교반 없음","30","DEMO-V01","DEMO 회전식 점도계","DEMO-S1","DEMO-600","400","표시 준수","유효 기록 확인","적합 기록 확인","완료","완료","60","60","48","1200","mPa·s","합성 데이터; 물성 예측 아님; seed=20261002"
"PA-264","PA-264-M3","PA-264-S3","3","2026-09-12T00:03:00Z","POLY-A","DEMO-P1 (가상)","정제수 (가상 기록)","10","990","1","40","300","20","물 → 고분자, 가상 절차","육안 덩어리 미관찰","육안; 위치별 농도 분석 미실시","23","2","25","완료","육안 미관찰","추가 교반 없음","30","DEMO-V01","DEMO 회전식 점도계","DEMO-S1","DEMO-600","400","표시 준수","유효 기록 확인","적합 기록 확인","완료","완료","60","60","57","1210","mPa·s","합성 데이터; 물성 예측 아님; seed=20261002"
"PA-264","PA-264-M4","PA-264-S4","4","2026-09-12T00:04:00Z","POLY-A","DEMO-P1 (가상)","정제수 (가상 기록)","10","990","1","40","300","20","물 → 고분자, 가상 절차","육안 덩어리 미관찰","육안; 위치별 농도 분석 미실시","23","2","25","완료","육안 미관찰","추가 교반 없음","30","DEMO-V01","DEMO 회전식 점도계","DEMO-S1","DEMO-600","400","표시 준수","유효 기록 확인","적합 기록 확인","완료","완료","60","60","46","1184","cP","합성 데이터; 물성 예측 아님; seed=20261002"
"PA-265","PA-265-M1","PA-265-S1","1","2026-09-12T01:01:00Z","POLY-A","DEMO-P1 (가상)","정제수 (가상 기록)","10","990","1","45","300","20","물 → 고분자, 가상 절차","육안 덩어리 미관찰","육안; 위치별 농도 분석 미실시","23","2","25","완료","육안 미관찰","추가 교반 없음","30","DEMO-V01","DEMO 회전식 점도계","DEMO-S1","DEMO-600","400","표시 준수","유효 기록 확인","적합 기록 확인","완료","완료","60","60","48","1234","mPa·s","합성 데이터; 물성 예측 아님; seed=20261002"
"PA-265","PA-265-M2","PA-265-S2","2","2026-09-12T01:02:00Z","POLY-A","DEMO-P1 (가상)","정제수 (가상 기록)","10","990","1","45","300","20","물 → 고분자, 가상 절차","육안 덩어리 미관찰","육안; 위치별 농도 분석 미실시","23","2","25","완료","육안 미관찰","추가 교반 없음","30","DEMO-V01","DEMO 회전식 점도계","DEMO-S1","DEMO-600","400","표시 준수","유효 기록 확인","적합 기록 확인","완료","완료","60","60","45","1238","mPa·s","합성 데이터; 물성 예측 아님; seed=20261002"
"PA-265","PA-265-M3","PA-265-S3","3","2026-09-12T01:03:00Z","POLY-A","DEMO-P1 (가상)","정제수 (가상 기록)","10","990","1","45","300","20","물 → 고분자, 가상 절차","육안 덩어리 미관찰","육안; 위치별 농도 분석 미실시","23","2","25","완료","육안 미관찰","추가 교반 없음","30","DEMO-V01","DEMO 회전식 점도계","DEMO-S1","DEMO-600","400","표시 준수","유효 기록 확인","적합 기록 확인","완료","완료","60","60","57","1250","mPa·s","합성 데이터; 물성 예측 아님; seed=20261002"
"PA-265","PA-265-M4","PA-265-S4","4","2026-09-12T01:04:00Z","POLY-A","DEMO-P1 (가상)","정제수 (가상 기록)","10","990","1","45","300","20","물 → 고분자, 가상 절차","육안 덩어리 미관찰","육안; 위치별 농도 분석 미실시","23","2","25","완료","육안 미관찰","추가 교반 없음","30","DEMO-V01","DEMO 회전식 점도계","DEMO-S1","DEMO-600","400","표시 준수","유효 기록 확인","적합 기록 확인","완료","완료","60","60","60","1258","cP","합성 데이터; 물성 예측 아님; seed=20261002"
"PA-266","PA-266-M1","PA-266-S1","1","2026-09-12T02:01:00Z","POLY-A","DEMO-P1 (가상)","정제수 (가상 기록)","10","990","1","40","300","20","물 → 고분자, 가상 절차","육안 덩어리 미관찰","육안; 위치별 농도 분석 미실시","23","2","28","완료","육안 미관찰","추가 교반 없음","30","DEMO-V01","DEMO 회전식 점도계","DEMO-S1","DEMO-600","400","표시 준수","유효 기록 확인","적합 기록 확인","완료","완료","60","60","47","1209","mPa·s","합성 데이터; 물성 예측 아님; seed=20261002"
"PA-266","PA-266-M2","PA-266-S2","2","2026-09-12T02:02:00Z","POLY-A","DEMO-P1 (가상)","정제수 (가상 기록)","10","990","1","40","300","20","물 → 고분자, 가상 절차","육안 덩어리 미관찰","육안; 위치별 농도 분석 미실시","23","2","25","완료","육안 미관찰","추가 교반 없음","30","DEMO-V01","DEMO 회전식 점도계","DEMO-S1","DEMO-600","400","표시 준수","유효 기록 확인","적합 기록 확인","완료","완료","30","60","49","1243","mPa·s","합성 데이터; 물성 예측 아님; seed=20261002"
"PA-266","PA-266-M3","PA-266-S3","3","2026-09-12T02:03:00Z","POLY-A","DEMO-P1 (가상)","정제수 (가상 기록)","10","990","1","40","300","20","물 → 고분자, 가상 절차","육안 덩어리 미관찰","육안; 위치별 농도 분석 미실시","23","2","25","완료","육안 미관찰","추가 교반 없음","30","DEMO-V01","DEMO 회전식 점도계","DEMO-S2","DEMO-600","400","표시 준수","유효 기록 확인","적합 기록 확인","완료","완료","60","60","53","1227","mPa·s","합성 데이터; 물성 예측 아님; seed=20261002"
"PA-266","PA-266-M4","PA-266-S4","4","2026-09-12T02:04:00Z","POLY-A","DEMO-P1 (가상)","정제수 (가상 기록)","10","990","1","40","300","20","물 → 고분자, 가상 절차","육안 덩어리 미관찰","육안; 위치별 농도 분석 미실시","23","2","25","완료","육안 미관찰","추가 교반 없음","30","DEMO-V01","DEMO 회전식 점도계","DEMO-S1","DEMO-600","400","표시 준수","유효 기록 확인","적합 기록 확인","완료","완료","60","20","48","1227","cP","합성 데이터; 물성 예측 아님; seed=20261002"
"PA-267","PA-267-M1","PA-267-S1","1","2026-09-12T03:01:00Z","POLY-A","DEMO-P1 (가상)","정제수 (가상 기록)","10","990","1","40","300","20","물 → 고분자, 가상 절차","육안 덩어리 미관찰","육안; 위치별 농도 분석 미실시","23","2","","완료","육안 미관찰","추가 교반 없음","30","DEMO-V01","DEMO 회전식 점도계","DEMO-S1","DEMO-600","400","표시 준수","유효 기록 확인","적합 기록 확인","완료","완료","60","60","62","1200","mPa·s","합성 데이터; 물성 예측 아님; seed=20261002"
"PA-267","PA-267-M2","PA-267-S2","2","2026-09-12T03:02:00Z","POLY-A","DEMO-P1 (가상)","정제수 (가상 기록)","10","990","1","40","300","20","물 → 고분자, 가상 절차","육안 덩어리 미관찰","육안; 위치별 농도 분석 미실시","23","2","25","완료","육안 미관찰","추가 교반 없음","30","DEMO-V01","DEMO 회전식 점도계","DEMO-S1","DEMO-600","400","표시 준수","유효 기록 확인","적합 기록 확인","완료","완료","","60","60","1219","mPa·s","합성 데이터; 물성 예측 아님; seed=20261002"
"PA-267","PA-267-M3","PA-267-S3","3","2026-09-12T03:03:00Z","POLY-A","DEMO-P1 (가상)","정제수 (가상 기록)","10","990","1","40","300","20","물 → 고분자, 가상 절차","육안 덩어리 미관찰","육안; 위치별 농도 분석 미실시","23","2","25","완료","육안 미관찰","추가 교반 없음","30","DEMO-V01","DEMO 회전식 점도계","DEMO-S1","DEMO-600","400","표시 준수","유효 기록 확인","적합 기록 확인","완료","완료","60","60","51","","mPa·s","합성 데이터; 물성 예측 아님; seed=20261002"
"PA-267","PA-267-M4","PA-267-S4","4","2026-09-12T03:04:00Z","POLY-A","DEMO-P1 (가상)","정제수 (가상 기록)","10","990","1","40","300","20","물 → 고분자, 가상 절차","육안 덩어리 미관찰","육안; 위치별 농도 분석 미실시","23","2","25","","육안 미관찰","추가 교반 없음","30","DEMO-V01","DEMO 회전식 점도계","DEMO-S1","DEMO-600","400","표시 준수","유효 기록 확인","적합 기록 확인","완료","완료","60","60","48","1223","cP","합성 데이터; 물성 예측 아님; seed=20261002"
"PA-268","PA-268-M1","PA-268-S1","1","2026-09-12T04:01:00Z","POLY-A","DEMO-P1 (가상)","정제수 (가상 기록)","10","990","1","40","300","20","물 → 고분자, 가상 절차","육안 덩어리 미관찰","육안; 위치별 농도 분석 미실시","23","2","25","완료","육안 미관찰","추가 교반 없음","30","DEMO-V01","DEMO 회전식 점도계","DEMO-S1","DEMO-600","400","표시 준수","유효 기록 확인","적합 기록 확인","완료","완료","60","60","47","850","mPa·s","합성 데이터; 물성 예측 아님; seed=20261002"
"PA-268","PA-268-M2","PA-268-S2","2","2026-09-12T04:02:00Z","POLY-A","DEMO-P1 (가상)","정제수 (가상 기록)","10","990","1","40","300","20","물 → 고분자, 가상 절차","육안 덩어리 미관찰","육안; 위치별 농도 분석 미실시","23","2","25","완료","육안 미관찰","추가 교반 없음","30","DEMO-V01","DEMO 회전식 점도계","DEMO-S1","DEMO-600","400","표시 준수","유효 기록 확인","적합 기록 확인","완료","완료","60","60","48","1680","mPa·s","합성 데이터; 물성 예측 아님; seed=20261002"
"PA-268","PA-268-M3","PA-268-S3","3","2026-09-12T04:03:00Z","POLY-A","DEMO-P1 (가상)","정제수 (가상 기록)","10","990","1","40","300","20","물 → 고분자, 가상 절차","육안 덩어리 미관찰","육안; 위치별 농도 분석 미실시","23","2","25","완료","육안 미관찰","추가 교반 없음","30","DEMO-V01","DEMO 회전식 점도계","DEMO-S1","DEMO-600","400","표시 준수","유효 기록 확인","적합 기록 확인","완료","완료","60","60","53","850","mPa·s","합성 데이터; 물성 예측 아님; seed=20261002"
"PA-268","PA-268-M4","PA-268-S4","4","2026-09-12T04:04:00Z","POLY-A","DEMO-P1 (가상)","정제수 (가상 기록)","10","990","1","40","300","20","물 → 고분자, 가상 절차","육안 덩어리 미관찰","육안; 위치별 농도 분석 미실시","23","2","25","완료","육안 미관찰","추가 교반 없음","30","DEMO-V01","DEMO 회전식 점도계","DEMO-S1","DEMO-600","400","표시 준수","유효 기록 확인","적합 기록 확인","완료","완료","60","60","64","1680","cP","합성 데이터; 물성 예측 아님; seed=20261002"
"PA-269","PA-269-M1","PA-269-S1","1","2026-09-12T05:01:00Z","POLY-A","DEMO-P1 (가상)","정제수 (가상 기록)","10","990","1","40","300","20","물 → 고분자, 가상 절차","육안 덩어리 미관찰","육안; 위치별 농도 분석 미실시","23","2","25","완료","관찰됨","추가 교반 없음","30","DEMO-V01","DEMO 회전식 점도계","DEMO-S1","DEMO-600","400","표시 준수","유효 기록 확인","적합 기록 확인","완료","완료","60","60","48","1238","mPa·s","합성 데이터; 물성 예측 아님; seed=20261002"
"PA-269","PA-269-M2","PA-269-S2","2","2026-09-12T05:02:00Z","POLY-A","DEMO-P1 (가상)","정제수 (가상 기록)","10","990","1","40","300","20","물 → 고분자, 가상 절차","육안 덩어리 미관찰","육안; 위치별 농도 분석 미실시","23","2","25","미확인","육안 미관찰","추가 교반 없음","30","DEMO-V01","DEMO 회전식 점도계","DEMO-S1","DEMO-600","400","표시 준수","유효 기록 확인","적합 기록 확인","완료","완료","60","60","55","1265","mPa·s","합성 데이터; 물성 예측 아님; seed=20261002"
"PA-269","PA-269-M3","PA-269-S3","3","2026-09-12T05:03:00Z","POLY-A","DEMO-P1 (가상)","정제수 (가상 기록)","10","990","1","40","300","20","물 → 고분자, 가상 절차","육안 덩어리 미관찰","육안; 위치별 농도 분석 미실시","23","2","25","완료","육안 미관찰","추가 교반 없음","30","DEMO-V01","DEMO 회전식 점도계","DEMO-S1","DEMO-600","400","미준수","유효 기록 확인","적합 기록 확인","완료","완료","60","60","60","1240","mPa·s","합성 데이터; 물성 예측 아님; seed=20261002"
"PA-269","PA-269-M4","PA-269-S4","4","2026-09-12T05:04:00Z","POLY-A","DEMO-P1 (가상)","정제수 (가상 기록)","10","990","1","40","300","20","물 → 고분자, 가상 절차","육안 덩어리 미관찰","육안; 위치별 농도 분석 미실시","23","2","25","완료","육안 미관찰","추가 교반 없음","30","DEMO-V01","DEMO 회전식 점도계","DEMO-S1","DEMO-600","400","표시 준수","유효 기록 확인","적합 기록 확인","완료","완료","60","60","5","1239","cP","합성 데이터; 물성 예측 아님; seed=20261002"
"PA-270","PA-270-M1","PA-270-S1","1","2026-09-12T06:01:00Z","POLY-A","DEMO-P1 (가상)","정제수 (가상 기록)","10","990","1","45","300","20","물 → 고분자, 가상 절차","육안 덩어리 미관찰","육안; 위치별 농도 분석 미실시","23","2","28","완료","육안 미관찰","추가 교반 없음","30","DEMO-V01","DEMO 회전식 점도계","DEMO-S1","DEMO-600","400","표시 준수","유효 기록 확인","적합 기록 확인","완료","완료","60","60","54","1750","mPa·s","합성 데이터; 물성 예측 아님; seed=20261002"
"PA-270","PA-270-M2","PA-270-S2","2","2026-09-12T06:02:00Z","POLY-A","DEMO-P1 (가상)","정제수 (가상 기록)","10","990","1","45","300","20","물 → 고분자, 가상 절차","육안 덩어리 미관찰","육안; 위치별 농도 분석 미실시","23","2","28","완료","육안 미관찰","추가 교반 없음","30","DEMO-V01","DEMO 회전식 점도계","DEMO-S1","DEMO-600","400","표시 준수","유효 기록 확인","적합 기록 확인","완료","완료","60","60","52","1750","mPa·s","합성 데이터; 물성 예측 아님; seed=20261002"
"PA-270","PA-270-M3","PA-270-S3","3","2026-09-12T06:03:00Z","POLY-A","DEMO-P1 (가상)","정제수 (가상 기록)","10","990","1","45","300","20","물 → 고분자, 가상 절차","육안 덩어리 미관찰","육안; 위치별 농도 분석 미실시","23","2","28","완료","육안 미관찰","추가 교반 없음","30","DEMO-V01","DEMO 회전식 점도계","DEMO-S1","DEMO-600","400","표시 준수","유효 기록 확인","적합 기록 확인","완료","완료","60","60","59","1750","mPa·s","합성 데이터; 물성 예측 아님; seed=20261002"
"PA-270","PA-270-M4","PA-270-S4","4","2026-09-12T06:04:00Z","POLY-A","DEMO-P1 (가상)","정제수 (가상 기록)","10","990","1","45","300","20","물 → 고분자, 가상 절차","육안 덩어리 미관찰","육안; 위치별 농도 분석 미실시","23","2","28","완료","육안 미관찰","추가 교반 없음","30","DEMO-V01","DEMO 회전식 점도계","DEMO-S1","DEMO-600","400","표시 준수","유효 기록 확인","적합 기록 확인","완료","완료","60","60","56","1750","cP","합성 데이터; 물성 예측 아님; seed=20261002"